Epoch,Scenario,DeviceID,HMM_State,AnomalyScore,BehavioralTrust,TrustScore,GraphRisk,FinalRisk,Triggered,TriggerReason,Quarantined,DetectionEpoch
1,Normal Usage,phone,Idle,0.0939,0.9061,0.98,0.064,0.0819,False,trust-compliant,False,
1,Normal Usage,laptop,Idle,0.0823,0.9177,0.98,0.023,0.0586,False,trust-compliant,False,
2,Normal Usage,phone,Idle,0.0,1.0,0.9687,0.018,0.5664,False,trust-compliant,False,
2,Normal Usage,laptop,Normal,0.0,1.0,0.9723,0.018,0.5655,False,trust-compliant,False,
3,Normal Usage,phone,Normal,0.0,1.0,0.9608,0.018,0.5684,False,trust-compliant,False,
3,Normal Usage,laptop,Idle,0.0,1.0,0.9829,0.018,0.5629,False,trust-compliant,False,
4,Normal Usage,phone,Normal,0.0,1.0,0.9553,0.018,0.5697,False,trust-compliant,False,
4,Normal Usage,laptop,Idle,0.0,1.0,0.9741,0.018,0.5651,False,trust-compliant,False,
5,Normal Usage,phone,Normal,0.0,1.0,0.9515,0.018,0.5706,False,trust-compliant,False,
5,Normal Usage,laptop,Normal,0.0,1.0,0.9686,0.018,0.5665,False,trust-compliant,False,
6,Normal Usage,phone,Idle,0.0,1.0,0.9488,0.018,0.5713,False,trust-compliant,False,
6,Normal Usage,laptop,Idle,0.0,1.0,0.9653,0.018,0.5673,False,trust-compliant,False,
7,Normal Usage,phone,Normal,0.0,1.0,0.9644,0.018,0.5675,False,trust-compliant,False,
7,Normal Usage,laptop,Normal,0.0,1.0,0.9786,0.018,0.564,False,trust-compliant,False,
8,Normal Usage,phone,Normal,0.0,1.0,0.9578,0.018,0.5691,False,trust-compliant,False,
8,Normal Usage,laptop,Normal,0.0,1.0,0.9868,0.018,0.562,False,trust-compliant,False,
9,Normal Usage,phone,Normal,0.0,1.0,0.9532,0.018,0.5702,False,trust-compliant,False,
9,Normal Usage,laptop,Normal,0.0,1.0,0.9919,0.018,0.5607,False,trust-compliant,False,
10,Normal Usage,phone,Normal,0.0,1.0,0.9674,0.018,0.5667,False,trust-compliant,False,
10,Normal Usage,laptop,Normal,0.0,1.0,0.995,0.018,0.56,False,trust-compliant,False,
11,Normal Usage,phone,Normal,0.0,1.0,0.9778,0.018,0.5642,False,Device is trust-compliant.,False,
11,Normal Usage,laptop,Normal,0.0,1.0,0.997,0.018,0.5595,False,Device is trust-compliant.,False,
12,Normal Usage,phone,Normal,0.0,1.0,0.9849,0.018,0.5624,False,Device is trust-compliant.,False,
12,Normal Usage,laptop,Normal,0.0,1.0,0.9982,0.018,0.5592,False,Device is trust-compliant.,False,
13,Normal Usage,phone,Normal,0.0,1.0,0.9895,0.018,0.5613,False,Device is trust-compliant.,False,
13,Normal Usage,laptop,Normal,0.0,1.0,0.9989,0.018,0.559,False,Device is trust-compliant.,False,
14,Normal Usage,phone,Normal,0.0,1.0,0.9929,0.018,0.5605,False,Device is trust-compliant.,False,
14,Normal Usage,laptop,Normal,0.0,1.0,0.9993,0.018,0.5589,False,Device is trust-compliant.,False,
15,Normal Usage,phone,Normal,0.0,1.0,0.9952,0.018,0.5599,False,Device is trust-compliant.,False,
15,Normal Usage,laptop,Normal,0.0,1.0,0.9996,0.018,0.5588,False,Device is trust-compliant.,False,
16,Normal Usage,phone,Normal,0.0,1.0,0.9967,0.018,0.5595,False,Device is trust-compliant.,False,
16,Normal Usage,laptop,Normal,0.0,1.0,0.9998,0.018,0.5588,False,Device is trust-compliant.,False,
17,Normal Usage,phone,Normal,0.0,1.0,0.9977,0.018,0.5593,False,Device is trust-compliant.,False,
17,Normal Usage,laptop,Normal,0.0,1.0,0.9999,0.018,0.5588,False,Device is trust-compliant.,False,
18,Normal Usage,phone,Normal,0.0,1.0,0.9984,0.018,0.5591,False,Device is trust-compliant.,False,
18,Normal Usage,laptop,Normal,0.0,1.0,0.9999,0.018,0.5588,False,Device is trust-compliant.,False,
19,Normal Usage,phone,Normal,0.0,1.0,0.9989,0.018,0.559,False,Device is trust-compliant.,False,
19,Normal Usage,laptop,Normal,0.0,1.0,0.9999,0.018,0.5588,False,Device is trust-compliant.,False,
20,Normal Usage,phone,Normal,0.0,1.0,0.9993,0.018,0.5589,False,Device is trust-compliant.,False,
20,Normal Usage,laptop,Normal,0.0,1.0,0.9999,0.018,0.5588,False,Device is trust-compliant.,False,
21,Normal Usage,phone,Normal,0.0,1.0,0.9995,0.018,0.5589,False,Device is trust-compliant.,False,
21,Normal Usage,laptop,Normal,0.0,1.0,0.9999,0.018,0.5588,False,Device is trust-compliant.,False,
22,Normal Usage,phone,Normal,0.0,1.0,0.9997,0.018,0.5588,False,Device is trust-compliant.,False,
22,Normal Usage,laptop,Normal,0.0,1.0,0.9849,0.018,0.5624,False,Device is trust-compliant.,False,
23,Normal Usage,phone,Normal,0.0,1.0,0.9998,0.018,0.5588,False,Device is trust-compliant.,False,
23,Normal Usage,laptop,Normal,0.0,1.0,0.9909,0.018,0.561,False,Device is trust-compliant.,False,
24,Normal Usage,phone,Idle,0.0,1.0,0.9999,0.018,0.5588,False,Device is trust-compliant.,False,
24,Normal Usage,laptop,Idle,0.0,1.0,0.9795,0.018,0.5638,False,Device is trust-compliant.,False,
25,Normal Usage,phone,Normal,0.0,1.0,0.9829,0.018,0.5629,False,Device is trust-compliant.,False,
25,Normal Usage,laptop,Idle,0.0,1.0,0.9727,0.018,0.5654,False,Device is trust-compliant.,False,
26,Normal Usage,phone,Normal,0.0,1.0,0.9714,0.018,0.5658,False,Device is trust-compliant.,False,
26,Normal Usage,laptop,Normal,0.0,1.0,0.9686,0.018,0.5665,False,Device is trust-compliant.,False,
27,Normal Usage,phone,Idle,0.0,1.0,0.9636,0.018,0.5677,False,Device is trust-compliant.,False,
27,Normal Usage,laptop,Idle,0.0,1.0,0.9812,0.018,0.5634,False,Device is trust-compliant.,False,
28,Normal Usage,phone,Normal,0.0,1.0,0.9582,0.018,0.569,False,Device is trust-compliant.,False,
28,Normal Usage,laptop,Idle,0.0,1.0,0.9737,0.018,0.5652,False,Device is trust-compliant.,False,
29,Normal Usage,phone,Normal,0.0,1.0,0.9546,0.018,0.5699,False,Device is trust-compliant.,False,
29,Normal Usage,laptop,Idle,0.0,1.0,0.9692,0.018,0.5663,False,Device is trust-compliant.,False,
30,Normal Usage,phone,Idle,0.0,1.0,0.9521,0.018,0.5705,False,Device is trust-compliant.,False,
30,Normal Usage,laptop,Idle,0.0,1.0,0.9665,0.018,0.567,False,Device is trust-compliant.,False,
31,Normal Usage,phone,Normal,0.0,1.0,0.9504,0.018,0.5709,False,Device is trust-compliant.,False,
31,Normal Usage,laptop,Normal,0.0,1.0,0.9799,0.018,0.5637,False,Device is trust-compliant.,False,
32,Normal Usage,phone,Normal,0.0,1.0,0.9493,0.018,0.5712,False,Device is trust-compliant.,False,
32,Normal Usage,laptop,Normal,0.0,1.0,0.9729,0.018,0.5654,False,Device is trust-compliant.,False,
33,Normal Usage,phone,Normal,0.0,1.0,0.9655,0.018,0.5672,False,Device is trust-compliant.,False,
33,Normal Usage,laptop,Normal,0.0,1.0,0.9833,0.018,0.5628,False,Device is trust-compliant.,False,
34,Normal Usage,phone,Normal,0.0,1.0,0.9085,0.018,0.5812,False,Device is trust-compliant.,False,
34,Normal Usage,laptop,Normal,0.0,1.0,0.9897,0.018,0.5613,False,Device is trust-compliant.,False,
35,Normal Usage,phone,Normal,0.0,1.0,0.9363,0.018,0.5744,False,Device is trust-compliant.,False,
35,Normal Usage,laptop,Normal,0.0,1.0,0.9937,0.018,0.5603,False,Device is trust-compliant.,False,
36,Normal Usage,phone,Normal,0.0,1.0,0.9557,0.018,0.5696,False,Device is trust-compliant.,False,
36,Normal Usage,laptop,Normal,0.0,1.0,0.9962,0.018,0.5597,False,Device is trust-compliant.,False,
37,Normal Usage,phone,Normal,0.0,1.0,0.9692,0.018,0.5663,False,Device is trust-compliant.,False,
37,Normal Usage,laptop,Normal,0.0,1.0,0.9977,0.018,0.5593,False,Device is trust-compliant.,False,
38,Normal Usage,phone,Normal,0.0,1.0,0.9786,0.018,0.564,False,Device is trust-compliant.,False,
38,Normal Usage,laptop,Normal,0.0,1.0,0.9386,0.018,0.5738,False,Device is trust-compliant.,False,
39,Normal Usage,phone,Normal,0.0,1.0,0.9851,0.018,0.5624,False,Device is trust-compliant.,False,
39,Normal Usage,laptop,Normal,0.0,1.0,0.9482,0.018,0.5715,False,Device is trust-compliant.,False,
40,Normal Usage,phone,Normal,0.0,1.0,0.9896,0.018,0.5613,False,Device is trust-compliant.,False,
40,Normal Usage,laptop,Normal,0.0,1.0,0.9539,0.018,0.5701,False,Device is trust-compliant.,False,
1,Normal Usage,phone,Idle,0.0782,0.9218,0.98,0.0401,0.063,False,trust-compliant,False,
1,Normal Usage,laptop,Idle,0.1157,0.8843,0.98,0.0136,0.0749,False,trust-compliant,False,
2,Normal Usage,phone,Normal,0.0,1.0,0.9687,0.018,0.5664,False,trust-compliant,False,
2,Normal Usage,laptop,Normal,0.0,1.0,0.9877,0.018,0.5618,False,trust-compliant,False,
3,Normal Usage,phone,Normal,0.0,1.0,0.9608,0.018,0.5684,False,trust-compliant,False,
3,Normal Usage,laptop,Idle,0.0,1.0,0.977,0.018,0.5644,False,trust-compliant,False,
4,Normal Usage,phone,Idle,0.0,1.0,0.9553,0.018,0.5697,False,trust-compliant,False,
4,Normal Usage,laptop,Idle,0.0,1.0,0.9704,0.018,0.566,False,trust-compliant,False,
5,Normal Usage,phone,Normal,0.0,1.0,0.9689,0.018,0.5664,False,trust-compliant,False,
5,Normal Usage,laptop,Normal,0.0,1.0,0.9664,0.018,0.567,False,trust-compliant,False,
6,Normal Usage,phone,Idle,0.0,1.0,0.961,0.018,0.5683,False,trust-compliant,False,
6,Normal Usage,laptop,Normal,0.0,1.0,0.9639,0.018,0.5676,False,trust-compliant,False,
7,Normal Usage,phone,Normal,0.0,1.0,0.9555,0.018,0.5697,False,trust-compliant,False,
7,Normal Usage,laptop,Normal,0.0,1.0,0.9778,0.018,0.5642,False,trust-compliant,False,
8,Normal Usage,phone,Normal,0.0,1.0,0.9516,0.018,0.5706,False,trust-compliant,False,
8,Normal Usage,laptop,Normal,0.0,1.0,0.9709,0.018,0.5659,False,trust-compliant,False,
9,Normal Usage,phone,Normal,0.0,1.0,0.9663,0.018,0.567,False,trust-compliant,False,
9,Normal Usage,laptop,Normal,0.0,1.0,0.9821,0.018,0.5631,False,trust-compliant,False,
10,Normal Usage,phone,Normal,0.0,1.0,0.9591,0.018,0.5688,False,trust-compliant,False,
10,Normal Usage,laptop,Normal,0.0,1.0,0.9736,0.018,0.5652,False,trust-compliant,False,
11,Normal Usage,phone,Normal,0.0,1.0,0.9715,0.018,0.5657,False,Device is trust-compliant.,False,
11,Normal Usage,laptop,Normal,0.0,1.0,0.9837,0.018,0.5627,False,Device is trust-compliant.,False,
12,Normal Usage,phone,Normal,0.0,1.0,0.9636,0.018,0.5677,False,Device is trust-compliant.,False,
12,Normal Usage,laptop,Normal,0.0,1.0,0.99,0.018,0.5612,False,Device is trust-compliant.,False,
13,Normal Usage,phone,Normal,0.0,1.0,0.9582,0.018,0.569,False,Device is trust-compliant.,False,
13,Normal Usage,laptop,Normal,0.0,1.0,0.9784,0.018,0.564,False,Device is trust-compliant.,False,
14,Normal Usage,phone,Normal,0.0,1.0,0.9716,0.018,0.5657,False,Device is trust-compliant.,False,
14,Normal Usage,laptop,Normal,0.0,1.0,0.987,0.018,0.5619,False,Device is trust-compliant.,False,
15,Normal Usage,phone,Normal,0.0,1.0,0.9807,0.018,0.5635,False,Device is trust-compliant.,False,
15,Normal Usage,laptop,Normal,0.0,1.0,0.992,0.018,0.5607,False,Device is trust-compliant.,False,
16,Normal Usage,phone,Normal,0.0,1.0,0.9699,0.018,0.5661,False,Device is trust-compliant.,False,
16,Normal Usage,laptop,Normal,0.0,1.0,0.9951,0.018,0.5599,False,Device is trust-compliant.,False,
17,Normal Usage,phone,Normal,0.0,1.0,0.9795,0.018,0.5638,False,Device is trust-compliant.,False,
17,Normal Usage,laptop,Normal,0.0,1.0,0.9816,0.018,0.5633,False,Device is trust-compliant.,False,
18,Normal Usage,phone,Normal,0.0,1.0,0.9861,0.018,0.5622,False,Device is trust-compliant.,False,
18,Normal Usage,laptop,Normal,0.0,1.0,0.9733,0.018,0.5653,False,Device is trust-compliant.,False,
19,Normal Usage,phone,Normal,0.0,1.0,0.9905,0.018,0.5611,False,Device is trust-compliant.,False,
19,Normal Usage,laptop,Normal,0.0,1.0,0.9682,0.018,0.5666,False,Device is trust-compliant.,False,
20,Normal Usage,phone,Normal,0.0,1.0,0.9934,0.018,0.5604,False,Device is trust-compliant.,False,
20,Normal Usage,laptop,Normal,0.0,1.0,0.9188,0.018,0.5786,False,Device is trust-compliant.,False,
21,Normal Usage,phone,Normal,0.0,1.0,0.9955,0.018,0.5598,False,Device is trust-compliant.,False,
21,Normal Usage,laptop,Normal,0.0,1.0,0.9346,0.018,0.5748,False,Device is trust-compliant.,False,
22,Normal Usage,phone,Normal,0.0,1.0,0.9799,0.018,0.5637,False,Device is trust-compliant.,False,
22,Normal Usage,laptop,Normal,0.0,1.0,0.9443,0.018,0.5724,False,Device is trust-compliant.,False,
23,Normal Usage,phone,Normal,0.0,1.0,0.9863,0.018,0.5621,False,Device is trust-compliant.,False,
23,Normal Usage,laptop,Normal,0.0,1.0,0.9503,0.018,0.5709,False,Device is trust-compliant.,False,
24,Normal Usage,phone,Normal,0.0,1.0,0.9737,0.018,0.5652,False,Device is trust-compliant.,False,
24,Normal Usage,laptop,Normal,0.0,1.0,0.954,0.018,0.57,False,Device is trust-compliant.,False,
25,Normal Usage,phone,Normal,0.0,1.0,0.9651,0.018,0.5673,False,Device is trust-compliant.,False,
25,Normal Usage,laptop,Normal,0.0,1.0,0.9563,0.018,0.5695,False,Device is trust-compliant.,False,
26,Normal Usage,phone,Normal,0.0,1.0,0.9593,0.018,0.5687,False,Device is trust-compliant.,False,
26,Normal Usage,laptop,Normal,0.0,1.0,0.9577,0.018,0.5691,False,Device is trust-compliant.,False,
27,Normal Usage,phone,Normal,0.0,1.0,0.9553,0.018,0.5697,False,Device is trust-compliant.,False,
27,Normal Usage,laptop,Normal,0.0,1.0,0.9585,0.018,0.5689,False,Device is trust-compliant.,False,
28,Normal Usage,phone,Idle,0.0,1.0,0.9526,0.018,0.5704,False,Device is trust-compliant.,False,
28,Normal Usage,laptop,Normal,0.0,1.0,0.959,0.018,0.5688,False,Device is trust-compliant.,False,
29,Normal Usage,phone,Idle,0.0,1.0,0.9508,0.018,0.5708,False,Device is trust-compliant.,False,
29,Normal Usage,laptop,Normal,0.0,1.0,0.9747,0.018,0.565,False,Device is trust-compliant.,False,
30,Normal Usage,phone,Idle,0.0,1.0,0.9665,0.018,0.567,False,Device is trust-compliant.,False,
30,Normal Usage,laptop,Normal,0.0,1.0,0.969,0.018,0.5664,False,Device is trust-compliant.,False,
31,Normal Usage,phone,Normal,0.0,1.0,0.9772,0.018,0.5643,False,Device is trust-compliant.,False,
31,Normal Usage,laptop,Normal,0.0,1.0,0.9193,0.018,0.5785,False,Device is trust-compliant.,False,
32,Normal Usage,phone,Normal,0.0,1.0,0.9675,0.018,0.5667,False,Device is trust-compliant.,False,
32,Normal Usage,laptop,Normal,0.0,1.0,0.9349,0.018,0.5747,False,Device is trust-compliant.,False,
33,Normal Usage,phone,Normal,0.0,1.0,0.96,0.018,0.5686,False,Device is trust-compliant.,False,
33,Normal Usage,laptop,Normal,0.0,1.0,0.9459,0.018,0.572,False,Device is trust-compliant.,False,
34,Normal Usage,phone,Normal,0.0,1.0,0.9722,0.018,0.5656,False,Device is trust-compliant.,False,
34,Normal Usage,laptop,Normal,0.0,1.0,0.9675,0.018,0.5667,False,Device is trust-compliant.,False,
35,Normal Usage,phone,Normal,0.0,1.0,0.9811,0.018,0.5634,False,Device is trust-compliant.,False,
35,Normal Usage,laptop,Normal,0.0,1.0,0.98,0.018,0.5637,False,Device is trust-compliant.,False,
36,Normal Usage,phone,Normal,0.0,1.0,0.9868,0.018,0.562,False,Device is trust-compliant.,False,
36,Normal Usage,laptop,Normal,0.0,1.0,0.988,0.018,0.5617,False,Device is trust-compliant.,False,
37,Normal Usage,phone,Normal,0.0,1.0,0.9734,0.018,0.5653,False,Device is trust-compliant.,False,
37,Normal Usage,laptop,Normal,0.0,1.0,0.9772,0.018,0.5643,False,Device is trust-compliant.,False,
38,Normal Usage,phone,Normal,0.0,1.0,0.9815,0.018,0.5633,False,Device is trust-compliant.,False,
38,Normal Usage,laptop,Normal,0.0,1.0,0.986,0.018,0.5622,False,Device is trust-compliant.,False,
39,Normal Usage,phone,Normal,0.0,1.0,0.9697,0.018,0.5662,False,Device is trust-compliant.,False,
39,Normal Usage,laptop,Normal,0.0,1.0,0.9914,0.018,0.5608,False,Device is trust-compliant.,False,
40,Normal Usage,phone,Normal,0.0,1.0,0.9789,0.018,0.5639,False,Device is trust-compliant.,False,
40,Normal Usage,laptop,Normal,0.0,1.0,0.9798,0.018,0.5637,False,Device is trust-compliant.,False,
1,Normal Usage,phone,Idle,0.1421,0.8579,0.98,0.0593,0.109,False,trust-compliant,False,
1,Normal Usage,laptop,Idle,0.0514,0.9486,0.98,0.0613,0.0553,False,trust-compliant,False,
2,Normal Usage,phone,Idle,0.0,1.0,0.9687,0.018,0.5664,False,trust-compliant,False,
2,Normal Usage,laptop,Idle,0.0,1.0,0.9723,0.018,0.5655,False,trust-compliant,False,
3,Normal Usage,phone,Idle,0.0,1.0,0.9608,0.018,0.5684,False,trust-compliant,False,
3,Normal Usage,laptop,Idle,0.0,1.0,0.9829,0.018,0.5629,False,trust-compliant,False,
4,Normal Usage,phone,Normal,0.0,1.0,0.9553,0.018,0.5697,False,trust-compliant,False,
4,Normal Usage,laptop,Idle,0.0,1.0,0.9741,0.018,0.5651,False,trust-compliant,False,
5,Normal Usage,phone,Normal,0.0,1.0,0.9515,0.018,0.5706,False,trust-compliant,False,
5,Normal Usage,laptop,Idle,0.0,1.0,0.9686,0.018,0.5665,False,trust-compliant,False,
6,Normal Usage,phone,Normal,0.0,1.0,0.9488,0.018,0.5713,False,trust-compliant,False,
6,Normal Usage,laptop,Idle,0.0,1.0,0.9653,0.018,0.5673,False,trust-compliant,False,
7,Normal Usage,phone,Normal,0.0,1.0,0.947,0.018,0.5718,False,trust-compliant,False,
7,Normal Usage,laptop,Normal,0.0,1.0,0.9786,0.018,0.564,False,trust-compliant,False,
8,Normal Usage,phone,Normal,0.0,1.0,0.9631,0.018,0.5678,False,trust-compliant,False,
8,Normal Usage,laptop,Normal,0.0,1.0,0.9868,0.018,0.562,False,trust-compliant,False,
9,Normal Usage,phone,Normal,0.0,1.0,0.9749,0.018,0.5649,False,trust-compliant,False,
9,Normal Usage,laptop,Normal,0.0,1.0,0.9921,0.018,0.5607,False,trust-compliant,False,
10,Normal Usage,phone,Normal,0.0,1.0,0.9825,0.018,0.563,False,trust-compliant,False,
10,Normal Usage,laptop,Normal,0.0,1.0,0.9953,0.018,0.5599,False,trust-compliant,False,
11,Normal Usage,phone,Normal,0.0,1.0,0.9881,0.018,0.5617,False,Device is trust-compliant.,False,
11,Normal Usage,laptop,Normal,0.0,1.0,0.9971,0.018,0.5594,False,Device is trust-compliant.,False,
12,Normal Usage,phone,Normal,0.0,1.0,0.9919,0.018,0.5607,False,Device is trust-compliant.,False,
12,Normal Usage,laptop,Normal,0.0,1.0,0.9983,0.018,0.5591,False,Device is trust-compliant.,False,
13,Normal Usage,phone,Normal,0.0,1.0,0.9945,0.018,0.5601,False,Device is trust-compliant.,False,
13,Normal Usage,laptop,Normal,0.0,1.0,0.999,0.018,0.559,False,Device is trust-compliant.,False,
14,Normal Usage,phone,Normal,0.0,1.0,0.9963,0.018,0.5596,False,Device is trust-compliant.,False,
14,Normal Usage,laptop,Normal,0.0,1.0,0.9994,0.018,0.5589,False,Device is trust-compliant.,False,
15,Normal Usage,phone,Normal,0.0003,0.9997,0.9974,0.018,0.5595,False,Device is trust-compliant.,False,
15,Normal Usage,laptop,Normal,0.0,1.0,0.9996,0.018,0.5588,False,Device is trust-compliant.,False,
16,Normal Usage,phone,Normal,0.0,1.0,0.9302,0.018,0.5759,False,Device is trust-compliant.,False,
16,Normal Usage,laptop,Normal,0.0,1.0,0.9998,0.018,0.5588,False,Device is trust-compliant.,False,
17,Normal Usage,phone,Normal,0.0,1.0,0.9525,0.018,0.5704,False,Device is trust-compliant.,False,
17,Normal Usage,laptop,Normal,0.0,1.0,0.9999,0.018,0.5588,False,Device is trust-compliant.,False,
18,Normal Usage,phone,Normal,0.0,1.0,0.8997,0.018,0.5833,False,Device is trust-compliant.,False,
18,Normal Usage,laptop,Normal,0.0,1.0,0.9849,0.018,0.5624,False,Device is trust-compliant.,False,
19,Normal Usage,phone,Normal,0.0,1.0,0.9318,0.018,0.5755,False,Device is trust-compliant.,False,
19,Normal Usage,laptop,Normal,0.0,1.0,0.9907,0.018,0.561,False,Device is trust-compliant.,False,
20,Normal Usage,phone,Normal,0.0,1.0,0.9536,0.018,0.5701,False,Device is trust-compliant.,False,
20,Normal Usage,laptop,Normal,0.0,1.0,0.9944,0.018,0.5601,False,Device is trust-compliant.,False,
21,Normal Usage,phone,Normal,0.0,1.0,0.9004,0.018,0.5831,False,Device is trust-compliant.,False,
21,Normal Usage,laptop,Normal,0.0,1.0,0.9366,0.018,0.5743,False,Device is trust-compliant.,False,
22,Normal Usage,phone,Normal,0.0,1.0,0.8643,0.018,0.5919,False,Device is trust-compliant.,False,
22,Normal Usage,laptop,Normal,0.0,1.0,0.902,0.018,0.5827,False,Device is trust-compliant.,False,
23,Normal Usage,phone,Normal,0.0,1.0,0.8397,0.018,0.5978,False,Device is trust-compliant.,False,
23,Normal Usage,laptop,Normal,0.0,1.0,0.9412,0.018,0.5732,False,Device is trust-compliant.,False,
24,Normal Usage,phone,Normal,0.0,1.0,0.823,0.018,0.6018,False,Device is trust-compliant.,False,
24,Normal Usage,laptop,Normal,0.0,1.0,0.9497,0.018,0.5711,False,Device is trust-compliant.,False,
25,Normal Usage,phone,Normal,0.0,1.0,0.8796,0.018,0.5882,False,Device is trust-compliant.,False,
25,Normal Usage,laptop,Normal,0.0,1.0,0.9548,0.018,0.5698,False,Device is trust-compliant.,False,
26,Normal Usage,phone,Normal,0.0,1.0,0.9181,0.018,0.5788,False,Device is trust-compliant.,False,
26,Normal Usage,laptop,Normal,0.0,1.0,0.9729,0.018,0.5654,False,Device is trust-compliant.,False,
27,Normal Usage,phone,Normal,0.0,1.0,0.9443,0.018,0.5724,False,Device is trust-compliant.,False,
27,Normal Usage,laptop,Idle,0.0,1.0,0.9837,0.018,0.5627,False,Device is trust-compliant.,False,
28,Normal Usage,phone,Normal,0.0,1.0,0.9621,0.018,0.5681,False,Device is trust-compliant.,False,
28,Normal Usage,laptop,Normal,0.0,1.0,0.9752,0.018,0.5648,False,Device is trust-compliant.,False,
29,Normal Usage,phone,Normal,0.0,1.0,0.9742,0.018,0.5651,False,Device is trust-compliant.,False,
29,Normal Usage,laptop,Normal,0.0,1.0,0.9701,0.018,0.5661,False,Device is trust-compliant.,False,
30,Normal Usage,phone,Normal,0.0,1.0,0.9825,0.018,0.563,False,Device is trust-compliant.,False,
30,Normal Usage,laptop,Normal,0.0,1.0,0.9671,0.018,0.5668,False,Device is trust-compliant.,False,
31,Normal Usage,phone,Normal,0.0,1.0,0.9881,0.018,0.5617,False,Device is trust-compliant.,False,
31,Normal Usage,laptop,Normal,0.0,1.0,0.9653,0.018,0.5673,False,Device is trust-compliant.,False,
32,Normal Usage,phone,Normal,0.0,1.0,0.9917,0.018,0.5608,False,Device is trust-compliant.,False,
32,Normal Usage,laptop,Normal,0.0,1.0,0.9642,0.018,0.5675,False,Device is trust-compliant.,False,
33,Normal Usage,phone,Normal,0.0,1.0,0.9942,0.018,0.5602,False,Device is trust-compliant.,False,
33,Normal Usage,laptop,Normal,0.0,1.0,0.9185,0.018,0.5787,False,Device is trust-compliant.,False,
34,Normal Usage,phone,Normal,0.0,1.0,0.9961,0.018,0.5597,False,Device is trust-compliant.,False,
34,Normal Usage,laptop,Normal,0.0,1.0,0.9511,0.018,0.5707,False,Device is trust-compliant.,False,
35,Normal Usage,phone,Normal,0.0,1.0,0.9973,0.018,0.5594,False,Device is trust-compliant.,False,
35,Normal Usage,laptop,Normal,0.0,1.0,0.9699,0.018,0.5661,False,Device is trust-compliant.,False,
36,Normal Usage,phone,Normal,0.0,1.0,0.9982,0.018,0.5592,False,Device is trust-compliant.,False,
36,Normal Usage,laptop,Normal,0.0,1.0,0.9815,0.018,0.5633,False,Device is trust-compliant.,False,
37,Normal Usage,phone,Normal,0.0,1.0,0.9988,0.018,0.559,False,Device is trust-compliant.,False,
37,Normal Usage,laptop,Normal,0.0,1.0,0.9886,0.018,0.5615,False,Device is trust-compliant.,False,
38,Normal Usage,phone,Normal,0.0,1.0,0.9992,0.018,0.5589,False,Device is trust-compliant.,False,
38,Normal Usage,laptop,Normal,0.0,1.0,0.9314,0.018,0.5756,False,Device is trust-compliant.,False,
39,Normal Usage,phone,Normal,0.0,1.0,0.982,0.018,0.5632,False,Device is trust-compliant.,False,
39,Normal Usage,laptop,Normal,0.0,1.0,0.9588,0.018,0.5689,False,Device is trust-compliant.,False,
40,Normal Usage,phone,Normal,0.0,1.0,0.9701,0.018,0.5661,False,Device is trust-compliant.,False,
40,Normal Usage,laptop,Normal,0.0,1.0,0.9753,0.018,0.5648,False,Device is trust-compliant.,False,
1,Normal Usage,phone,Idle,0.0555,0.9445,0.98,0.0576,0.0563,False,trust-compliant,False,
1,Normal Usage,laptop,Idle,0.0887,0.9113,0.98,0.0364,0.0678,False,trust-compliant,False,
2,Normal Usage,phone,Normal,0.0,1.0,0.9687,0.018,0.5664,False,trust-compliant,False,
2,Normal Usage,laptop,Idle,0.0,1.0,0.9877,0.018,0.5618,False,trust-compliant,False,
3,Normal Usage,phone,Normal,0.0,1.0,0.9608,0.018,0.5684,False,trust-compliant,False,
3,Normal Usage,laptop,Normal,0.0,1.0,0.977,0.018,0.5644,False,trust-compliant,False,
4,Normal Usage,phone,Idle,0.0,1.0,0.9553,0.018,0.5697,False,trust-compliant,False,
4,Normal Usage,laptop,Normal,0.0,1.0,0.9704,0.018,0.566,False,trust-compliant,False,
5,Normal Usage,phone,Normal,0.0,1.0,0.9515,0.018,0.5706,False,trust-compliant,False,
5,Normal Usage,laptop,Idle,0.0,1.0,0.9664,0.018,0.567,False,trust-compliant,False,
6,Normal Usage,phone,Normal,0.0,1.0,0.9488,0.018,0.5713,False,trust-compliant,False,
6,Normal Usage,laptop,Idle,0.0,1.0,0.9639,0.018,0.5676,False,trust-compliant,False,
7,Normal Usage,phone,Normal,0.0,1.0,0.9644,0.018,0.5675,False,trust-compliant,False,
7,Normal Usage,laptop,Normal,0.0,1.0,0.9624,0.018,0.568,False,trust-compliant,False,
8,Normal Usage,phone,Normal,0.0,1.0,0.9752,0.018,0.5648,False,trust-compliant,False,
8,Normal Usage,laptop,Normal,0.0,1.0,0.9768,0.018,0.5644,False,trust-compliant,False,
9,Normal Usage,phone,Normal,0.0,1.0,0.9831,0.018,0.5629,False,trust-compliant,False,
9,Normal Usage,laptop,Normal,0.0,1.0,0.9861,0.018,0.5622,False,trust-compliant,False,
10,Normal Usage,phone,Normal,0.0,1.0,0.9885,0.018,0.5616,False,trust-compliant,False,
10,Normal Usage,laptop,Normal,0.0,1.0,0.976,0.018,0.5646,False,trust-compliant,False,
11,Normal Usage,phone,Normal,0.0,1.0,0.992,0.018,0.5607,False,Device is trust-compliant.,False,
11,Normal Usage,laptop,Normal,0.0,1.0,0.9852,0.018,0.5624,False,Device is trust-compliant.,False,
12,Normal Usage,phone,Normal,0.0,1.0,0.9946,0.018,0.5601,False,Device is trust-compliant.,False,
12,Normal Usage,laptop,Normal,0.0,1.0,0.9909,0.018,0.561,False,Device is trust-compliant.,False,
13,Normal Usage,phone,Normal,0.0,1.0,0.9963,0.018,0.5596,False,Device is trust-compliant.,False,
13,Normal Usage,laptop,Normal,0.0,1.0,0.979,0.018,0.5639,False,Device is trust-compliant.,False,
14,Normal Usage,phone,Normal,0.0,1.0,0.9975,0.018,0.5593,False,Device is trust-compliant.,False,
14,Normal Usage,laptop,Normal,0.0,1.0,0.9717,0.018,0.5657,False,Device is trust-compliant.,False,
15,Normal Usage,phone,Normal,0.0,1.0,0.9983,0.018,0.5591,False,Device is trust-compliant.,False,
15,Normal Usage,laptop,Normal,0.0,1.0,0.9826,0.018,0.563,False,Device is trust-compliant.,False,
16,Normal Usage,phone,Normal,0.0,1.0,0.9988,0.018,0.559,False,Device is trust-compliant.,False,
16,Normal Usage,laptop,Normal,0.0,1.0,0.9893,0.018,0.5614,False,Device is trust-compliant.,False,
17,Normal Usage,phone,Normal,0.0,1.0,0.9822,0.018,0.5631,False,Device is trust-compliant.,False,
17,Normal Usage,laptop,Normal,0.0,1.0,0.9934,0.018,0.5604,False,Device is trust-compliant.,False,
18,Normal Usage,phone,Normal,0.0,1.0,0.9876,0.018,0.5618,False,Device is trust-compliant.,False,
18,Normal Usage,laptop,Normal,0.0,1.0,0.9959,0.018,0.5597,False,Device is trust-compliant.,False,
19,Normal Usage,phone,Normal,0.0,1.0,0.9914,0.018,0.5608,False,Device is trust-compliant.,False,
19,Normal Usage,laptop,Normal,0.0,1.0,0.9825,0.018,0.563,False,Device is trust-compliant.,False,
20,Normal Usage,phone,Normal,0.0,1.0,0.994,0.018,0.5602,False,Device is trust-compliant.,False,
20,Normal Usage,laptop,Normal,0.0,1.0,0.9738,0.018,0.5652,False,Device is trust-compliant.,False,
21,Normal Usage,phone,Normal,0.0,1.0,0.9958,0.018,0.5598,False,Device is trust-compliant.,False,
21,Normal Usage,laptop,Normal,0.0,1.0,0.9839,0.018,0.5627,False,Device is trust-compliant.,False,
22,Normal Usage,phone,Normal,0.0,1.0,0.9971,0.018,0.5594,False,Device is trust-compliant.,False,
22,Normal Usage,laptop,Normal,0.0,1.0,0.9903,0.018,0.5611,False,Device is trust-compliant.,False,
23,Normal Usage,phone,Normal,0.0,1.0,0.9284,0.018,0.5763,False,Device is trust-compliant.,False,
23,Normal Usage,laptop,Normal,0.0,1.0,0.9942,0.018,0.5602,False,Device is trust-compliant.,False,
24,Normal Usage,phone,Normal,0.0,1.0,0.9328,0.018,0.5752,False,Device is trust-compliant.,False,
24,Normal Usage,laptop,Idle,0.0,1.0,0.9815,0.018,0.5633,False,Device is trust-compliant.,False,
25,Normal Usage,phone,Idle,0.0,1.0,0.9358,0.018,0.5745,False,Device is trust-compliant.,False,
25,Normal Usage,laptop,Idle,0.0,1.0,0.9889,0.018,0.5615,False,Device is trust-compliant.,False,
26,Normal Usage,phone,Normal,0.0,1.0,0.9553,0.018,0.5697,False,Device is trust-compliant.,False,
26,Normal Usage,laptop,Idle,0.0,1.0,0.9783,0.018,0.5641,False,Device is trust-compliant.,False,
27,Normal Usage,phone,Normal,0.0,1.0,0.8993,0.018,0.5834,False,Device is trust-compliant.,False,
27,Normal Usage,laptop,Idle,0.0,1.0,0.972,0.018,0.5656,False,Device is trust-compliant.,False,
28,Normal Usage,phone,Idle,0.0,1.0,0.9125,0.018,0.5802,False,Device is trust-compliant.,False,
28,Normal Usage,laptop,Idle,0.0,1.0,0.9682,0.018,0.5666,False,Device is trust-compliant.,False,
29,Normal Usage,phone,Idle,0.0,1.0,0.9217,0.018,0.5779,False,Device is trust-compliant.,False,
29,Normal Usage,laptop,Idle,0.0,1.0,0.9659,0.018,0.5671,False,Device is trust-compliant.,False,
30,Normal Usage,phone,Idle,0.0,1.0,0.9281,0.018,0.5764,False,Device is trust-compliant.,False,
30,Normal Usage,laptop,Normal,0.0,1.0,0.9645,0.018,0.5675,False,Device is trust-compliant.,False,
31,Normal Usage,phone,Normal,0.0,1.0,0.9511,0.018,0.5707,False,Device is trust-compliant.,False,
31,Normal Usage,laptop,Normal,0.0,1.0,0.9787,0.018,0.564,False,Device is trust-compliant.,False,
32,Normal Usage,phone,Normal,0.0,1.0,0.9667,0.018,0.5669,False,Device is trust-compliant.,False,
32,Normal Usage,laptop,Normal,0.0,1.0,0.9722,0.018,0.5656,False,Device is trust-compliant.,False,
33,Normal Usage,phone,Normal,0.0,1.0,0.9774,0.018,0.5643,False,Device is trust-compliant.,False,
33,Normal Usage,laptop,Normal,0.0,1.0,0.9833,0.018,0.5628,False,Device is trust-compliant.,False,
34,Normal Usage,phone,Normal,0.0,1.0,0.9846,0.018,0.5625,False,Device is trust-compliant.,False,
34,Normal Usage,laptop,Normal,0.0,1.0,0.9897,0.018,0.5613,False,Device is trust-compliant.,False,
35,Normal Usage,phone,Normal,0.0,1.0,0.9893,0.018,0.5614,False,Device is trust-compliant.,False,
35,Normal Usage,laptop,Normal,0.0,1.0,0.9937,0.018,0.5603,False,Device is trust-compliant.,False,
36,Normal Usage,phone,Normal,0.0,1.0,0.9752,0.018,0.5648,False,Device is trust-compliant.,False,
36,Normal Usage,laptop,Normal,0.0,1.0,0.9961,0.018,0.5597,False,Device is trust-compliant.,False,
37,Normal Usage,phone,Normal,0.0,1.0,0.9831,0.018,0.5629,False,Device is trust-compliant.,False,
37,Normal Usage,laptop,Normal,0.0,1.0,0.9977,0.018,0.5593,False,Device is trust-compliant.,False,
38,Normal Usage,phone,Normal,0.0,1.0,0.9715,0.018,0.5657,False,Device is trust-compliant.,False,
38,Normal Usage,laptop,Normal,0.0,1.0,0.9986,0.018,0.5591,False,Device is trust-compliant.,False,
39,Normal Usage,phone,Normal,0.0,1.0,0.9636,0.018,0.5677,False,Device is trust-compliant.,False,
39,Normal Usage,laptop,Normal,0.0,1.0,0.9992,0.018,0.5589,False,Device is trust-compliant.,False,
40,Normal Usage,phone,Normal,0.0,1.0,0.9752,0.018,0.5648,False,Device is trust-compliant.,False,
40,Normal Usage,laptop,Normal,0.0,1.0,0.9995,0.018,0.5589,False,Device is trust-compliant.,False,
1,Normal Usage,phone,Normal,0.0106,0.9894,1.0,0.0208,0.0147,False,trust-compliant,False,
1,Normal Usage,laptop,Idle,0.0915,0.9085,0.98,0.0371,0.0697,False,trust-compliant,False,
2,Normal Usage,phone,Idle,0.0,1.0,0.9826,0.018,0.563,False,trust-compliant,False,
2,Normal Usage,laptop,Idle,0.0,1.0,0.9877,0.018,0.5618,False,trust-compliant,False,
3,Normal Usage,phone,Normal,0.0,1.0,0.9705,0.018,0.566,False,trust-compliant,False,
3,Normal Usage,laptop,Idle,0.0,1.0,0.9308,0.018,0.5757,False,trust-compliant,False,
4,Normal Usage,phone,Normal,0.0,1.0,0.9795,0.018,0.5638,False,trust-compliant,False,
4,Normal Usage,laptop,Normal,0.0,1.0,0.942,0.018,0.573,False,trust-compliant,False,
5,Normal Usage,phone,Normal,0.0,1.0,0.9683,0.018,0.5665,False,trust-compliant,False,
5,Normal Usage,laptop,Normal,0.0,1.0,0.9643,0.018,0.5675,False,trust-compliant,False,
6,Normal Usage,phone,Normal,0.0,1.0,0.9083,0.018,0.5812,False,trust-compliant,False,
6,Normal Usage,laptop,Normal,0.0,1.0,0.9626,0.018,0.5679,False,trust-compliant,False,
7,Normal Usage,phone,Normal,0.0,1.0,0.9188,0.018,0.5786,False,trust-compliant,False,
7,Normal Usage,laptop,Normal,0.0,1.0,0.9616,0.018,0.5682,False,trust-compliant,False,
8,Normal Usage,phone,Normal,0.0,1.0,0.9435,0.018,0.5726,False,trust-compliant,False,
8,Normal Usage,laptop,Normal,0.0,1.0,0.9609,0.018,0.5683,False,trust-compliant,False,
9,Normal Usage,phone,Normal,0.0,1.0,0.8936,0.018,0.5848,False,trust-compliant,False,
9,Normal Usage,laptop,Normal,0.0,1.0,0.9759,0.018,0.5647,False,trust-compliant,False,
10,Normal Usage,phone,Normal,0.0,1.0,0.9259,0.018,0.5769,False,trust-compliant,False,
10,Normal Usage,laptop,Normal,0.0,1.0,0.9852,0.018,0.5624,False,trust-compliant,False,
11,Normal Usage,phone,Normal,0.0,1.0,0.8788,0.018,0.5884,False,Device is trust-compliant.,False,
11,Normal Usage,laptop,Normal,0.0,1.0,0.9909,0.018,0.561,False,Device is trust-compliant.,False,
12,Normal Usage,phone,Normal,0.0,1.0,0.9176,0.018,0.5789,False,Device is trust-compliant.,False,
12,Normal Usage,laptop,Normal,0.0,1.0,0.9944,0.018,0.5601,False,Device is trust-compliant.,False,
13,Normal Usage,phone,Normal,0.0,1.0,0.927,0.018,0.5766,False,Device is trust-compliant.,False,
13,Normal Usage,laptop,Normal,0.0,1.0,0.9812,0.018,0.5634,False,Device is trust-compliant.,False,
14,Normal Usage,phone,Normal,0.0009,0.9991,0.9502,0.018,0.5713,False,Device is trust-compliant.,False,
14,Normal Usage,laptop,Normal,0.0,1.0,0.9884,0.018,0.5616,False,Device is trust-compliant.,False,
15,Normal Usage,phone,Normal,0.0,1.0,0.8981,0.018,0.5837,False,Device is trust-compliant.,False,
15,Normal Usage,laptop,Normal,0.0,1.0,0.9929,0.018,0.5605,False,Device is trust-compliant.,False,
16,Normal Usage,phone,Normal,0.0,1.0,0.9307,0.018,0.5757,False,Device is trust-compliant.,False,
16,Normal Usage,laptop,Normal,0.0,1.0,0.9956,0.018,0.5598,False,Device is trust-compliant.,False,
17,Normal Usage,phone,Normal,0.0,1.0,0.8849,0.018,0.5869,False,Device is trust-compliant.,False,
17,Normal Usage,laptop,Normal,0.0,1.0,0.9973,0.018,0.5594,False,Device is trust-compliant.,False,
18,Normal Usage,phone,Normal,0.0,1.0,0.9217,0.018,0.5779,False,Device is trust-compliant.,False,
18,Normal Usage,laptop,Normal,0.0,1.0,0.9983,0.018,0.5591,False,Device is trust-compliant.,False,
19,Normal Usage,phone,Normal,0.0,1.0,0.9468,0.018,0.5718,False,Device is trust-compliant.,False,
19,Normal Usage,laptop,Normal,0.0,1.0,0.999,0.018,0.559,False,Device is trust-compliant.,False,
20,Normal Usage,phone,Normal,0.0,1.0,0.9638,0.018,0.5676,False,Device is trust-compliant.,False,
20,Normal Usage,laptop,Normal,0.0,1.0,0.9994,0.018,0.5589,False,Device is trust-compliant.,False,
21,Normal Usage,phone,Normal,0.0,1.0,0.9584,0.018,0.569,False,Device is trust-compliant.,False,
21,Normal Usage,laptop,Normal,0.0,1.0,0.9996,0.018,0.5588,False,Device is trust-compliant.,False,
22,Normal Usage,phone,Normal,0.0,1.0,0.9717,0.018,0.5657,False,Device is trust-compliant.,False,
22,Normal Usage,laptop,Normal,0.0,1.0,0.9998,0.018,0.5588,False,Device is trust-compliant.,False,
23,Normal Usage,phone,Normal,0.0,1.0,0.9808,0.018,0.5635,False,Device is trust-compliant.,False,
23,Normal Usage,laptop,Normal,0.0,1.0,0.9999,0.018,0.5588,False,Device is trust-compliant.,False,
24,Normal Usage,phone,Normal,0.0,1.0,0.9189,0.018,0.5786,False,Device is trust-compliant.,False,
24,Normal Usage,laptop,Idle,0.0,1.0,0.9999,0.018,0.5588,False,Device is trust-compliant.,False,
25,Normal Usage,phone,Normal,0.0,1.0,0.8769,0.018,0.5888,False,Device is trust-compliant.,False,
25,Normal Usage,laptop,Idle,0.0,1.0,0.9845,0.018,0.5625,False,Device is trust-compliant.,False,
26,Normal Usage,phone,Normal,0.0,1.0,0.8483,0.018,0.5957,False,Device is trust-compliant.,False,
26,Normal Usage,laptop,Idle,0.0,1.0,0.9751,0.018,0.5649,False,Device is trust-compliant.,False,
27,Normal Usage,phone,Normal,0.0,1.0,0.8288,0.018,0.6004,False,Device is trust-compliant.,False,
27,Normal Usage,laptop,Idle,0.0,1.0,0.9693,0.018,0.5663,False,Device is trust-compliant.,False,
28,Normal Usage,phone,Normal,0.0,1.0,0.8836,0.018,0.5872,False,Device is trust-compliant.,False,
28,Normal Usage,laptop,Normal,0.0,1.0,0.9657,0.018,0.5672,False,Device is trust-compliant.,False,
29,Normal Usage,phone,Normal,0.0,1.0,0.9038,0.018,0.5823,False,Device is trust-compliant.,False,
29,Normal Usage,laptop,Normal,0.0,1.0,0.9635,0.018,0.5677,False,Device is trust-compliant.,False,
30,Normal Usage,phone,Idle,0.0,1.0,0.9176,0.018,0.5789,False,Device is trust-compliant.,False,
30,Normal Usage,laptop,Idle,0.0,1.0,0.9775,0.018,0.5643,False,Device is trust-compliant.,False,
31,Normal Usage,phone,Normal,0.0,1.0,0.944,0.018,0.5725,False,Device is trust-compliant.,False,
31,Normal Usage,laptop,Normal,0.0,1.0,0.9707,0.018,0.5659,False,Device is trust-compliant.,False,
32,Normal Usage,phone,Normal,0.0,1.0,0.9619,0.018,0.5681,False,Device is trust-compliant.,False,
32,Normal Usage,laptop,Normal,0.0,1.0,0.982,0.018,0.5632,False,Device is trust-compliant.,False,
33,Normal Usage,phone,Normal,0.0,1.0,0.9571,0.018,0.5693,False,Device is trust-compliant.,False,
33,Normal Usage,laptop,Normal,0.0,1.0,0.9892,0.018,0.5614,False,Device is trust-compliant.,False,
34,Normal Usage,phone,Normal,0.0,1.0,0.9538,0.018,0.5701,False,Device is trust-compliant.,False,
34,Normal Usage,laptop,Normal,0.0,1.0,0.9935,0.018,0.5603,False,Device is trust-compliant.,False,
35,Normal Usage,phone,Normal,0.0,1.0,0.9686,0.018,0.5665,False,Device is trust-compliant.,False,
35,Normal Usage,laptop,Normal,0.0,1.0,0.9961,0.018,0.5597,False,Device is trust-compliant.,False,
36,Normal Usage,phone,Normal,0.0,1.0,0.9786,0.018,0.564,False,Device is trust-compliant.,False,
36,Normal Usage,laptop,Normal,0.0,1.0,0.9977,0.018,0.5593,False,Device is trust-compliant.,False,
37,Normal Usage,phone,Normal,0.0,1.0,0.9851,0.018,0.5624,False,Device is trust-compliant.,False,
37,Normal Usage,laptop,Normal,0.0,1.0,0.9986,0.018,0.5591,False,Device is trust-compliant.,False,
38,Normal Usage,phone,Normal,0.0,1.0,0.9896,0.018,0.5613,False,Device is trust-compliant.,False,
38,Normal Usage,laptop,Normal,0.0,1.0,0.9992,0.018,0.5589,False,Device is trust-compliant.,False,
39,Normal Usage,phone,Normal,0.0,1.0,0.9929,0.018,0.5605,False,Device is trust-compliant.,False,
39,Normal Usage,laptop,Normal,0.0,1.0,0.9995,0.018,0.5589,False,Device is trust-compliant.,False,
40,Normal Usage,phone,Normal,0.0,1.0,0.9952,0.018,0.5599,False,Device is trust-compliant.,False,
40,Normal Usage,laptop,Normal,0.0,1.0,0.9997,0.018,0.5588,False,Device is trust-compliant.,False,
1,Normal Usage,phone,Idle,0.0876,0.9124,0.98,0.0582,0.0759,False,trust-compliant,False,
1,Normal Usage,laptop,Idle,0.0881,0.9119,0.98,0.0275,0.0639,False,trust-compliant,False,
2,Normal Usage,phone,Normal,0.0,1.0,0.9687,0.018,0.5664,False,trust-compliant,False,
2,Normal Usage,laptop,Normal,0.0,1.0,0.9723,0.018,0.5655,False,trust-compliant,False,
3,Normal Usage,phone,Normal,0.0,1.0,0.9608,0.018,0.5684,False,trust-compliant,False,
3,Normal Usage,laptop,Idle,0.0,1.0,0.9675,0.018,0.5667,False,trust-compliant,False,
4,Normal Usage,phone,Normal,0.0,1.0,0.9553,0.018,0.5697,False,trust-compliant,False,
4,Normal Usage,laptop,Normal,0.0,1.0,0.9646,0.018,0.5674,False,trust-compliant,False,
5,Normal Usage,phone,Idle,0.0,1.0,0.9515,0.018,0.5706,False,trust-compliant,False,
5,Normal Usage,laptop,Idle,0.0,1.0,0.9628,0.018,0.5679,False,trust-compliant,False,
6,Normal Usage,phone,Normal,0.0,1.0,0.9488,0.018,0.5713,False,trust-compliant,False,
6,Normal Usage,laptop,Idle,0.0,1.0,0.9617,0.018,0.5681,False,trust-compliant,False,
7,Normal Usage,phone,Normal,0.0,1.0,0.947,0.018,0.5718,False,trust-compliant,False,
7,Normal Usage,laptop,Normal,0.0,1.0,0.961,0.018,0.5683,False,trust-compliant,False,
8,Normal Usage,phone,Normal,0.0,1.0,0.9457,0.018,0.5721,False,trust-compliant,False,
8,Normal Usage,laptop,Normal,0.0,1.0,0.9606,0.018,0.5684,False,trust-compliant,False,
9,Normal Usage,phone,Normal,0.0,1.0,0.9448,0.018,0.5723,False,trust-compliant,False,
9,Normal Usage,laptop,Normal,0.0,1.0,0.9603,0.018,0.5685,False,trust-compliant,False,
10,Normal Usage,phone,Normal,0.0,1.0,0.8945,0.018,0.5846,False,trust-compliant,False,
10,Normal Usage,laptop,Normal,0.0,1.0,0.9762,0.018,0.5646,False,trust-compliant,False,
11,Normal Usage,phone,Normal,0.0,1.0,0.9266,0.018,0.5767,False,Device is trust-compliant.,False,
11,Normal Usage,laptop,Normal,0.0,1.0,0.9707,0.018,0.5659,False,Device is trust-compliant.,False,
12,Normal Usage,phone,Normal,0.0,1.0,0.9489,0.018,0.5713,False,Device is trust-compliant.,False,
12,Normal Usage,laptop,Normal,0.0,1.0,0.982,0.018,0.5632,False,Device is trust-compliant.,False,
13,Normal Usage,phone,Normal,0.0,1.0,0.9644,0.018,0.5675,False,Device is trust-compliant.,False,
13,Normal Usage,laptop,Normal,0.0,1.0,0.9889,0.018,0.5615,False,Device is trust-compliant.,False,
14,Normal Usage,phone,Normal,0.0,1.0,0.9752,0.018,0.5648,False,Device is trust-compliant.,False,
14,Normal Usage,laptop,Normal,0.0,1.0,0.9932,0.018,0.5604,False,Device is trust-compliant.,False,
15,Normal Usage,phone,Normal,0.0,1.0,0.9827,0.018,0.563,False,Device is trust-compliant.,False,
15,Normal Usage,laptop,Normal,0.0,1.0,0.9959,0.018,0.5597,False,Device is trust-compliant.,False,
16,Normal Usage,phone,Normal,0.0,1.0,0.988,0.018,0.5617,False,Device is trust-compliant.,False,
16,Normal Usage,laptop,Normal,0.0,1.0,0.9975,0.018,0.5593,False,Device is trust-compliant.,False,
17,Normal Usage,phone,Normal,0.0,1.0,0.9742,0.018,0.5651,False,Device is trust-compliant.,False,
17,Normal Usage,laptop,Normal,0.0,1.0,0.9985,0.018,0.5591,False,Device is trust-compliant.,False,
18,Normal Usage,phone,Normal,0.0,1.0,0.982,0.018,0.5632,False,Device is trust-compliant.,False,
18,Normal Usage,laptop,Normal,0.0,1.0,0.9991,0.018,0.5589,False,Device is trust-compliant.,False,
19,Normal Usage,phone,Normal,0.0,1.0,0.9875,0.018,0.5618,False,Device is trust-compliant.,False,
19,Normal Usage,laptop,Normal,0.0,1.0,0.9995,0.018,0.5589,False,Device is trust-compliant.,False,
20,Normal Usage,phone,Normal,0.0,1.0,0.9739,0.018,0.5652,False,Device is trust-compliant.,False,
20,Normal Usage,laptop,Normal,0.0,1.0,0.9997,0.018,0.5588,False,Device is trust-compliant.,False,
21,Normal Usage,phone,Normal,0.0,1.0,0.9644,0.018,0.5675,False,Device is trust-compliant.,False,
21,Normal Usage,laptop,Normal,0.0,1.0,0.9998,0.018,0.5588,False,Device is trust-compliant.,False,
22,Normal Usage,phone,Normal,0.0034,0.9966,0.9073,0.018,0.5827,False,Device is trust-compliant.,False,
22,Normal Usage,laptop,Normal,0.0,1.0,0.9999,0.018,0.5588,False,Device is trust-compliant.,False,
23,Normal Usage,phone,Normal,0.0,1.0,0.937,0.018,0.5742,False,Device is trust-compliant.,False,
23,Normal Usage,laptop,Normal,0.0,1.0,0.9999,0.018,0.5588,False,Device is trust-compliant.,False,
24,Normal Usage,phone,Normal,0.0,1.0,0.9402,0.018,0.5734,False,Device is trust-compliant.,False,
24,Normal Usage,laptop,Normal,0.0,1.0,0.9849,0.018,0.5624,False,Device is trust-compliant.,False,
25,Normal Usage,phone,Normal,0.0,1.0,0.8913,0.018,0.5853,False,Device is trust-compliant.,False,
25,Normal Usage,laptop,Idle,0.0,1.0,0.9759,0.018,0.5647,False,Device is trust-compliant.,False,
26,Normal Usage,phone,Normal,0.0,1.0,0.8581,0.018,0.5934,False,Device is trust-compliant.,False,
26,Normal Usage,laptop,Idle,0.0,1.0,0.9705,0.018,0.566,False,Device is trust-compliant.,False,
27,Normal Usage,phone,Normal,0.0,1.0,0.9035,0.018,0.5824,False,Device is trust-compliant.,False,
27,Normal Usage,laptop,Idle,0.0,1.0,0.9673,0.018,0.5668,False,Device is trust-compliant.,False,
28,Normal Usage,phone,Normal,0.0,1.0,0.9344,0.018,0.5748,False,Device is trust-compliant.,False,
28,Normal Usage,laptop,Normal,0.0,1.0,0.9654,0.018,0.5672,False,Device is trust-compliant.,False,
29,Normal Usage,phone,Normal,0.0,1.0,0.9554,0.018,0.5697,False,Device is trust-compliant.,False,
29,Normal Usage,laptop,Normal,0.0,1.0,0.9642,0.018,0.5675,False,Device is trust-compliant.,False,
30,Normal Usage,phone,Normal,0.0,1.0,0.9697,0.018,0.5662,False,Device is trust-compliant.,False,
30,Normal Usage,laptop,Idle,0.0,1.0,0.9635,0.018,0.5677,False,Device is trust-compliant.,False,
31,Normal Usage,phone,Normal,0.0,1.0,0.9794,0.018,0.5638,False,Device is trust-compliant.,False,
31,Normal Usage,laptop,Normal,0.0,1.0,0.9631,0.018,0.5678,False,Device is trust-compliant.,False,
32,Normal Usage,phone,Normal,0.0,1.0,0.986,0.018,0.5622,False,Device is trust-compliant.,False,
32,Normal Usage,laptop,Normal,0.0,1.0,0.9179,0.018,0.5789,False,Device is trust-compliant.,False,
33,Normal Usage,phone,Normal,0.0,1.0,0.9905,0.018,0.5611,False,Device is trust-compliant.,False,
33,Normal Usage,laptop,Normal,0.0,1.0,0.9507,0.018,0.5708,False,Device is trust-compliant.,False,
34,Normal Usage,phone,Normal,0.0,1.0,0.9255,0.018,0.577,False,Device is trust-compliant.,False,
34,Normal Usage,laptop,Normal,0.0,1.0,0.9704,0.018,0.566,False,Device is trust-compliant.,False,
35,Normal Usage,phone,Normal,0.0,1.0,0.8813,0.018,0.5878,False,Device is trust-compliant.,False,
35,Normal Usage,laptop,Normal,0.0,1.0,0.9672,0.018,0.5668,False,Device is trust-compliant.,False,
36,Normal Usage,phone,Normal,0.0,1.0,0.8513,0.018,0.595,False,Device is trust-compliant.,False,
36,Normal Usage,laptop,Normal,0.0,1.0,0.9803,0.018,0.5636,False,Device is trust-compliant.,False,
37,Normal Usage,phone,Normal,0.0,1.0,0.8989,0.018,0.5835,False,Device is trust-compliant.,False,
37,Normal Usage,laptop,Normal,0.0,1.0,0.9882,0.018,0.5616,False,Device is trust-compliant.,False,
38,Normal Usage,phone,Normal,0.0,1.0,0.8633,0.018,0.5921,False,Device is trust-compliant.,False,
38,Normal Usage,laptop,Normal,0.0,1.0,0.9929,0.018,0.5605,False,Device is trust-compliant.,False,
39,Normal Usage,phone,Normal,0.0,1.0,0.907,0.018,0.5815,False,Device is trust-compliant.,False,
39,Normal Usage,laptop,Normal,0.0,1.0,0.9807,0.018,0.5635,False,Device is trust-compliant.,False,
40,Normal Usage,phone,Normal,0.0,1.0,0.8688,0.018,0.5908,False,Device is trust-compliant.,False,
40,Normal Usage,laptop,Normal,0.0,1.0,0.9881,0.018,0.5617,False,Device is trust-compliant.,False,
1,Normal Usage,phone,Normal,0.08,0.92,1.0,0.0425,0.065,False,trust-compliant,False,
1,Normal Usage,laptop,Idle,0.0682,0.9318,0.98,0.0706,0.0692,False,trust-compliant,False,
2,Normal Usage,phone,Normal,0.0,1.0,0.9826,0.018,0.563,False,trust-compliant,False,
2,Normal Usage,laptop,Normal,0.0,1.0,0.9723,0.018,0.5655,False,trust-compliant,False,
3,Normal Usage,phone,Idle,0.0,1.0,0.9705,0.018,0.566,False,trust-compliant,False,
3,Normal Usage,laptop,Idle,0.0,1.0,0.9675,0.018,0.5667,False,trust-compliant,False,
4,Normal Usage,phone,Normal,0.0,1.0,0.9621,0.018,0.5681,False,trust-compliant,False,
4,Normal Usage,laptop,Normal,0.0,1.0,0.9646,0.018,0.5674,False,trust-compliant,False,
5,Normal Usage,phone,Idle,0.0,1.0,0.9562,0.018,0.5695,False,trust-compliant,False,
5,Normal Usage,laptop,Normal,0.0,1.0,0.9628,0.018,0.5679,False,trust-compliant,False,
6,Normal Usage,phone,Normal,0.0,1.0,0.9521,0.018,0.5705,False,trust-compliant,False,
6,Normal Usage,laptop,Normal,0.0,1.0,0.9617,0.018,0.5681,False,trust-compliant,False,
7,Normal Usage,phone,Normal,0.0,1.0,0.9493,0.018,0.5712,False,trust-compliant,False,
7,Normal Usage,laptop,Normal,0.0,1.0,0.9764,0.018,0.5645,False,trust-compliant,False,
8,Normal Usage,phone,Normal,0.0,1.0,0.9655,0.018,0.5672,False,trust-compliant,False,
8,Normal Usage,laptop,Normal,0.0,1.0,0.9701,0.018,0.5661,False,trust-compliant,False,
9,Normal Usage,phone,Normal,0.0,1.0,0.9765,0.018,0.5645,False,trust-compliant,False,
9,Normal Usage,laptop,Normal,0.0,1.0,0.9821,0.018,0.5631,False,trust-compliant,False,
10,Normal Usage,phone,Normal,0.0,1.0,0.9836,0.018,0.5628,False,trust-compliant,False,
10,Normal Usage,laptop,Normal,0.0,1.0,0.989,0.018,0.5614,False,trust-compliant,False,
11,Normal Usage,phone,Normal,0.0,1.0,0.9712,0.018,0.5658,False,Device is trust-compliant.,False,
11,Normal Usage,laptop,Normal,0.0,1.0,0.9932,0.018,0.5604,False,Device is trust-compliant.,False,
12,Normal Usage,phone,Normal,0.0,1.0,0.9804,0.018,0.5636,False,Device is trust-compliant.,False,
12,Normal Usage,laptop,Normal,0.0,1.0,0.9959,0.018,0.5597,False,Device is trust-compliant.,False,
13,Normal Usage,phone,Normal,0.0068,0.9932,0.9177,0.018,0.5814,False,Device is trust-compliant.,False,
13,Normal Usage,laptop,Normal,0.0,1.0,0.9975,0.018,0.5593,False,Device is trust-compliant.,False,
14,Normal Usage,phone,Normal,0.0,1.0,0.944,0.018,0.5725,False,Device is trust-compliant.,False,
14,Normal Usage,laptop,Normal,0.0,1.0,0.9985,0.018,0.5591,False,Device is trust-compliant.,False,
15,Normal Usage,phone,Normal,0.0,1.0,0.9619,0.018,0.5681,False,Device is trust-compliant.,False,
15,Normal Usage,laptop,Normal,0.0,1.0,0.9991,0.018,0.5589,False,Device is trust-compliant.,False,
16,Normal Usage,phone,Normal,0.0,1.0,0.9741,0.018,0.5651,False,Device is trust-compliant.,False,
16,Normal Usage,laptop,Normal,0.0,1.0,0.9995,0.018,0.5589,False,Device is trust-compliant.,False,
17,Normal Usage,phone,Normal,0.0,1.0,0.9824,0.018,0.5631,False,Device is trust-compliant.,False,
17,Normal Usage,laptop,Normal,0.0,1.0,0.9997,0.018,0.5588,False,Device is trust-compliant.,False,
18,Normal Usage,phone,Normal,0.0,1.0,0.92,0.018,0.5783,False,Device is trust-compliant.,False,
18,Normal Usage,laptop,Normal,0.0,1.0,0.9998,0.018,0.5588,False,Device is trust-compliant.,False,
19,Normal Usage,phone,Normal,0.0,1.0,0.8776,0.018,0.5887,False,Device is trust-compliant.,False,
19,Normal Usage,laptop,Normal,0.0,1.0,0.9999,0.018,0.5588,False,Device is trust-compliant.,False,
20,Normal Usage,phone,Normal,0.0,1.0,0.8488,0.018,0.5956,False,Device is trust-compliant.,False,
20,Normal Usage,laptop,Normal,0.0,1.0,0.9999,0.018,0.5588,False,Device is trust-compliant.,False,
21,Normal Usage,phone,Normal,0.0,1.0,0.8292,0.018,0.6003,False,Device is trust-compliant.,False,
21,Normal Usage,laptop,Normal,0.0,1.0,0.9999,0.018,0.5588,False,Device is trust-compliant.,False,
22,Normal Usage,phone,Normal,0.0,1.0,0.8839,0.018,0.5871,False,Device is trust-compliant.,False,
22,Normal Usage,laptop,Normal,0.0,1.0,0.9849,0.018,0.5624,False,Device is trust-compliant.,False,
23,Normal Usage,phone,Normal,0.0,1.0,0.9211,0.018,0.5781,False,Device is trust-compliant.,False,
23,Normal Usage,laptop,Normal,0.0,1.0,0.9907,0.018,0.561,False,Device is trust-compliant.,False,
24,Normal Usage,phone,Normal,0.0,1.0,0.9463,0.018,0.5719,False,Device is trust-compliant.,False,
24,Normal Usage,laptop,Normal,0.0,1.0,0.9789,0.018,0.5639,False,Device is trust-compliant.,False,
25,Normal Usage,phone,Normal,0.0,1.0,0.9635,0.018,0.5677,False,Device is trust-compliant.,False,
25,Normal Usage,laptop,Normal,0.0,1.0,0.987,0.018,0.5619,False,Device is trust-compliant.,False,
26,Normal Usage,phone,Normal,0.0,1.0,0.9752,0.018,0.5648,False,Device is trust-compliant.,False,
26,Normal Usage,laptop,Idle,0.0,1.0,0.9766,0.018,0.5645,False,Device is trust-compliant.,False,
27,Normal Usage,phone,Normal,0.0,1.0,0.9831,0.018,0.5629,False,Device is trust-compliant.,False,
27,Normal Usage,laptop,Idle,0.0,1.0,0.9702,0.018,0.5661,False,Device is trust-compliant.,False,
28,Normal Usage,phone,Normal,0.0,1.0,0.9885,0.018,0.5616,False,Device is trust-compliant.,False,
28,Normal Usage,laptop,Idle,0.0,1.0,0.9816,0.018,0.5633,False,Device is trust-compliant.,False,
29,Normal Usage,phone,Normal,0.0,1.0,0.9922,0.018,0.5606,False,Device is trust-compliant.,False,
29,Normal Usage,laptop,Idle,0.0,1.0,0.9733,0.018,0.5653,False,Device is trust-compliant.,False,
30,Normal Usage,phone,Normal,0.0,1.0,0.9267,0.018,0.5767,False,Device is trust-compliant.,False,
30,Normal Usage,laptop,Idle,0.0,1.0,0.9682,0.018,0.5666,False,Device is trust-compliant.,False,
31,Normal Usage,phone,Normal,0.0,1.0,0.9332,0.018,0.5751,False,Device is trust-compliant.,False,
31,Normal Usage,laptop,Normal,0.0,1.0,0.965,0.018,0.5673,False,Device is trust-compliant.,False,
32,Normal Usage,phone,Normal,0.0,1.0,0.8866,0.018,0.5865,False,Device is trust-compliant.,False,
32,Normal Usage,laptop,Normal,0.0,1.0,0.963,0.018,0.5678,False,Device is trust-compliant.,False,
33,Normal Usage,phone,Normal,0.0,1.0,0.9059,0.018,0.5818,False,Device is trust-compliant.,False,
33,Normal Usage,laptop,Normal,0.0,1.0,0.9772,0.018,0.5643,False,Device is trust-compliant.,False,
34,Normal Usage,phone,Normal,0.0,1.0,0.936,0.018,0.5744,False,Device is trust-compliant.,False,
34,Normal Usage,laptop,Normal,0.0,1.0,0.986,0.018,0.5622,False,Device is trust-compliant.,False,
35,Normal Usage,phone,Normal,0.0,1.0,0.9395,0.018,0.5736,False,Device is trust-compliant.,False,
35,Normal Usage,laptop,Normal,0.0,1.0,0.976,0.018,0.5646,False,Device is trust-compliant.,False,
36,Normal Usage,phone,Normal,0.0,1.0,0.8909,0.018,0.5854,False,Device is trust-compliant.,False,
36,Normal Usage,laptop,Normal,0.0,1.0,0.9698,0.018,0.5662,False,Device is trust-compliant.,False,
37,Normal Usage,phone,Normal,0.0,1.0,0.9088,0.018,0.5811,False,Device is trust-compliant.,False,
37,Normal Usage,laptop,Normal,0.0,1.0,0.9814,0.018,0.5633,False,Device is trust-compliant.,False,
38,Normal Usage,phone,Normal,0.0,1.0,0.921,0.018,0.5781,False,Device is trust-compliant.,False,
38,Normal Usage,laptop,Normal,0.0,1.0,0.9731,0.018,0.5653,False,Device is trust-compliant.,False,
39,Normal Usage,phone,Normal,0.0,1.0,0.9293,0.018,0.5761,False,Device is trust-compliant.,False,
39,Normal Usage,laptop,Normal,0.0,1.0,0.9839,0.018,0.5627,False,Device is trust-compliant.,False,
40,Normal Usage,phone,Normal,0.0,1.0,0.9349,0.018,0.5747,False,Device is trust-compliant.,False,
40,Normal Usage,laptop,Normal,0.0,1.0,0.9903,0.018,0.5611,False,Device is trust-compliant.,False,
1,Normal Usage,phone,Idle,0.1162,0.8838,0.98,0.0106,0.074,False,trust-compliant,False,
1,Normal Usage,laptop,Idle,0.0881,0.9119,0.98,0.0334,0.0662,False,trust-compliant,False,
2,Normal Usage,phone,Idle,0.0,1.0,0.9687,0.018,0.5664,False,trust-compliant,False,
2,Normal Usage,laptop,Normal,0.0,1.0,0.9877,0.018,0.5618,False,trust-compliant,False,
3,Normal Usage,phone,Idle,0.0,1.0,0.9608,0.018,0.5684,False,trust-compliant,False,
3,Normal Usage,laptop,Normal,0.0,1.0,0.977,0.018,0.5644,False,trust-compliant,False,
4,Normal Usage,phone,Idle,0.0,1.0,0.9553,0.018,0.5697,False,trust-compliant,False,
4,Normal Usage,laptop,Idle,0.0,1.0,0.9704,0.018,0.566,False,trust-compliant,False,
5,Normal Usage,phone,Idle,0.0,1.0,0.9689,0.018,0.5664,False,trust-compliant,False,
5,Normal Usage,laptop,Idle,0.0,1.0,0.9664,0.018,0.567,False,trust-compliant,False,
6,Normal Usage,phone,Idle,0.0,1.0,0.961,0.018,0.5683,False,trust-compliant,False,
6,Normal Usage,laptop,Idle,0.0,1.0,0.9639,0.018,0.5676,False,trust-compliant,False,
7,Normal Usage,phone,Normal,0.0,1.0,0.9555,0.018,0.5697,False,trust-compliant,False,
7,Normal Usage,laptop,Normal,0.0,1.0,0.9778,0.018,0.5642,False,trust-compliant,False,
8,Normal Usage,phone,Normal,0.0,1.0,0.969,0.018,0.5664,False,trust-compliant,False,
8,Normal Usage,laptop,Normal,0.0,1.0,0.9863,0.018,0.5621,False,trust-compliant,False,
9,Normal Usage,phone,Normal,0.0,1.0,0.961,0.018,0.5683,False,trust-compliant,False,
9,Normal Usage,laptop,Normal,0.0,1.0,0.9916,0.018,0.5608,False,trust-compliant,False,
10,Normal Usage,phone,Normal,0.0,1.0,0.9729,0.018,0.5654,False,trust-compliant,False,
10,Normal Usage,laptop,Normal,0.0,1.0,0.9948,0.018,0.56,False,trust-compliant,False,
11,Normal Usage,phone,Normal,0.0,1.0,0.9811,0.018,0.5634,False,Device is trust-compliant.,False,
11,Normal Usage,laptop,Normal,0.0,1.0,0.9968,0.018,0.5595,False,Device is trust-compliant.,False,
12,Normal Usage,phone,Normal,0.0,1.0,0.9871,0.018,0.5619,False,Device is trust-compliant.,False,
12,Normal Usage,laptop,Normal,0.0,1.0,0.998,0.018,0.5592,False,Device is trust-compliant.,False,
13,Normal Usage,phone,Normal,0.0,1.0,0.9912,0.018,0.5609,False,Device is trust-compliant.,False,
13,Normal Usage,laptop,Normal,0.0,1.0,0.9988,0.018,0.559,False,Device is trust-compliant.,False,
14,Normal Usage,phone,Normal,0.0,1.0,0.994,0.018,0.5602,False,Device is trust-compliant.,False,
14,Normal Usage,laptop,Normal,0.0,1.0,0.9993,0.018,0.5589,False,Device is trust-compliant.,False,
15,Normal Usage,phone,Normal,0.0,1.0,0.9959,0.018,0.5597,False,Device is trust-compliant.,False,
15,Normal Usage,laptop,Normal,0.0,1.0,0.9846,0.018,0.5625,False,Device is trust-compliant.,False,
16,Normal Usage,phone,Normal,0.0,1.0,0.9972,0.018,0.5594,False,Device is trust-compliant.,False,
16,Normal Usage,laptop,Normal,0.0,1.0,0.9905,0.018,0.5611,False,Device is trust-compliant.,False,
17,Normal Usage,phone,Normal,0.0,1.0,0.9811,0.018,0.5634,False,Device is trust-compliant.,False,
17,Normal Usage,laptop,Normal,0.0,1.0,0.9787,0.018,0.564,False,Device is trust-compliant.,False,
18,Normal Usage,phone,Normal,0.0,1.0,0.9868,0.018,0.562,False,Device is trust-compliant.,False,
18,Normal Usage,laptop,Normal,0.0,1.0,0.9872,0.018,0.5619,False,Device is trust-compliant.,False,
19,Normal Usage,phone,Normal,0.0,1.0,0.9908,0.018,0.561,False,Device is trust-compliant.,False,
19,Normal Usage,laptop,Normal,0.0,1.0,0.8798,0.018,0.5881,False,Device is trust-compliant.,False,
20,Normal Usage,phone,Normal,0.0,1.0,0.9936,0.018,0.5603,False,Device is trust-compliant.,False,
20,Normal Usage,laptop,Normal,0.0,1.0,0.926,0.018,0.5769,False,Device is trust-compliant.,False,
21,Normal Usage,phone,Normal,0.0,1.0,0.9781,0.018,0.5641,False,Device is trust-compliant.,False,
21,Normal Usage,laptop,Normal,0.0,1.0,0.9544,0.018,0.5699,False,Device is trust-compliant.,False,
22,Normal Usage,phone,Normal,0.0,1.0,0.9851,0.018,0.5624,False,Device is trust-compliant.,False,
22,Normal Usage,laptop,Normal,0.0,1.0,0.9726,0.018,0.5655,False,Device is trust-compliant.,False,
23,Normal Usage,phone,Normal,0.0,1.0,0.9899,0.018,0.5612,False,Device is trust-compliant.,False,
23,Normal Usage,laptop,Normal,0.0,1.0,0.9831,0.018,0.5629,False,Device is trust-compliant.,False,
24,Normal Usage,phone,Normal,0.0,1.0,0.9761,0.018,0.5646,False,Device is trust-compliant.,False,
24,Normal Usage,laptop,Normal,0.0,1.0,0.928,0.018,0.5764,False,Device is trust-compliant.,False,
25,Normal Usage,phone,Idle,0.0,1.0,0.9667,0.018,0.5669,False,Device is trust-compliant.,False,
25,Normal Usage,laptop,Idle,0.0,1.0,0.9402,0.018,0.5734,False,Device is trust-compliant.,False,
26,Normal Usage,phone,Normal,0.0,1.0,0.9604,0.018,0.5685,False,Device is trust-compliant.,False,
26,Normal Usage,laptop,Idle,0.0,1.0,0.9632,0.018,0.5678,False,Device is trust-compliant.,False,
27,Normal Usage,phone,Normal,0.0,1.0,0.9561,0.018,0.5695,False,Device is trust-compliant.,False,
27,Normal Usage,laptop,Normal,0.0,1.0,0.9619,0.018,0.5681,False,Device is trust-compliant.,False,
28,Normal Usage,phone,Normal,0.0,1.0,0.9531,0.018,0.5703,False,Device is trust-compliant.,False,
28,Normal Usage,laptop,Idle,0.0,1.0,0.9611,0.018,0.5683,False,Device is trust-compliant.,False,
29,Normal Usage,phone,Idle,0.0,1.0,0.9511,0.018,0.5707,False,Device is trust-compliant.,False,
29,Normal Usage,laptop,Idle,0.0,1.0,0.9606,0.018,0.5684,False,Device is trust-compliant.,False,
30,Normal Usage,phone,Normal,0.0,1.0,0.9497,0.018,0.5711,False,Device is trust-compliant.,False,
30,Normal Usage,laptop,Idle,0.0,1.0,0.9603,0.018,0.5685,False,Device is trust-compliant.,False,
31,Normal Usage,phone,Normal,0.0,1.0,0.9658,0.018,0.5671,False,Device is trust-compliant.,False,
31,Normal Usage,laptop,Normal,0.0,1.0,0.9601,0.018,0.5685,False,Device is trust-compliant.,False,
32,Normal Usage,phone,Normal,0.0,1.0,0.9762,0.018,0.5646,False,Device is trust-compliant.,False,
32,Normal Usage,laptop,Normal,0.0,1.0,0.96,0.018,0.5686,False,Device is trust-compliant.,False,
33,Normal Usage,phone,Normal,0.0,1.0,0.9834,0.018,0.5628,False,Device is trust-compliant.,False,
33,Normal Usage,laptop,Normal,0.0,1.0,0.96,0.018,0.5686,False,Device is trust-compliant.,False,
34,Normal Usage,phone,Normal,0.0,1.0,0.9884,0.018,0.5616,False,Device is trust-compliant.,False,
34,Normal Usage,laptop,Normal,0.0,1.0,0.9754,0.018,0.5648,False,Device is trust-compliant.,False,
35,Normal Usage,phone,Normal,0.0,1.0,0.9919,0.018,0.5607,False,Device is trust-compliant.,False,
35,Normal Usage,laptop,Normal,0.0,1.0,0.9848,0.018,0.5625,False,Device is trust-compliant.,False,
36,Normal Usage,phone,Normal,0.0,1.0,0.9944,0.018,0.5601,False,Device is trust-compliant.,False,
36,Normal Usage,laptop,Normal,0.0,1.0,0.9906,0.018,0.561,False,Device is trust-compliant.,False,
37,Normal Usage,phone,Normal,0.0,1.0,0.9961,0.018,0.5597,False,Device is trust-compliant.,False,
37,Normal Usage,laptop,Normal,0.0,1.0,0.9944,0.018,0.5601,False,Device is trust-compliant.,False,
38,Normal Usage,phone,Normal,0.0,1.0,0.9973,0.018,0.5594,False,Device is trust-compliant.,False,
38,Normal Usage,laptop,Normal,0.0,1.0,0.9816,0.018,0.5633,False,Device is trust-compliant.,False,
39,Normal Usage,phone,Normal,0.0,1.0,0.9981,0.018,0.5592,False,Device is trust-compliant.,False,
39,Normal Usage,laptop,Normal,0.0,1.0,0.989,0.018,0.5614,False,Device is trust-compliant.,False,
40,Normal Usage,phone,Normal,0.0,1.0,0.9987,0.018,0.559,False,Device is trust-compliant.,False,
40,Normal Usage,laptop,Normal,0.0,1.0,0.9784,0.018,0.564,False,Device is trust-compliant.,False,
1,Normal Usage,phone,Idle,0.082,0.918,0.98,0.0113,0.0537,False,trust-compliant,False,
1,Normal Usage,laptop,Normal,0.0626,0.9374,1.0,0.0621,0.0624,False,trust-compliant,False,
2,Normal Usage,phone,Idle,0.0,1.0,0.9861,0.018,0.5622,False,trust-compliant,False,
2,Normal Usage,laptop,Idle,0.0,1.0,0.9846,0.018,0.5625,False,trust-compliant,False,
3,Normal Usage,phone,Idle,0.0,1.0,0.9729,0.018,0.5654,False,trust-compliant,False,
3,Normal Usage,laptop,Idle,0.0,1.0,0.9751,0.018,0.5649,False,trust-compliant,False,
4,Normal Usage,phone,Normal,0.0,1.0,0.9637,0.018,0.5677,False,trust-compliant,False,
4,Normal Usage,laptop,Idle,0.0,1.0,0.9693,0.018,0.5663,False,trust-compliant,False,
5,Normal Usage,phone,Normal,0.0,1.0,0.9573,0.018,0.5692,False,trust-compliant,False,
5,Normal Usage,laptop,Idle,0.0,1.0,0.9811,0.018,0.5634,False,trust-compliant,False,
6,Normal Usage,phone,Idle,0.0,1.0,0.9529,0.018,0.5703,False,trust-compliant,False,
6,Normal Usage,laptop,Idle,0.0,1.0,0.973,0.018,0.5654,False,trust-compliant,False,
7,Normal Usage,phone,Normal,0.0,1.0,0.9498,0.018,0.5711,False,trust-compliant,False,
7,Normal Usage,laptop,Normal,0.0,1.0,0.9218,0.018,0.5779,False,trust-compliant,False,
8,Normal Usage,phone,Normal,0.0,1.0,0.9477,0.018,0.5716,False,trust-compliant,False,
8,Normal Usage,laptop,Normal,0.0,1.0,0.9531,0.018,0.5703,False,trust-compliant,False,
9,Normal Usage,phone,Normal,0.0,1.0,0.9636,0.018,0.5677,False,trust-compliant,False,
9,Normal Usage,laptop,Normal,0.0,1.0,0.9711,0.018,0.5658,False,trust-compliant,False,
10,Normal Usage,phone,Normal,0.0,1.0,0.9573,0.018,0.5692,False,trust-compliant,False,
10,Normal Usage,laptop,Normal,0.0,1.0,0.9827,0.018,0.563,False,trust-compliant,False,
11,Normal Usage,phone,Normal,0.0,1.0,0.9703,0.018,0.566,False,Device is trust-compliant.,False,
11,Normal Usage,laptop,Normal,0.0,1.0,0.9746,0.018,0.565,False,Device is trust-compliant.,False,
12,Normal Usage,phone,Normal,0.0,1.0,0.9798,0.018,0.5637,False,Device is trust-compliant.,False,
12,Normal Usage,laptop,Normal,0.0,1.0,0.9698,0.018,0.5662,False,Device is trust-compliant.,False,
13,Normal Usage,phone,Normal,0.0,1.0,0.9693,0.018,0.5663,False,Device is trust-compliant.,False,
13,Normal Usage,laptop,Normal,0.0,1.0,0.9819,0.018,0.5632,False,Device is trust-compliant.,False,
14,Normal Usage,phone,Normal,0.0,1.0,0.9791,0.018,0.5639,False,Device is trust-compliant.,False,
14,Normal Usage,laptop,Normal,0.0,1.0,0.9891,0.018,0.5614,False,Device is trust-compliant.,False,
15,Normal Usage,phone,Normal,0.0,1.0,0.9855,0.018,0.5623,False,Device is trust-compliant.,False,
15,Normal Usage,laptop,Normal,0.0,1.0,0.9785,0.018,0.564,False,Device is trust-compliant.,False,
16,Normal Usage,phone,Normal,0.0,1.0,0.9901,0.018,0.5612,False,Device is trust-compliant.,False,
16,Normal Usage,laptop,Normal,0.0,1.0,0.9271,0.018,0.5766,False,Device is trust-compliant.,False,
17,Normal Usage,phone,Normal,0.0,1.0,0.9931,0.018,0.5604,False,Device is trust-compliant.,False,
17,Normal Usage,laptop,Normal,0.0,1.0,0.9413,0.018,0.5731,False,Device is trust-compliant.,False,
18,Normal Usage,phone,Normal,0.0,1.0,0.9953,0.018,0.5599,False,Device is trust-compliant.,False,
18,Normal Usage,laptop,Normal,0.0,1.0,0.9498,0.018,0.5711,False,Device is trust-compliant.,False,
19,Normal Usage,phone,Normal,0.0,1.0,0.9968,0.018,0.5595,False,Device is trust-compliant.,False,
19,Normal Usage,laptop,Normal,0.0,1.0,0.9549,0.018,0.5698,False,Device is trust-compliant.,False,
20,Normal Usage,phone,Normal,0.0,1.0,0.9978,0.018,0.5593,False,Device is trust-compliant.,False,
20,Normal Usage,laptop,Normal,0.0,1.0,0.9579,0.018,0.5691,False,Device is trust-compliant.,False,
21,Normal Usage,phone,Normal,0.0,1.0,0.9985,0.018,0.5591,False,Device is trust-compliant.,False,
21,Normal Usage,laptop,Normal,0.0,1.0,0.9597,0.018,0.5686,False,Device is trust-compliant.,False,
22,Normal Usage,phone,Normal,0.0,1.0,0.999,0.018,0.559,False,Device is trust-compliant.,False,
22,Normal Usage,laptop,Normal,0.0,1.0,0.9758,0.018,0.5647,False,Device is trust-compliant.,False,
23,Normal Usage,phone,Normal,0.0,1.0,0.9993,0.018,0.5589,False,Device is trust-compliant.,False,
23,Normal Usage,laptop,Normal,0.0,1.0,0.9705,0.018,0.566,False,Device is trust-compliant.,False,
24,Normal Usage,phone,Normal,0.0,1.0,0.9821,0.018,0.5631,False,Device is trust-compliant.,False,
24,Normal Usage,laptop,Normal,0.0,1.0,0.9673,0.018,0.5668,False,Device is trust-compliant.,False,
25,Normal Usage,phone,Normal,0.0,1.0,0.9701,0.018,0.5661,False,Device is trust-compliant.,False,
25,Normal Usage,laptop,Normal,0.0,1.0,0.9804,0.018,0.5636,False,Device is trust-compliant.,False,
26,Normal Usage,phone,Idle,0.0,1.0,0.9618,0.018,0.5681,False,Device is trust-compliant.,False,
26,Normal Usage,laptop,Normal,0.0,1.0,0.9732,0.018,0.5653,False,Device is trust-compliant.,False,
27,Normal Usage,phone,Normal,0.0,1.0,0.956,0.018,0.5695,False,Device is trust-compliant.,False,
27,Normal Usage,laptop,Normal,0.0,1.0,0.9839,0.018,0.5627,False,Device is trust-compliant.,False,
28,Normal Usage,phone,Idle,0.0,1.0,0.952,0.018,0.5705,False,Device is trust-compliant.,False,
28,Normal Usage,laptop,Normal,0.0,1.0,0.9753,0.018,0.5648,False,Device is trust-compliant.,False,
29,Normal Usage,phone,Normal,0.0,1.0,0.9492,0.018,0.5712,False,Device is trust-compliant.,False,
29,Normal Usage,laptop,Normal,0.0,1.0,0.9702,0.018,0.5661,False,Device is trust-compliant.,False,
30,Normal Usage,phone,Normal,0.0,1.0,0.9472,0.018,0.5717,False,Device is trust-compliant.,False,
30,Normal Usage,laptop,Normal,0.0,1.0,0.9671,0.018,0.5668,False,Device is trust-compliant.,False,
31,Normal Usage,phone,Normal,0.0,1.0,0.9459,0.018,0.572,False,Device is trust-compliant.,False,
31,Normal Usage,laptop,Normal,0.0,1.0,0.9653,0.018,0.5673,False,Device is trust-compliant.,False,
32,Normal Usage,phone,Normal,0.0,1.0,0.9449,0.018,0.5723,False,Device is trust-compliant.,False,
32,Normal Usage,laptop,Normal,0.0,1.0,0.9192,0.018,0.5785,False,Device is trust-compliant.,False,
33,Normal Usage,phone,Normal,0.0,1.0,0.9617,0.018,0.5681,False,Device is trust-compliant.,False,
33,Normal Usage,laptop,Normal,0.0,1.0,0.9515,0.018,0.5706,False,Device is trust-compliant.,False,
34,Normal Usage,phone,Normal,0.0,1.0,0.9559,0.018,0.5696,False,Device is trust-compliant.,False,
34,Normal Usage,laptop,Normal,0.0,1.0,0.9709,0.018,0.5659,False,Device is trust-compliant.,False,
35,Normal Usage,phone,Normal,0.0,1.0,0.9693,0.018,0.5663,False,Device is trust-compliant.,False,
35,Normal Usage,laptop,Normal,0.0,1.0,0.9825,0.018,0.563,False,Device is trust-compliant.,False,
36,Normal Usage,phone,Normal,0.0,1.0,0.9612,0.018,0.5683,False,Device is trust-compliant.,False,
36,Normal Usage,laptop,Normal,0.0,1.0,0.9745,0.018,0.565,False,Device is trust-compliant.,False,
37,Normal Usage,phone,Normal,0.0,1.0,0.9556,0.018,0.5696,False,Device is trust-compliant.,False,
37,Normal Usage,laptop,Normal,0.0,1.0,0.9843,0.018,0.5626,False,Device is trust-compliant.,False,
38,Normal Usage,phone,Normal,0.0,1.0,0.8386,0.018,0.5981,False,Device is trust-compliant.,False,
38,Normal Usage,laptop,Normal,0.0,1.0,0.9749,0.018,0.5649,False,Device is trust-compliant.,False,
39,Normal Usage,phone,Normal,0.0,1.0,0.8703,0.018,0.5904,False,Device is trust-compliant.,False,
39,Normal Usage,laptop,Normal,0.0,1.0,0.9845,0.018,0.5625,False,Device is trust-compliant.,False,
40,Normal Usage,phone,Normal,0.0,1.0,0.9118,0.018,0.5803,False,Device is trust-compliant.,False,
40,Normal Usage,laptop,Normal,0.0,1.0,0.9907,0.018,0.561,False,Device is trust-compliant.,False,
1,Normal Usage,phone,Idle,0.1341,0.8659,0.98,0.0108,0.0848,False,trust-compliant,False,
1,Normal Usage,laptop,Idle,0.092,0.908,0.98,0.0199,0.0631,False,trust-compliant,False,
2,Normal Usage,phone,Idle,0.0,1.0,0.9687,0.018,0.5664,False,trust-compliant,False,
2,Normal Usage,laptop,Normal,0.0,1.0,0.9723,0.018,0.5655,False,trust-compliant,False,
3,Normal Usage,phone,Idle,0.0,1.0,0.9608,0.018,0.5684,False,trust-compliant,False,
3,Normal Usage,laptop,Normal,0.0,1.0,0.9675,0.018,0.5667,False,trust-compliant,False,
4,Normal Usage,phone,Idle,0.0,1.0,0.9553,0.018,0.5697,False,trust-compliant,False,
4,Normal Usage,laptop,Normal,0.0,1.0,0.98,0.018,0.5637,False,trust-compliant,False,
5,Normal Usage,phone,Idle,0.0,1.0,0.9515,0.018,0.5706,False,trust-compliant,False,
5,Normal Usage,laptop,Normal,0.0,1.0,0.9723,0.018,0.5655,False,trust-compliant,False,
6,Normal Usage,phone,Idle,0.0,1.0,0.9488,0.018,0.5713,False,trust-compliant,False,
6,Normal Usage,laptop,Idle,0.0,1.0,0.9829,0.018,0.5629,False,trust-compliant,False,
7,Normal Usage,phone,Normal,0.0,1.0,0.8948,0.018,0.5845,False,trust-compliant,False,
7,Normal Usage,laptop,Normal,0.0,1.0,0.9741,0.018,0.5651,False,trust-compliant,False,
8,Normal Usage,phone,Normal,0.0,1.0,0.9268,0.018,0.5767,False,trust-compliant,False,
8,Normal Usage,laptop,Normal,0.0,1.0,0.9686,0.018,0.5665,False,trust-compliant,False,
9,Normal Usage,phone,Normal,0.0008,0.9992,0.9331,0.018,0.5754,False,trust-compliant,False,
9,Normal Usage,laptop,Normal,0.0,1.0,0.9807,0.018,0.5635,False,trust-compliant,False,
10,Normal Usage,phone,Normal,0.0,1.0,0.9545,0.018,0.5699,False,trust-compliant,False,
10,Normal Usage,laptop,Normal,0.0,1.0,0.9881,0.018,0.5617,False,trust-compliant,False,
11,Normal Usage,phone,Normal,0.0,1.0,0.9691,0.018,0.5663,False,Device is trust-compliant.,False,
11,Normal Usage,laptop,Normal,0.0,1.0,0.9929,0.018,0.5605,False,Device is trust-compliant.,False,
12,Normal Usage,phone,Normal,0.0,1.0,0.911,0.018,0.5805,False,Device is trust-compliant.,False,
12,Normal Usage,laptop,Normal,0.0,1.0,0.9956,0.018,0.5598,False,Device is trust-compliant.,False,
13,Normal Usage,phone,Normal,0.0,1.0,0.9395,0.018,0.5736,False,Device is trust-compliant.,False,
13,Normal Usage,laptop,Normal,0.0,1.0,0.9973,0.018,0.5594,False,Device is trust-compliant.,False,
14,Normal Usage,phone,Normal,0.0,1.0,0.9589,0.018,0.5688,False,Device is trust-compliant.,False,
14,Normal Usage,laptop,Normal,0.0,1.0,0.9983,0.018,0.5591,False,Device is trust-compliant.,False,
15,Normal Usage,phone,Normal,0.0,1.0,0.9041,0.018,0.5822,False,Device is trust-compliant.,False,
15,Normal Usage,laptop,Normal,0.0,1.0,0.999,0.018,0.559,False,Device is trust-compliant.,False,
16,Normal Usage,phone,Normal,0.0,1.0,0.9348,0.018,0.5747,False,Device is trust-compliant.,False,
16,Normal Usage,laptop,Normal,0.0,1.0,0.9994,0.018,0.5589,False,Device is trust-compliant.,False,
17,Normal Usage,phone,Normal,0.0,1.0,0.8877,0.018,0.5862,False,Device is trust-compliant.,False,
17,Normal Usage,laptop,Normal,0.0,1.0,0.9996,0.018,0.5588,False,Device is trust-compliant.,False,
18,Normal Usage,phone,Normal,0.0,1.0,0.9236,0.018,0.5775,False,Device is trust-compliant.,False,
18,Normal Usage,laptop,Normal,0.0,1.0,0.9998,0.018,0.5588,False,Device is trust-compliant.,False,
19,Normal Usage,phone,Normal,0.0,1.0,0.88,0.018,0.5881,False,Device is trust-compliant.,False,
19,Normal Usage,laptop,Normal,0.0,1.0,0.9999,0.018,0.5588,False,Device is trust-compliant.,False,
20,Normal Usage,phone,Normal,0.0,1.0,0.9184,0.018,0.5787,False,Device is trust-compliant.,False,
20,Normal Usage,laptop,Normal,0.0,1.0,0.9999,0.018,0.5588,False,Device is trust-compliant.,False,
21,Normal Usage,phone,Normal,0.0,1.0,0.9445,0.018,0.5724,False,Device is trust-compliant.,False,
21,Normal Usage,laptop,Normal,0.0,1.0,0.9999,0.018,0.5588,False,Device is trust-compliant.,False,
22,Normal Usage,phone,Normal,0.0,1.0,0.9623,0.018,0.568,False,Device is trust-compliant.,False,
22,Normal Usage,laptop,Normal,0.0,1.0,0.9849,0.018,0.5624,False,Device is trust-compliant.,False,
23,Normal Usage,phone,Normal,0.0,1.0,0.9744,0.018,0.565,False,Device is trust-compliant.,False,
23,Normal Usage,laptop,Normal,0.0,1.0,0.9907,0.018,0.561,False,Device is trust-compliant.,False,
24,Normal Usage,phone,Normal,0.0,1.0,0.9146,0.018,0.5797,False,Device is trust-compliant.,False,
24,Normal Usage,laptop,Idle,0.0,1.0,0.9789,0.018,0.5639,False,Device is trust-compliant.,False,
25,Normal Usage,phone,Normal,0.0,1.0,0.9419,0.018,0.573,False,Device is trust-compliant.,False,
25,Normal Usage,laptop,Normal,0.0,1.0,0.9716,0.018,0.5657,False,Device is trust-compliant.,False,
26,Normal Usage,phone,Normal,0.0,1.0,0.9605,0.018,0.5684,False,Device is trust-compliant.,False,
26,Normal Usage,laptop,Normal,0.0,1.0,0.9671,0.018,0.5668,False,Device is trust-compliant.,False,
27,Normal Usage,phone,Normal,0.0,1.0,0.9731,0.018,0.5653,False,Device is trust-compliant.,False,
27,Normal Usage,laptop,Idle,0.0,1.0,0.9643,0.018,0.5675,False,Device is trust-compliant.,False,
28,Normal Usage,phone,Normal,0.0,1.0,0.9137,0.018,0.5799,False,Device is trust-compliant.,False,
28,Normal Usage,laptop,Idle,0.0,1.0,0.9626,0.018,0.5679,False,Device is trust-compliant.,False,
29,Normal Usage,phone,Normal,0.0,1.0,0.9413,0.018,0.5731,False,Device is trust-compliant.,False,
29,Normal Usage,laptop,Idle,0.0,1.0,0.9616,0.018,0.5682,False,Device is trust-compliant.,False,
30,Normal Usage,phone,Normal,0.0,1.0,0.8921,0.018,0.5851,False,Device is trust-compliant.,False,
30,Normal Usage,laptop,Normal,0.0,1.0,0.9609,0.018,0.5683,False,Device is trust-compliant.,False,
31,Normal Usage,phone,Normal,0.0,1.0,0.9266,0.018,0.5767,False,Device is trust-compliant.,False,
31,Normal Usage,laptop,Normal,0.0,1.0,0.9759,0.018,0.5647,False,Device is trust-compliant.,False,
32,Normal Usage,phone,Normal,0.0,1.0,0.9501,0.018,0.571,False,Device is trust-compliant.,False,
32,Normal Usage,laptop,Normal,0.0,1.0,0.9698,0.018,0.5662,False,Device is trust-compliant.,False,
33,Normal Usage,phone,Normal,0.0,1.0,0.9661,0.018,0.5671,False,Device is trust-compliant.,False,
33,Normal Usage,laptop,Normal,0.0,1.0,0.966,0.018,0.5671,False,Device is trust-compliant.,False,
34,Normal Usage,phone,Normal,0.0,1.0,0.9769,0.018,0.5644,False,Device is trust-compliant.,False,
34,Normal Usage,laptop,Normal,0.0,1.0,0.9796,0.018,0.5638,False,Device is trust-compliant.,False,
35,Normal Usage,phone,Normal,0.0,1.0,0.9673,0.018,0.5668,False,Device is trust-compliant.,False,
35,Normal Usage,laptop,Normal,0.0,1.0,0.9728,0.018,0.5654,False,Device is trust-compliant.,False,
36,Normal Usage,phone,Normal,0.0,1.0,0.9778,0.018,0.5642,False,Device is trust-compliant.,False,
36,Normal Usage,laptop,Normal,0.0,1.0,0.9837,0.018,0.5627,False,Device is trust-compliant.,False,
37,Normal Usage,phone,Normal,0.0,1.0,0.9679,0.018,0.5666,False,Device is trust-compliant.,False,
37,Normal Usage,laptop,Normal,0.0,1.0,0.9752,0.018,0.5648,False,Device is trust-compliant.,False,
38,Normal Usage,phone,Normal,0.0,1.0,0.9782,0.018,0.5641,False,Device is trust-compliant.,False,
38,Normal Usage,laptop,Normal,0.0,1.0,0.9701,0.018,0.5661,False,Device is trust-compliant.,False,
39,Normal Usage,phone,Normal,0.0,1.0,0.9682,0.018,0.5666,False,Device is trust-compliant.,False,
39,Normal Usage,laptop,Normal,0.0,1.0,0.9821,0.018,0.5631,False,Device is trust-compliant.,False,
40,Normal Usage,phone,Normal,0.0,1.0,0.9614,0.018,0.5682,False,Device is trust-compliant.,False,
40,Normal Usage,laptop,Normal,0.0,1.0,0.989,0.018,0.5614,False,Device is trust-compliant.,False,
1,Legitimate Travel,phone,Idle,0.1193,0.8807,0.98,0.065,0.0975,False,trust-compliant,False,
1,Legitimate Travel,laptop,Idle,0.0832,0.9168,0.98,0.0139,0.0555,False,trust-compliant,False,
2,Legitimate Travel,phone,Normal,0.0,1.0,0.9687,0.018,0.5664,False,trust-compliant,False,
2,Legitimate Travel,laptop,Idle,0.0,1.0,0.9723,0.018,0.5655,False,trust-compliant,False,
3,Legitimate Travel,phone,Normal,0.0,1.0,0.9608,0.018,0.5684,False,trust-compliant,False,
3,Legitimate Travel,laptop,Idle,0.0,1.0,0.9675,0.018,0.5667,False,trust-compliant,False,
4,Legitimate Travel,phone,Normal,0.0,1.0,0.9553,0.018,0.5697,False,trust-compliant,False,
4,Legitimate Travel,laptop,Idle,0.0,1.0,0.98,0.018,0.5637,False,trust-compliant,False,
5,Legitimate Travel,phone,Idle,0.0,1.0,0.9515,0.018,0.5706,False,trust-compliant,False,
5,Legitimate Travel,laptop,Normal,0.0,1.0,0.9723,0.018,0.5655,False,trust-compliant,False,
6,Legitimate Travel,phone,Normal,0.0,1.0,0.9488,0.018,0.5713,False,trust-compliant,False,
6,Legitimate Travel,laptop,Idle,0.0,1.0,0.9829,0.018,0.5629,False,trust-compliant,False,
7,Legitimate Travel,phone,Normal,0.0,1.0,0.947,0.018,0.5718,False,trust-compliant,False,
7,Legitimate Travel,laptop,Normal,0.0,1.0,0.9279,0.018,0.5764,False,trust-compliant,False,
8,Legitimate Travel,phone,Normal,0.0012,0.9988,0.9456,0.018,0.5725,False,trust-compliant,False,
8,Legitimate Travel,laptop,Normal,0.0011,0.9989,0.9399,0.018,0.5739,False,trust-compliant,False,
9,Legitimate Travel,phone,Normal,0.0,1.0,0.9621,0.018,0.5681,False,trust-compliant,False,
9,Legitimate Travel,laptop,Normal,0.0003,0.9997,0.9629,0.018,0.568,False,trust-compliant,False,
10,Legitimate Travel,phone,Normal,0.0,1.0,0.9736,0.018,0.5652,False,trust-compliant,False,
10,Legitimate Travel,laptop,Normal,0.0,1.0,0.9777,0.018,0.5642,False,trust-compliant,False,
11,Legitimate Travel,phone,Normal,0.0,1.0,0.9642,0.018,0.5675,False,Device is trust-compliant.,False,
11,Legitimate Travel,laptop,Normal,0.0,1.0,0.9866,0.018,0.562,False,Device is trust-compliant.,False,
12,Legitimate Travel,phone,Normal,0.0,1.0,0.9577,0.018,0.5691,False,Device is trust-compliant.,False,
12,Legitimate Travel,laptop,Normal,0.0,1.0,0.992,0.018,0.5607,False,Device is trust-compliant.,False,
13,Legitimate Travel,phone,Normal,0.0,1.0,0.9712,0.018,0.5658,False,Device is trust-compliant.,False,
13,Legitimate Travel,laptop,Normal,0.0,1.0,0.9951,0.018,0.5599,False,Device is trust-compliant.,False,
14,Legitimate Travel,phone,Normal,0.0,1.0,0.9634,0.018,0.5677,False,Device is trust-compliant.,False,
14,Legitimate Travel,laptop,Normal,0.0,1.0,0.9816,0.018,0.5633,False,Device is trust-compliant.,False,
15,Legitimate Travel,phone,Normal,0.0,1.0,0.9751,0.018,0.5649,False,Device is trust-compliant.,False,
15,Legitimate Travel,laptop,Normal,0.0,1.0,0.9733,0.018,0.5653,False,Device is trust-compliant.,False,
16,Legitimate Travel,phone,Normal,0.0,1.0,0.9827,0.018,0.563,False,Device is trust-compliant.,False,
16,Legitimate Travel,laptop,Normal,0.0011,0.9989,0.9833,0.018,0.5632,False,Device is trust-compliant.,False,
17,Legitimate Travel,phone,Normal,0.0,1.0,0.988,0.018,0.5617,False,Device is trust-compliant.,False,
17,Legitimate Travel,laptop,Normal,0.0,1.0,0.9897,0.018,0.5613,False,Device is trust-compliant.,False,
18,Legitimate Travel,phone,Normal,0.0,1.0,0.9742,0.018,0.5651,False,Device is trust-compliant.,False,
18,Legitimate Travel,laptop,Normal,0.0,1.0,0.9937,0.018,0.5603,False,Device is trust-compliant.,False,
19,Legitimate Travel,phone,Normal,0.0,1.0,0.982,0.018,0.5632,False,Device is trust-compliant.,False,
19,Legitimate Travel,laptop,Normal,0.0,1.0,0.9962,0.018,0.5597,False,Device is trust-compliant.,False,
20,Legitimate Travel,phone,Normal,0.0,1.0,0.9875,0.018,0.5618,False,Device is trust-compliant.,False,
20,Legitimate Travel,laptop,Normal,0.0,1.0,0.9977,0.018,0.5593,False,Device is trust-compliant.,False,
21,Legitimate Travel,phone,Normal,0.0,1.0,0.9915,0.018,0.5608,False,Device is trust-compliant.,False,
21,Legitimate Travel,laptop,Normal,0.0,1.0,0.9986,0.018,0.5591,False,Device is trust-compliant.,False,
22,Legitimate Travel,phone,Normal,0.0,1.0,0.9942,0.018,0.5602,False,Device is trust-compliant.,False,
22,Legitimate Travel,laptop,Normal,0.0,1.0,0.9837,0.018,0.5627,False,Device is trust-compliant.,False,
23,Legitimate Travel,phone,Normal,0.0,1.0,0.9961,0.018,0.5597,False,Device is trust-compliant.,False,
23,Legitimate Travel,laptop,Normal,0.0,1.0,0.99,0.018,0.5612,False,Device is trust-compliant.,False,
24,Legitimate Travel,phone,Normal,0.0011,0.9989,0.9802,0.018,0.564,False,Device is trust-compliant.,False,
24,Legitimate Travel,laptop,Normal,0.0016,0.9984,0.9781,0.018,0.5647,False,Device is trust-compliant.,False,
25,Legitimate Travel,phone,Normal,0.0013,0.9987,0.9693,0.018,0.5668,False,Device is trust-compliant.,False,
25,Legitimate Travel,laptop,Normal,0.0015,0.9985,0.9708,0.018,0.5665,False,Device is trust-compliant.,False,
26,Legitimate Travel,phone,Idle,0.0,1.0,0.9621,0.018,0.5681,False,Device is trust-compliant.,False,
26,Legitimate Travel,laptop,Normal,0.0,1.0,0.982,0.018,0.5632,False,Device is trust-compliant.,False,
27,Legitimate Travel,phone,Idle,0.0,1.0,0.9742,0.018,0.5651,False,Device is trust-compliant.,False,
27,Legitimate Travel,laptop,Normal,0.0,1.0,0.9735,0.018,0.5653,False,Device is trust-compliant.,False,
28,Legitimate Travel,phone,Idle,0.0,1.0,0.9655,0.018,0.5672,False,Device is trust-compliant.,False,
28,Legitimate Travel,laptop,Normal,0.0,1.0,0.9683,0.018,0.5665,False,Device is trust-compliant.,False,
29,Legitimate Travel,phone,Idle,0.0,1.0,0.9595,0.018,0.5687,False,Device is trust-compliant.,False,
29,Legitimate Travel,laptop,Normal,0.0,1.0,0.9805,0.018,0.5635,False,Device is trust-compliant.,False,
30,Legitimate Travel,phone,Normal,0.0,1.0,0.9725,0.018,0.5655,False,Device is trust-compliant.,False,
30,Legitimate Travel,laptop,Normal,0.0,1.0,0.9726,0.018,0.5655,False,Device is trust-compliant.,False,
31,Legitimate Travel,phone,Normal,0.0,1.0,0.9813,0.018,0.5633,False,Device is trust-compliant.,False,
31,Legitimate Travel,laptop,Normal,0.0,1.0,0.9677,0.018,0.5667,False,Device is trust-compliant.,False,
32,Legitimate Travel,phone,Normal,0.0012,0.9988,0.9701,0.018,0.5665,False,Device is trust-compliant.,False,
32,Legitimate Travel,laptop,Normal,0.0012,0.9988,0.9798,0.018,0.5641,False,Device is trust-compliant.,False,
33,Legitimate Travel,phone,Normal,0.0,1.0,0.9792,0.018,0.5638,False,Device is trust-compliant.,False,
33,Legitimate Travel,laptop,Normal,0.0,1.0,0.9879,0.018,0.5617,False,Device is trust-compliant.,False,
34,Legitimate Travel,phone,Normal,0.0,1.0,0.9855,0.018,0.5623,False,Device is trust-compliant.,False,
34,Legitimate Travel,laptop,Normal,0.0,1.0,0.9927,0.018,0.5605,False,Device is trust-compliant.,False,
35,Legitimate Travel,phone,Normal,0.0,1.0,0.9899,0.018,0.5612,False,Device is trust-compliant.,False,
35,Legitimate Travel,laptop,Normal,0.0,1.0,0.9956,0.018,0.5598,False,Device is trust-compliant.,False,
36,Legitimate Travel,phone,Normal,0.0,1.0,0.993,0.018,0.5605,False,Device is trust-compliant.,False,
36,Legitimate Travel,laptop,Normal,0.0,1.0,0.9974,0.018,0.5594,False,Device is trust-compliant.,False,
37,Legitimate Travel,phone,Normal,0.0,1.0,0.9951,0.018,0.5599,False,Device is trust-compliant.,False,
37,Legitimate Travel,laptop,Normal,0.0,1.0,0.9984,0.018,0.5591,False,Device is trust-compliant.,False,
38,Legitimate Travel,phone,Normal,0.0,1.0,0.9967,0.018,0.5595,False,Device is trust-compliant.,False,
38,Legitimate Travel,laptop,Normal,0.0,1.0,0.999,0.018,0.559,False,Device is trust-compliant.,False,
39,Legitimate Travel,phone,Normal,0.0,1.0,0.9978,0.018,0.5593,False,Device is trust-compliant.,False,
39,Legitimate Travel,laptop,Normal,0.0,1.0,0.9994,0.018,0.5589,False,Device is trust-compliant.,False,
40,Legitimate Travel,phone,Normal,0.0012,0.9988,0.9813,0.018,0.5638,False,Device is trust-compliant.,False,
40,Legitimate Travel,laptop,Normal,0.0012,0.9988,0.9993,0.018,0.5593,False,Device is trust-compliant.,False,
1,Legitimate Travel,phone,Idle,0.1093,0.8907,0.98,0.0194,0.0734,False,trust-compliant,False,
1,Legitimate Travel,laptop,Idle,0.0726,0.9274,0.98,0.0799,0.0755,False,trust-compliant,False,
2,Legitimate Travel,phone,Idle,0.0,1.0,0.9687,0.0014,0.5583,False,trust-compliant,False,
2,Legitimate Travel,laptop,Idle,0.0,1.0,0.9723,0.0014,0.5574,False,trust-compliant,False,
3,Legitimate Travel,phone,Idle,0.0,1.0,0.9608,0.018,0.5684,False,trust-compliant,False,
3,Legitimate Travel,laptop,Idle,0.0,1.0,0.9829,0.018,0.5629,False,trust-compliant,False,
4,Legitimate Travel,phone,Idle,0.0,1.0,0.9553,0.018,0.5697,False,trust-compliant,False,
4,Legitimate Travel,laptop,Idle,0.0,1.0,0.9741,0.018,0.5651,False,trust-compliant,False,
5,Legitimate Travel,phone,Idle,0.0,1.0,0.9515,0.018,0.5706,False,trust-compliant,False,
5,Legitimate Travel,laptop,Idle,0.0,1.0,0.9686,0.018,0.5665,False,trust-compliant,False,
6,Legitimate Travel,phone,Idle,0.0,1.0,0.9488,0.018,0.5713,False,trust-compliant,False,
6,Legitimate Travel,laptop,Normal,0.0,1.0,0.9653,0.018,0.5673,False,trust-compliant,False,
7,Legitimate Travel,phone,Normal,0.0052,0.9948,0.9644,0.018,0.5694,False,trust-compliant,False,
7,Legitimate Travel,laptop,Normal,0.0,1.0,0.9632,0.018,0.5678,False,trust-compliant,False,
8,Legitimate Travel,phone,Normal,0.0001,0.9999,0.9758,0.018,0.5647,False,trust-compliant,False,
8,Legitimate Travel,laptop,Normal,0.0006,0.9994,0.9772,0.018,0.5646,False,trust-compliant,False,
9,Legitimate Travel,phone,Normal,0.0004,0.9996,0.9155,0.018,0.5796,False,trust-compliant,False,
9,Legitimate Travel,laptop,Normal,0.0012,0.9988,0.9857,0.018,0.5627,False,trust-compliant,False,
10,Legitimate Travel,phone,Normal,0.0,1.0,0.9425,0.018,0.5729,False,trust-compliant,False,
10,Legitimate Travel,laptop,Normal,0.0,1.0,0.9764,0.018,0.5645,False,trust-compliant,False,
11,Legitimate Travel,phone,Normal,0.0,1.0,0.8929,0.018,0.5849,False,Device is trust-compliant.,False,
11,Legitimate Travel,laptop,Normal,0.0,1.0,0.9858,0.018,0.5622,False,Device is trust-compliant.,False,
12,Legitimate Travel,phone,Normal,0.0,1.0,0.9272,0.018,0.5766,False,Device is trust-compliant.,False,
12,Legitimate Travel,laptop,Normal,0.0,1.0,0.9915,0.018,0.5608,False,Device is trust-compliant.,False,
13,Legitimate Travel,phone,Normal,0.0,1.0,0.9505,0.018,0.5709,False,Device is trust-compliant.,False,
13,Legitimate Travel,laptop,Normal,0.0,1.0,0.9949,0.018,0.56,False,Device is trust-compliant.,False,
14,Legitimate Travel,phone,Normal,0.0,1.0,0.9663,0.018,0.567,False,Device is trust-compliant.,False,
14,Legitimate Travel,laptop,Normal,0.0,1.0,0.9969,0.018,0.5595,False,Device is trust-compliant.,False,
15,Legitimate Travel,phone,Normal,0.0,1.0,0.9091,0.018,0.581,False,Device is trust-compliant.,False,
15,Legitimate Travel,laptop,Normal,0.0,1.0,0.9981,0.018,0.5592,False,Device is trust-compliant.,False,
16,Legitimate Travel,phone,Normal,0.0002,0.9998,0.8702,0.018,0.5905,False,Device is trust-compliant.,False,
16,Legitimate Travel,laptop,Normal,0.0,1.0,0.9988,0.018,0.559,False,Device is trust-compliant.,False,
17,Legitimate Travel,phone,Normal,0.0003,0.9997,0.8437,0.018,0.5969,False,Device is trust-compliant.,False,
17,Legitimate Travel,laptop,Normal,0.0,1.0,0.9993,0.018,0.5589,False,Device is trust-compliant.,False,
18,Legitimate Travel,phone,Normal,0.0,1.0,0.8257,0.018,0.6012,False,Device is trust-compliant.,False,
18,Legitimate Travel,laptop,Normal,0.0,1.0,0.9996,0.018,0.5588,False,Device is trust-compliant.,False,
19,Legitimate Travel,phone,Normal,0.0,1.0,0.8815,0.018,0.5877,False,Device is trust-compliant.,False,
19,Legitimate Travel,laptop,Normal,0.0,1.0,0.9998,0.018,0.5588,False,Device is trust-compliant.,False,
20,Legitimate Travel,phone,Normal,0.0,1.0,0.8514,0.018,0.595,False,Device is trust-compliant.,False,
20,Legitimate Travel,laptop,Normal,0.0,1.0,0.9999,0.018,0.5588,False,Device is trust-compliant.,False,
21,Legitimate Travel,phone,Normal,0.0,1.0,0.831,0.018,0.5999,False,Device is trust-compliant.,False,
21,Legitimate Travel,laptop,Normal,0.0,1.0,0.9845,0.018,0.5625,False,Device is trust-compliant.,False,
22,Legitimate Travel,phone,Normal,0.0,1.0,0.8171,0.018,0.6032,False,Device is trust-compliant.,False,
22,Legitimate Travel,laptop,Normal,0.0,1.0,0.9905,0.018,0.5611,False,Device is trust-compliant.,False,
23,Legitimate Travel,phone,Normal,0.0,1.0,0.8076,0.018,0.6055,False,Device is trust-compliant.,False,
23,Legitimate Travel,laptop,Normal,0.0,1.0,0.9941,0.018,0.5602,False,Device is trust-compliant.,False,
24,Legitimate Travel,phone,Normal,0.0008,0.9992,0.801,0.018,0.6074,False,Device is trust-compliant.,False,
24,Legitimate Travel,laptop,Normal,0.0012,0.9988,0.9807,0.018,0.5639,False,Device is trust-compliant.,False,
25,Legitimate Travel,phone,Normal,0.0004,0.9996,0.8646,0.018,0.5919,False,Device is trust-compliant.,False,
25,Legitimate Travel,laptop,Normal,0.0013,0.9987,0.9724,0.018,0.566,False,Device is trust-compliant.,False,
26,Legitimate Travel,phone,Normal,0.0,1.0,0.9079,0.018,0.5813,False,Device is trust-compliant.,False,
26,Legitimate Travel,laptop,Idle,0.0,1.0,0.9676,0.018,0.5667,False,Device is trust-compliant.,False,
27,Legitimate Travel,phone,Normal,0.0,1.0,0.8694,0.018,0.5906,False,Device is trust-compliant.,False,
27,Legitimate Travel,laptop,Idle,0.0,1.0,0.9646,0.018,0.5674,False,Device is trust-compliant.,False,
28,Legitimate Travel,phone,Normal,0.0,1.0,0.9112,0.018,0.5805,False,Device is trust-compliant.,False,
28,Legitimate Travel,laptop,Idle,0.0,1.0,0.9628,0.018,0.5679,False,Device is trust-compliant.,False,
29,Legitimate Travel,phone,Normal,0.0,1.0,0.9396,0.018,0.5736,False,Device is trust-compliant.,False,
29,Legitimate Travel,laptop,Idle,0.0,1.0,0.9617,0.018,0.5681,False,Device is trust-compliant.,False,
30,Legitimate Travel,phone,Normal,0.0,1.0,0.9589,0.018,0.5688,False,Device is trust-compliant.,False,
30,Legitimate Travel,laptop,Normal,0.0,1.0,0.961,0.018,0.5683,False,Device is trust-compliant.,False,
31,Legitimate Travel,phone,Normal,0.0,1.0,0.9551,0.018,0.5698,False,Device is trust-compliant.,False,
31,Legitimate Travel,laptop,Normal,0.0,1.0,0.9606,0.018,0.5684,False,Device is trust-compliant.,False,
32,Legitimate Travel,phone,Normal,0.0005,0.9995,0.9694,0.018,0.5664,False,Device is trust-compliant.,False,
32,Legitimate Travel,laptop,Normal,0.0012,0.9988,0.9601,0.018,0.569,False,Device is trust-compliant.,False,
33,Legitimate Travel,phone,Normal,0.0008,0.9992,0.9791,0.018,0.5642,False,Device is trust-compliant.,False,
33,Legitimate Travel,laptop,Normal,0.0,1.0,0.9754,0.018,0.5648,False,Device is trust-compliant.,False,
34,Legitimate Travel,phone,Normal,0.0,1.0,0.9855,0.018,0.5623,False,Device is trust-compliant.,False,
34,Legitimate Travel,laptop,Normal,0.0,1.0,0.9848,0.018,0.5625,False,Device is trust-compliant.,False,
35,Legitimate Travel,phone,Normal,0.0,1.0,0.9899,0.018,0.5612,False,Device is trust-compliant.,False,
35,Legitimate Travel,laptop,Normal,0.0,1.0,0.9906,0.018,0.561,False,Device is trust-compliant.,False,
36,Legitimate Travel,phone,Normal,0.0,1.0,0.9931,0.018,0.5604,False,Device is trust-compliant.,False,
36,Legitimate Travel,laptop,Normal,0.0,1.0,0.9942,0.018,0.5602,False,Device is trust-compliant.,False,
37,Legitimate Travel,phone,Normal,0.0,1.0,0.9953,0.018,0.5599,False,Device is trust-compliant.,False,
37,Legitimate Travel,laptop,Normal,0.0,1.0,0.9964,0.018,0.5596,False,Device is trust-compliant.,False,
38,Legitimate Travel,phone,Normal,0.0,1.0,0.9968,0.018,0.5595,False,Device is trust-compliant.,False,
38,Legitimate Travel,laptop,Normal,0.0,1.0,0.9978,0.018,0.5593,False,Device is trust-compliant.,False,
39,Legitimate Travel,phone,Normal,0.0,1.0,0.9978,0.018,0.5593,False,Device is trust-compliant.,False,
39,Legitimate Travel,laptop,Normal,0.0,1.0,0.9987,0.018,0.559,False,Device is trust-compliant.,False,
40,Legitimate Travel,phone,Normal,0.0012,0.9988,0.9809,0.018,0.5639,False,Device is trust-compliant.,False,
40,Legitimate Travel,laptop,Normal,0.0012,0.9988,0.9989,0.018,0.5594,False,Device is trust-compliant.,False,
1,Legitimate Travel,phone,Idle,0.132,0.868,0.98,0.1323,0.1321,False,trust-compliant,False,
1,Legitimate Travel,laptop,Idle,0.1265,0.8735,0.98,0.0687,0.1034,False,trust-compliant,False,
2,Legitimate Travel,phone,Normal,0.0,1.0,0.9864,0.018,0.5621,False,trust-compliant,False,
2,Legitimate Travel,laptop,Normal,0.0,1.0,0.9723,0.018,0.5655,False,trust-compliant,False,
3,Legitimate Travel,phone,Normal,0.0,1.0,0.9908,0.018,0.561,False,trust-compliant,False,
3,Legitimate Travel,laptop,Idle,0.0,1.0,0.9675,0.018,0.5667,False,trust-compliant,False,
4,Legitimate Travel,phone,Normal,0.0,1.0,0.9257,0.018,0.577,False,trust-compliant,False,
4,Legitimate Travel,laptop,Idle,0.0,1.0,0.9646,0.018,0.5674,False,trust-compliant,False,
5,Legitimate Travel,phone,Normal,0.0,1.0,0.8815,0.018,0.5877,False,trust-compliant,False,
5,Legitimate Travel,laptop,Idle,0.0,1.0,0.9628,0.018,0.5679,False,trust-compliant,False,
6,Legitimate Travel,phone,Normal,0.0,1.0,0.8514,0.018,0.595,False,trust-compliant,False,
6,Legitimate Travel,laptop,Normal,0.0,1.0,0.9617,0.018,0.5681,False,trust-compliant,False,
7,Legitimate Travel,phone,Normal,0.0,1.0,0.899,0.018,0.5835,False,trust-compliant,False,
7,Legitimate Travel,laptop,Normal,0.0,1.0,0.9764,0.018,0.5645,False,trust-compliant,False,
8,Legitimate Travel,phone,Normal,0.0005,0.9995,0.9312,0.018,0.5758,False,trust-compliant,False,
8,Legitimate Travel,laptop,Normal,0.0012,0.9988,0.9698,0.018,0.5666,False,trust-compliant,False,
9,Legitimate Travel,phone,Normal,0.0002,0.9998,0.9362,0.018,0.5745,False,trust-compliant,False,
9,Legitimate Travel,laptop,Normal,0.0,1.0,0.9819,0.018,0.5632,False,trust-compliant,False,
10,Legitimate Travel,phone,Normal,0.0,1.0,0.8886,0.018,0.586,False,trust-compliant,False,
10,Legitimate Travel,laptop,Normal,0.0,1.0,0.9889,0.018,0.5615,False,trust-compliant,False,
11,Legitimate Travel,phone,Normal,0.0,1.0,0.9072,0.018,0.5815,False,Device is trust-compliant.,False,
11,Legitimate Travel,laptop,Normal,0.0,1.0,0.9932,0.018,0.5604,False,Device is trust-compliant.,False,
12,Legitimate Travel,phone,Normal,0.0,1.0,0.8689,0.018,0.5908,False,Device is trust-compliant.,False,
12,Legitimate Travel,laptop,Normal,0.0,1.0,0.9959,0.018,0.5597,False,Device is trust-compliant.,False,
13,Legitimate Travel,phone,Normal,0.0,1.0,0.9109,0.018,0.5806,False,Device is trust-compliant.,False,
13,Legitimate Travel,laptop,Normal,0.0,1.0,0.9975,0.018,0.5593,False,Device is trust-compliant.,False,
14,Legitimate Travel,phone,Normal,0.0,1.0,0.9394,0.018,0.5736,False,Device is trust-compliant.,False,
14,Legitimate Travel,laptop,Normal,0.0,1.0,0.9985,0.018,0.5591,False,Device is trust-compliant.,False,
15,Legitimate Travel,phone,Normal,0.0,1.0,0.8908,0.018,0.5855,False,Device is trust-compliant.,False,
15,Legitimate Travel,laptop,Normal,0.0,1.0,0.9991,0.018,0.5589,False,Device is trust-compliant.,False,
16,Legitimate Travel,phone,Normal,0.0026,0.9974,0.9254,0.018,0.578,False,Device is trust-compliant.,False,
16,Legitimate Travel,laptop,Normal,0.0,1.0,0.9994,0.018,0.5589,False,Device is trust-compliant.,False,
17,Legitimate Travel,phone,Normal,0.0,1.0,0.9493,0.018,0.5712,False,Device is trust-compliant.,False,
17,Legitimate Travel,laptop,Normal,0.0001,0.9999,0.9996,0.018,0.5589,False,Device is trust-compliant.,False,
18,Legitimate Travel,phone,Normal,0.0,1.0,0.9655,0.018,0.5672,False,Device is trust-compliant.,False,
18,Legitimate Travel,laptop,Normal,0.0,1.0,0.9998,0.018,0.5588,False,Device is trust-compliant.,False,
19,Legitimate Travel,phone,Normal,0.0,1.0,0.9595,0.018,0.5687,False,Device is trust-compliant.,False,
19,Legitimate Travel,laptop,Normal,0.0,1.0,0.9999,0.018,0.5588,False,Device is trust-compliant.,False,
20,Legitimate Travel,phone,Normal,0.0004,0.9996,0.9044,0.018,0.5823,False,Device is trust-compliant.,False,
20,Legitimate Travel,laptop,Normal,0.0,1.0,0.9999,0.018,0.5588,False,Device is trust-compliant.,False,
21,Legitimate Travel,phone,Normal,0.0,1.0,0.935,0.018,0.5747,False,Device is trust-compliant.,False,
21,Legitimate Travel,laptop,Normal,0.0,1.0,0.9999,0.018,0.5588,False,Device is trust-compliant.,False,
22,Legitimate Travel,phone,Normal,0.0,1.0,0.9558,0.018,0.5696,False,Device is trust-compliant.,False,
22,Legitimate Travel,laptop,Normal,0.0004,0.9996,0.9998,0.018,0.5589,False,Device is trust-compliant.,False,
23,Legitimate Travel,phone,Normal,0.0,1.0,0.9699,0.018,0.5661,False,Device is trust-compliant.,False,
23,Legitimate Travel,laptop,Normal,0.0,1.0,0.9399,0.018,0.5735,False,Device is trust-compliant.,False,
24,Legitimate Travel,phone,Normal,0.0,1.0,0.9115,0.018,0.5804,False,Device is trust-compliant.,False,
24,Legitimate Travel,laptop,Normal,0.001,0.999,0.9637,0.018,0.568,False,Device is trust-compliant.,False,
25,Legitimate Travel,phone,Normal,0.0007,0.9993,0.8717,0.018,0.5903,False,Device is trust-compliant.,False,
25,Legitimate Travel,laptop,Normal,0.0002,0.9998,0.9782,0.018,0.5642,False,Device is trust-compliant.,False,
26,Legitimate Travel,phone,Normal,0.0,1.0,0.8448,0.018,0.5966,False,Device is trust-compliant.,False,
26,Legitimate Travel,laptop,Normal,0.0,1.0,0.9869,0.018,0.562,False,Device is trust-compliant.,False,
27,Legitimate Travel,phone,Normal,0.0,1.0,0.8945,0.018,0.5846,False,Device is trust-compliant.,False,
27,Legitimate Travel,laptop,Normal,0.0,1.0,0.9771,0.018,0.5644,False,Device is trust-compliant.,False,
28,Legitimate Travel,phone,Normal,0.0,1.0,0.9283,0.018,0.5763,False,Device is trust-compliant.,False,
28,Legitimate Travel,laptop,Normal,0.0,1.0,0.9713,0.018,0.5658,False,Device is trust-compliant.,False,
29,Legitimate Travel,phone,Normal,0.0,1.0,0.9512,0.018,0.5707,False,Device is trust-compliant.,False,
29,Legitimate Travel,laptop,Normal,0.0,1.0,0.9828,0.018,0.563,False,Device is trust-compliant.,False,
30,Legitimate Travel,phone,Normal,0.0,1.0,0.8988,0.018,0.5835,False,Device is trust-compliant.,False,
30,Legitimate Travel,laptop,Normal,0.0,1.0,0.9897,0.018,0.5613,False,Device is trust-compliant.,False,
31,Legitimate Travel,phone,Normal,0.0,1.0,0.9312,0.018,0.5756,False,Device is trust-compliant.,False,
31,Legitimate Travel,laptop,Normal,0.0,1.0,0.9938,0.018,0.5603,False,Device is trust-compliant.,False,
32,Legitimate Travel,phone,Normal,0.0002,0.9998,0.9532,0.018,0.5703,False,Device is trust-compliant.,False,
32,Legitimate Travel,laptop,Normal,0.0002,0.9998,0.9962,0.018,0.5597,False,Device is trust-compliant.,False,
33,Legitimate Travel,phone,Normal,0.0013,0.9987,0.968,0.018,0.5671,False,Device is trust-compliant.,False,
33,Legitimate Travel,laptop,Normal,0.0007,0.9993,0.9975,0.018,0.5596,False,Device is trust-compliant.,False,
34,Legitimate Travel,phone,Normal,0.0,1.0,0.9102,0.018,0.5807,False,Device is trust-compliant.,False,
34,Legitimate Travel,laptop,Normal,0.0,1.0,0.9985,0.018,0.5591,False,Device is trust-compliant.,False,
35,Legitimate Travel,phone,Normal,0.0,1.0,0.9389,0.018,0.5737,False,Device is trust-compliant.,False,
35,Legitimate Travel,laptop,Normal,0.0,1.0,0.9837,0.018,0.5627,False,Device is trust-compliant.,False,
36,Legitimate Travel,phone,Normal,0.0,1.0,0.9585,0.018,0.5689,False,Device is trust-compliant.,False,
36,Legitimate Travel,laptop,Normal,0.0,1.0,0.99,0.018,0.5612,False,Device is trust-compliant.,False,
37,Legitimate Travel,phone,Normal,0.0,1.0,0.9038,0.018,0.5823,False,Device is trust-compliant.,False,
37,Legitimate Travel,laptop,Normal,0.0,1.0,0.994,0.018,0.5602,False,Device is trust-compliant.,False,
38,Legitimate Travel,phone,Normal,0.0,1.0,0.9346,0.018,0.5748,False,Device is trust-compliant.,False,
38,Legitimate Travel,laptop,Normal,0.0,1.0,0.9964,0.018,0.5596,False,Device is trust-compliant.,False,
39,Legitimate Travel,phone,Normal,0.0,1.0,0.9555,0.018,0.5697,False,Device is trust-compliant.,False,
39,Legitimate Travel,laptop,Normal,0.0,1.0,0.9828,0.018,0.563,False,Device is trust-compliant.,False,
40,Legitimate Travel,phone,Normal,0.0011,0.9989,0.9696,0.018,0.5666,False,Device is trust-compliant.,False,
40,Legitimate Travel,laptop,Normal,0.0,1.0,0.9897,0.018,0.5613,False,Device is trust-compliant.,False,
1,Legitimate Travel,phone,Idle,0.1136,0.8864,0.98,0.0145,0.074,False,trust-compliant,False,
1,Legitimate Travel,laptop,Idle,0.1119,0.8881,0.98,0.0554,0.0893,False,trust-compliant,False,
2,Legitimate Travel,phone,Idle,0.0,1.0,0.9687,0.018,0.5664,False,trust-compliant,False,
2,Legitimate Travel,laptop,Normal,0.0,1.0,0.9877,0.018,0.5618,False,trust-compliant,False,
3,Legitimate Travel,phone,Normal,0.0,1.0,0.9608,0.018,0.5684,False,trust-compliant,False,
3,Legitimate Travel,laptop,Idle,0.0,1.0,0.977,0.018,0.5644,False,trust-compliant,False,
4,Legitimate Travel,phone,Normal,0.0,1.0,0.9553,0.018,0.5697,False,trust-compliant,False,
4,Legitimate Travel,laptop,Idle,0.0,1.0,0.9704,0.018,0.566,False,trust-compliant,False,
5,Legitimate Travel,phone,Idle,0.0,1.0,0.9515,0.018,0.5706,False,trust-compliant,False,
5,Legitimate Travel,laptop,Normal,0.0,1.0,0.9664,0.018,0.567,False,trust-compliant,False,
6,Legitimate Travel,phone,Idle,0.0,1.0,0.9488,0.018,0.5713,False,trust-compliant,False,
6,Legitimate Travel,laptop,Idle,0.0,1.0,0.9639,0.018,0.5676,False,trust-compliant,False,
7,Legitimate Travel,phone,Normal,0.0,1.0,0.947,0.018,0.5718,False,trust-compliant,False,
7,Legitimate Travel,laptop,Normal,0.0,1.0,0.9624,0.018,0.568,False,trust-compliant,False,
8,Legitimate Travel,phone,Normal,0.0011,0.9989,0.963,0.018,0.5682,False,trust-compliant,False,
8,Legitimate Travel,laptop,Normal,0.0012,0.9988,0.9612,0.018,0.5687,False,trust-compliant,False,
9,Legitimate Travel,phone,Normal,0.0,1.0,0.9742,0.018,0.5651,False,trust-compliant,False,
9,Legitimate Travel,laptop,Normal,0.0012,0.9988,0.9604,0.018,0.5689,False,trust-compliant,False,
10,Legitimate Travel,phone,Normal,0.0,1.0,0.982,0.018,0.5632,False,trust-compliant,False,
10,Legitimate Travel,laptop,Normal,0.0,1.0,0.9762,0.018,0.5646,False,trust-compliant,False,
11,Legitimate Travel,phone,Normal,0.0,1.0,0.9878,0.018,0.5617,False,Device is trust-compliant.,False,
11,Legitimate Travel,laptop,Normal,0.0,1.0,0.9237,0.018,0.5774,False,Device is trust-compliant.,False,
12,Legitimate Travel,phone,Normal,0.0,1.0,0.9915,0.018,0.5608,False,Device is trust-compliant.,False,
12,Legitimate Travel,laptop,Normal,0.0,1.0,0.9392,0.018,0.5737,False,Device is trust-compliant.,False,
13,Legitimate Travel,phone,Normal,0.0,1.0,0.9941,0.018,0.5602,False,Device is trust-compliant.,False,
13,Legitimate Travel,laptop,Normal,0.0,1.0,0.9625,0.018,0.568,False,Device is trust-compliant.,False,
14,Legitimate Travel,phone,Normal,0.0,1.0,0.9959,0.018,0.5597,False,Device is trust-compliant.,False,
14,Legitimate Travel,laptop,Normal,0.0,1.0,0.9769,0.018,0.5644,False,Device is trust-compliant.,False,
15,Legitimate Travel,phone,Normal,0.0,1.0,0.9971,0.018,0.5594,False,Device is trust-compliant.,False,
15,Legitimate Travel,laptop,Normal,0.0,1.0,0.9861,0.018,0.5622,False,Device is trust-compliant.,False,
16,Legitimate Travel,phone,Normal,0.0,1.0,0.998,0.018,0.5592,False,Device is trust-compliant.,False,
16,Legitimate Travel,laptop,Normal,0.0,1.0,0.9917,0.018,0.5608,False,Device is trust-compliant.,False,
17,Legitimate Travel,phone,Normal,0.0,1.0,0.9986,0.018,0.5591,False,Device is trust-compliant.,False,
17,Legitimate Travel,laptop,Normal,0.0004,0.9996,0.9949,0.018,0.5601,False,Device is trust-compliant.,False,
18,Legitimate Travel,phone,Normal,0.0,1.0,0.999,0.018,0.559,False,Device is trust-compliant.,False,
18,Legitimate Travel,laptop,Normal,0.0,1.0,0.9969,0.018,0.5595,False,Device is trust-compliant.,False,
19,Legitimate Travel,phone,Normal,0.0,1.0,0.9993,0.018,0.5589,False,Device is trust-compliant.,False,
19,Legitimate Travel,laptop,Normal,0.0,1.0,0.9981,0.018,0.5592,False,Device is trust-compliant.,False,
20,Legitimate Travel,phone,Normal,0.0,1.0,0.9995,0.018,0.5589,False,Device is trust-compliant.,False,
20,Legitimate Travel,laptop,Normal,0.0,1.0,0.9988,0.018,0.559,False,Device is trust-compliant.,False,
21,Legitimate Travel,phone,Normal,0.0,1.0,0.9997,0.018,0.5588,False,Device is trust-compliant.,False,
21,Legitimate Travel,laptop,Normal,0.0,1.0,0.9993,0.018,0.5589,False,Device is trust-compliant.,False,
22,Legitimate Travel,phone,Normal,0.0,1.0,0.9998,0.018,0.5588,False,Device is trust-compliant.,False,
22,Legitimate Travel,laptop,Normal,0.0,1.0,0.9996,0.018,0.5588,False,Device is trust-compliant.,False,
23,Legitimate Travel,phone,Normal,0.0,1.0,0.9999,0.018,0.5588,False,Device is trust-compliant.,False,
23,Legitimate Travel,laptop,Normal,0.0,1.0,0.9998,0.018,0.5588,False,Device is trust-compliant.,False,
24,Legitimate Travel,phone,Normal,0.0012,0.9988,0.9828,0.018,0.5634,False,Device is trust-compliant.,False,
24,Legitimate Travel,laptop,Normal,0.0012,0.9988,0.9846,0.018,0.563,False,Device is trust-compliant.,False,
25,Legitimate Travel,phone,Normal,0.0012,0.9988,0.9881,0.018,0.5621,False,Device is trust-compliant.,False,
25,Legitimate Travel,laptop,Normal,0.0012,0.9988,0.9755,0.018,0.5652,False,Device is trust-compliant.,False,
26,Legitimate Travel,phone,Idle,0.0,1.0,0.9749,0.018,0.5649,False,Device is trust-compliant.,False,
26,Legitimate Travel,laptop,Normal,0.0,1.0,0.9703,0.018,0.566,False,Device is trust-compliant.,False,
27,Legitimate Travel,phone,Idle,0.0,1.0,0.9829,0.018,0.5629,False,Device is trust-compliant.,False,
27,Legitimate Travel,laptop,Idle,0.0,1.0,0.9822,0.018,0.5631,False,Device is trust-compliant.,False,
28,Legitimate Travel,phone,Idle,0.0,1.0,0.9884,0.018,0.5616,False,Device is trust-compliant.,False,
28,Legitimate Travel,laptop,Idle,0.0,1.0,0.9743,0.018,0.5651,False,Device is trust-compliant.,False,
29,Legitimate Travel,phone,Idle,0.0,1.0,0.9751,0.018,0.5649,False,Device is trust-compliant.,False,
29,Legitimate Travel,laptop,Normal,0.0,1.0,0.9696,0.018,0.5662,False,Device is trust-compliant.,False,
30,Legitimate Travel,phone,Normal,0.0,1.0,0.9661,0.018,0.5671,False,Device is trust-compliant.,False,
30,Legitimate Travel,laptop,Idle,0.0,1.0,0.9668,0.018,0.5669,False,Device is trust-compliant.,False,
31,Legitimate Travel,phone,Normal,0.0,1.0,0.9599,0.018,0.5686,False,Device is trust-compliant.,False,
31,Legitimate Travel,laptop,Normal,0.0,1.0,0.9801,0.018,0.5636,False,Device is trust-compliant.,False,
32,Legitimate Travel,phone,Normal,0.0012,0.9988,0.9556,0.018,0.5701,False,Device is trust-compliant.,False,
32,Legitimate Travel,laptop,Normal,0.0011,0.9989,0.9728,0.018,0.5658,False,Device is trust-compliant.,False,
33,Legitimate Travel,phone,Normal,0.0,1.0,0.9698,0.018,0.5662,False,Device is trust-compliant.,False,
33,Legitimate Travel,laptop,Normal,0.0009,0.9991,0.9685,0.018,0.5668,False,Device is trust-compliant.,False,
34,Legitimate Travel,phone,Normal,0.0,1.0,0.9795,0.018,0.5638,False,Device is trust-compliant.,False,
34,Legitimate Travel,laptop,Normal,0.0,1.0,0.9806,0.018,0.5635,False,Device is trust-compliant.,False,
35,Legitimate Travel,phone,Normal,0.0,1.0,0.9861,0.018,0.5622,False,Device is trust-compliant.,False,
35,Legitimate Travel,laptop,Normal,0.0,1.0,0.988,0.018,0.5617,False,Device is trust-compliant.,False,
36,Legitimate Travel,phone,Normal,0.0,1.0,0.9905,0.018,0.5611,False,Device is trust-compliant.,False,
36,Legitimate Travel,laptop,Normal,0.0,1.0,0.9928,0.018,0.5605,False,Device is trust-compliant.,False,
37,Legitimate Travel,phone,Normal,0.0,1.0,0.9935,0.018,0.5603,False,Device is trust-compliant.,False,
37,Legitimate Travel,laptop,Normal,0.0,1.0,0.9957,0.018,0.5598,False,Device is trust-compliant.,False,
38,Legitimate Travel,phone,Normal,0.0,1.0,0.9956,0.018,0.5598,False,Device is trust-compliant.,False,
38,Legitimate Travel,laptop,Normal,0.0,1.0,0.9974,0.018,0.5594,False,Device is trust-compliant.,False,
39,Legitimate Travel,phone,Normal,0.0,1.0,0.9969,0.018,0.5595,False,Device is trust-compliant.,False,
39,Legitimate Travel,laptop,Normal,0.0,1.0,0.9368,0.018,0.5742,False,Device is trust-compliant.,False,
40,Legitimate Travel,phone,Normal,0.0005,0.9995,0.9804,0.018,0.5637,False,Device is trust-compliant.,False,
40,Legitimate Travel,laptop,Normal,0.0,1.0,0.9621,0.018,0.5681,False,Device is trust-compliant.,False,
1,Legitimate Travel,phone,Idle,0.132,0.868,0.98,0.062,0.104,False,trust-compliant,False,
1,Legitimate Travel,laptop,Idle,0.1282,0.8718,0.98,0.0572,0.0998,False,trust-compliant,False,
2,Legitimate Travel,phone,Normal,0.0,1.0,0.9687,0.018,0.5664,False,trust-compliant,False,
2,Legitimate Travel,laptop,Idle,0.0,1.0,0.9723,0.018,0.5655,False,trust-compliant,False,
3,Legitimate Travel,phone,Idle,0.0,1.0,0.9608,0.018,0.5684,False,trust-compliant,False,
3,Legitimate Travel,laptop,Idle,0.0,1.0,0.9675,0.018,0.5667,False,trust-compliant,False,
4,Legitimate Travel,phone,Idle,0.0,1.0,0.9553,0.018,0.5697,False,trust-compliant,False,
4,Legitimate Travel,laptop,Idle,0.0,1.0,0.9646,0.018,0.5674,False,trust-compliant,False,
5,Legitimate Travel,phone,Idle,0.0,1.0,0.9515,0.018,0.5706,False,trust-compliant,False,
5,Legitimate Travel,laptop,Idle,0.0,1.0,0.9628,0.018,0.5679,False,trust-compliant,False,
6,Legitimate Travel,phone,Normal,0.0,1.0,0.9488,0.018,0.5713,False,trust-compliant,False,
6,Legitimate Travel,laptop,Idle,0.0,1.0,0.9617,0.018,0.5681,False,trust-compliant,False,
7,Legitimate Travel,phone,Normal,0.0,1.0,0.947,0.018,0.5718,False,trust-compliant,False,
7,Legitimate Travel,laptop,Normal,0.0,1.0,0.961,0.018,0.5683,False,trust-compliant,False,
8,Legitimate Travel,phone,Normal,0.0004,0.9996,0.9631,0.018,0.568,False,trust-compliant,False,
8,Legitimate Travel,laptop,Normal,0.0012,0.9988,0.9603,0.018,0.5689,False,trust-compliant,False,
9,Legitimate Travel,phone,Normal,0.0002,0.9998,0.9749,0.018,0.565,False,trust-compliant,False,
9,Legitimate Travel,laptop,Normal,0.0,1.0,0.9762,0.018,0.5646,False,trust-compliant,False,
10,Legitimate Travel,phone,Normal,0.0,1.0,0.9825,0.018,0.563,False,trust-compliant,False,
10,Legitimate Travel,laptop,Normal,0.0,1.0,0.9707,0.018,0.5659,False,trust-compliant,False,
11,Legitimate Travel,phone,Normal,0.0,1.0,0.9878,0.018,0.5617,False,Device is trust-compliant.,False,
11,Legitimate Travel,laptop,Normal,0.0,1.0,0.9824,0.018,0.5631,False,Device is trust-compliant.,False,
12,Legitimate Travel,phone,Normal,0.0,1.0,0.9915,0.018,0.5608,False,Device is trust-compliant.,False,
12,Legitimate Travel,laptop,Normal,0.0,1.0,0.9892,0.018,0.5614,False,Device is trust-compliant.,False,
13,Legitimate Travel,phone,Normal,0.0,1.0,0.9942,0.018,0.5602,False,Device is trust-compliant.,False,
13,Legitimate Travel,laptop,Normal,0.0,1.0,0.9933,0.018,0.5604,False,Device is trust-compliant.,False,
14,Legitimate Travel,phone,Normal,0.0,1.0,0.996,0.018,0.5597,False,Device is trust-compliant.,False,
14,Legitimate Travel,laptop,Normal,0.0,1.0,0.996,0.018,0.5597,False,Device is trust-compliant.,False,
15,Legitimate Travel,phone,Normal,0.0,1.0,0.9972,0.018,0.5594,False,Device is trust-compliant.,False,
15,Legitimate Travel,laptop,Normal,0.0,1.0,0.9975,0.018,0.5593,False,Device is trust-compliant.,False,
16,Legitimate Travel,phone,Normal,0.0,1.0,0.9981,0.018,0.5592,False,Device is trust-compliant.,False,
16,Legitimate Travel,laptop,Normal,0.0,1.0,0.9831,0.018,0.5629,False,Device is trust-compliant.,False,
17,Legitimate Travel,phone,Normal,0.0,1.0,0.9987,0.018,0.559,False,Device is trust-compliant.,False,
17,Legitimate Travel,laptop,Normal,0.001,0.999,0.974,0.018,0.5655,False,Device is trust-compliant.,False,
18,Legitimate Travel,phone,Normal,0.0,1.0,0.9991,0.018,0.5589,False,Device is trust-compliant.,False,
18,Legitimate Travel,laptop,Normal,0.0,1.0,0.9844,0.018,0.5626,False,Device is trust-compliant.,False,
19,Legitimate Travel,phone,Normal,0.0,1.0,0.9994,0.018,0.5589,False,Device is trust-compliant.,False,
19,Legitimate Travel,laptop,Normal,0.0,1.0,0.975,0.018,0.5649,False,Device is trust-compliant.,False,
20,Legitimate Travel,phone,Normal,0.0,1.0,0.9996,0.018,0.5588,False,Device is trust-compliant.,False,
20,Legitimate Travel,laptop,Normal,0.0,1.0,0.985,0.018,0.5624,False,Device is trust-compliant.,False,
21,Legitimate Travel,phone,Normal,0.0,1.0,0.9823,0.018,0.5631,False,Device is trust-compliant.,False,
21,Legitimate Travel,laptop,Normal,0.0,1.0,0.991,0.018,0.5609,False,Device is trust-compliant.,False,
22,Legitimate Travel,phone,Normal,0.0,1.0,0.9877,0.018,0.5618,False,Device is trust-compliant.,False,
22,Legitimate Travel,laptop,Normal,0.0,1.0,0.9346,0.018,0.5748,False,Device is trust-compliant.,False,
23,Legitimate Travel,phone,Normal,0.0,1.0,0.9916,0.018,0.5608,False,Device is trust-compliant.,False,
23,Legitimate Travel,laptop,Normal,0.0,1.0,0.9597,0.018,0.5686,False,Device is trust-compliant.,False,
24,Legitimate Travel,phone,Normal,0.0012,0.9988,0.9771,0.018,0.5648,False,Device is trust-compliant.,False,
24,Legitimate Travel,laptop,Normal,0.0012,0.9988,0.9595,0.018,0.5691,False,Device is trust-compliant.,False,
25,Legitimate Travel,phone,Normal,0.0013,0.9987,0.9672,0.018,0.5673,False,Device is trust-compliant.,False,
25,Legitimate Travel,laptop,Normal,0.0013,0.9987,0.9594,0.018,0.5692,False,Device is trust-compliant.,False,
26,Legitimate Travel,phone,Idle,0.0,1.0,0.9777,0.018,0.5642,False,Device is trust-compliant.,False,
26,Legitimate Travel,laptop,Normal,0.0,1.0,0.9596,0.018,0.5687,False,Device is trust-compliant.,False,
27,Legitimate Travel,phone,Normal,0.0,1.0,0.9678,0.018,0.5667,False,Device is trust-compliant.,False,
27,Legitimate Travel,laptop,Normal,0.0,1.0,0.9597,0.018,0.5686,False,Device is trust-compliant.,False,
28,Legitimate Travel,phone,Idle,0.0,1.0,0.9611,0.018,0.5683,False,Device is trust-compliant.,False,
28,Legitimate Travel,laptop,Normal,0.0,1.0,0.9752,0.018,0.5648,False,Device is trust-compliant.,False,
29,Legitimate Travel,phone,Idle,0.0,1.0,0.9565,0.018,0.5694,False,Device is trust-compliant.,False,
29,Legitimate Travel,laptop,Idle,0.0,1.0,0.9693,0.018,0.5663,False,Device is trust-compliant.,False,
30,Legitimate Travel,phone,Idle,0.0,1.0,0.9534,0.018,0.5702,False,Device is trust-compliant.,False,
30,Legitimate Travel,laptop,Idle,0.0,1.0,0.9657,0.018,0.5672,False,Device is trust-compliant.,False,
31,Legitimate Travel,phone,Normal,0.0,1.0,0.9513,0.018,0.5707,False,Device is trust-compliant.,False,
31,Legitimate Travel,laptop,Normal,0.0,1.0,0.9635,0.018,0.5677,False,Device is trust-compliant.,False,
32,Legitimate Travel,phone,Normal,0.0014,0.9986,0.9667,0.018,0.5674,False,Device is trust-compliant.,False,
32,Legitimate Travel,laptop,Normal,0.0,1.0,0.9781,0.018,0.5641,False,Device is trust-compliant.,False,
33,Legitimate Travel,phone,Normal,0.0,1.0,0.9594,0.018,0.5687,False,Device is trust-compliant.,False,
33,Legitimate Travel,laptop,Normal,0.0,1.0,0.9869,0.018,0.562,False,Device is trust-compliant.,False,
34,Legitimate Travel,phone,Normal,0.0,1.0,0.9717,0.018,0.5657,False,Device is trust-compliant.,False,
34,Legitimate Travel,laptop,Normal,0.0,1.0,0.9919,0.018,0.5607,False,Device is trust-compliant.,False,
35,Legitimate Travel,phone,Normal,0.0,1.0,0.9803,0.018,0.5636,False,Device is trust-compliant.,False,
35,Legitimate Travel,laptop,Normal,0.0,1.0,0.9951,0.018,0.5599,False,Device is trust-compliant.,False,
36,Legitimate Travel,phone,Normal,0.0,1.0,0.9863,0.018,0.5621,False,Device is trust-compliant.,False,
36,Legitimate Travel,laptop,Normal,0.0,1.0,0.9971,0.018,0.5594,False,Device is trust-compliant.,False,
37,Legitimate Travel,phone,Normal,0.0,1.0,0.9905,0.018,0.5611,False,Device is trust-compliant.,False,
37,Legitimate Travel,laptop,Normal,0.0,1.0,0.9983,0.018,0.5591,False,Device is trust-compliant.,False,
38,Legitimate Travel,phone,Normal,0.0002,0.9998,0.9935,0.018,0.5604,False,Device is trust-compliant.,False,
38,Legitimate Travel,laptop,Normal,0.0,1.0,0.999,0.018,0.559,False,Device is trust-compliant.,False,
39,Legitimate Travel,phone,Normal,0.0,1.0,0.9276,0.018,0.5765,False,Device is trust-compliant.,False,
39,Legitimate Travel,laptop,Normal,0.0,1.0,0.9394,0.018,0.5736,False,Device is trust-compliant.,False,
40,Legitimate Travel,phone,Normal,0.0,1.0,0.9508,0.018,0.5708,False,Device is trust-compliant.,False,
40,Legitimate Travel,laptop,Normal,0.0005,0.9995,0.9035,0.018,0.5825,False,Device is trust-compliant.,False,
1,Legitimate Travel,phone,Idle,0.139,0.861,0.98,0.0236,0.0929,False,trust-compliant,False,
1,Legitimate Travel,laptop,Idle,0.0557,0.9443,0.98,0.0125,0.0384,False,trust-compliant,False,
2,Legitimate Travel,phone,Idle,0.0,1.0,0.9687,0.018,0.5664,False,trust-compliant,False,
2,Legitimate Travel,laptop,Normal,0.0,1.0,0.9723,0.018,0.5655,False,trust-compliant,False,
3,Legitimate Travel,phone,Normal,0.0,1.0,0.9608,0.018,0.5684,False,trust-compliant,False,
3,Legitimate Travel,laptop,Normal,0.0,1.0,0.9675,0.018,0.5667,False,trust-compliant,False,
4,Legitimate Travel,phone,Normal,0.0,1.0,0.9553,0.018,0.5697,False,trust-compliant,False,
4,Legitimate Travel,laptop,Normal,0.0,1.0,0.9646,0.018,0.5674,False,trust-compliant,False,
5,Legitimate Travel,phone,Normal,0.0,1.0,0.9689,0.018,0.5664,False,trust-compliant,False,
5,Legitimate Travel,laptop,Idle,0.0,1.0,0.9628,0.018,0.5679,False,trust-compliant,False,
6,Legitimate Travel,phone,Normal,0.0,1.0,0.961,0.018,0.5683,False,trust-compliant,False,
6,Legitimate Travel,laptop,Normal,0.0,1.0,0.9771,0.018,0.5644,False,trust-compliant,False,
7,Legitimate Travel,phone,Normal,0.0,1.0,0.9729,0.018,0.5654,False,trust-compliant,False,
7,Legitimate Travel,laptop,Normal,0.0,1.0,0.9705,0.018,0.566,False,trust-compliant,False,
8,Legitimate Travel,phone,Normal,0.0005,0.9995,0.9811,0.018,0.5636,False,trust-compliant,False,
8,Legitimate Travel,laptop,Normal,0.0014,0.9986,0.9661,0.018,0.5676,False,trust-compliant,False,
9,Legitimate Travel,phone,Normal,0.0005,0.9995,0.9868,0.018,0.5622,False,trust-compliant,False,
9,Legitimate Travel,laptop,Normal,0.0013,0.9987,0.9788,0.018,0.5644,False,trust-compliant,False,
10,Legitimate Travel,phone,Normal,0.0,1.0,0.9908,0.018,0.561,False,trust-compliant,False,
10,Legitimate Travel,laptop,Normal,0.0,1.0,0.9869,0.018,0.562,False,trust-compliant,False,
11,Legitimate Travel,phone,Normal,0.0001,0.9999,0.9936,0.018,0.5603,False,Device is trust-compliant.,False,
11,Legitimate Travel,laptop,Normal,0.0,1.0,0.9919,0.018,0.5607,False,Device is trust-compliant.,False,
12,Legitimate Travel,phone,Normal,0.0,1.0,0.9276,0.018,0.5765,False,Device is trust-compliant.,False,
12,Legitimate Travel,laptop,Normal,0.0,1.0,0.995,0.018,0.56,False,Device is trust-compliant.,False,
13,Legitimate Travel,phone,Normal,0.0,1.0,0.9496,0.018,0.5711,False,Device is trust-compliant.,False,
13,Legitimate Travel,laptop,Normal,0.0,1.0,0.9969,0.018,0.5595,False,Device is trust-compliant.,False,
14,Legitimate Travel,phone,Normal,0.0,1.0,0.9649,0.018,0.5674,False,Device is trust-compliant.,False,
14,Legitimate Travel,laptop,Normal,0.0,1.0,0.9831,0.018,0.5629,False,Device is trust-compliant.,False,
15,Legitimate Travel,phone,Normal,0.0,1.0,0.9756,0.018,0.5647,False,Device is trust-compliant.,False,
15,Legitimate Travel,laptop,Normal,0.0,1.0,0.9896,0.018,0.5613,False,Device is trust-compliant.,False,
16,Legitimate Travel,phone,Normal,0.0,1.0,0.983,0.018,0.5629,False,Device is trust-compliant.,False,
16,Legitimate Travel,laptop,Normal,0.0012,0.9988,0.9779,0.018,0.5646,False,Device is trust-compliant.,False,
17,Legitimate Travel,phone,Normal,0.0,1.0,0.9884,0.018,0.5616,False,Device is trust-compliant.,False,
17,Legitimate Travel,laptop,Normal,0.0013,0.9987,0.9707,0.018,0.5664,False,Device is trust-compliant.,False,
18,Legitimate Travel,phone,Normal,0.0,1.0,0.9751,0.018,0.5649,False,Device is trust-compliant.,False,
18,Legitimate Travel,laptop,Normal,0.0,1.0,0.9824,0.018,0.5631,False,Device is trust-compliant.,False,
19,Legitimate Travel,phone,Normal,0.0,1.0,0.9661,0.018,0.5671,False,Device is trust-compliant.,False,
19,Legitimate Travel,laptop,Normal,0.0,1.0,0.9894,0.018,0.5613,False,Device is trust-compliant.,False,
20,Legitimate Travel,phone,Normal,0.0,1.0,0.9769,0.018,0.5644,False,Device is trust-compliant.,False,
20,Legitimate Travel,laptop,Normal,0.0,1.0,0.9786,0.018,0.564,False,Device is trust-compliant.,False,
21,Legitimate Travel,phone,Normal,0.0,1.0,0.9839,0.018,0.5627,False,Device is trust-compliant.,False,
21,Legitimate Travel,laptop,Normal,0.0,1.0,0.9872,0.018,0.5619,False,Device is trust-compliant.,False,
22,Legitimate Travel,phone,Normal,0.0,1.0,0.9891,0.018,0.5614,False,Device is trust-compliant.,False,
22,Legitimate Travel,laptop,Normal,0.0,1.0,0.9923,0.018,0.5606,False,Device is trust-compliant.,False,
23,Legitimate Travel,phone,Normal,0.0,1.0,0.9924,0.018,0.5606,False,Device is trust-compliant.,False,
23,Legitimate Travel,laptop,Normal,0.0,1.0,0.9954,0.018,0.5599,False,Device is trust-compliant.,False,
24,Legitimate Travel,phone,Normal,0.0012,0.9988,0.9772,0.018,0.5648,False,Device is trust-compliant.,False,
24,Legitimate Travel,laptop,Normal,0.0012,0.9988,0.9819,0.018,0.5636,False,Device is trust-compliant.,False,
25,Legitimate Travel,phone,Normal,0.0013,0.9987,0.9666,0.018,0.5674,False,Device is trust-compliant.,False,
25,Legitimate Travel,laptop,Normal,0.0013,0.9987,0.9738,0.018,0.5657,False,Device is trust-compliant.,False,
26,Legitimate Travel,phone,Idle,0.0,1.0,0.9594,0.018,0.5687,False,Device is trust-compliant.,False,
26,Legitimate Travel,laptop,Idle,0.0,1.0,0.9693,0.018,0.5663,False,Device is trust-compliant.,False,
27,Legitimate Travel,phone,Normal,0.0,1.0,0.9543,0.018,0.57,False,Device is trust-compliant.,False,
27,Legitimate Travel,laptop,Normal,0.0,1.0,0.9666,0.018,0.5669,False,Device is trust-compliant.,False,
28,Legitimate Travel,phone,Normal,0.0,1.0,0.8986,0.018,0.5836,False,Device is trust-compliant.,False,
28,Legitimate Travel,laptop,Normal,0.0,1.0,0.965,0.018,0.5673,False,Device is trust-compliant.,False,
29,Legitimate Travel,phone,Normal,0.0,1.0,0.912,0.018,0.5803,False,Device is trust-compliant.,False,
29,Legitimate Travel,laptop,Idle,0.0,1.0,0.979,0.018,0.5639,False,Device is trust-compliant.,False,
30,Legitimate Travel,phone,Idle,0.0,1.0,0.9214,0.018,0.578,False,Device is trust-compliant.,False,
30,Legitimate Travel,laptop,Normal,0.0,1.0,0.9874,0.018,0.5618,False,Device is trust-compliant.,False,
31,Legitimate Travel,phone,Normal,0.0,1.0,0.8757,0.018,0.5891,False,Device is trust-compliant.,False,
31,Legitimate Travel,laptop,Normal,0.0,1.0,0.9774,0.018,0.5643,False,Device is trust-compliant.,False,
32,Legitimate Travel,phone,Normal,0.0011,0.9989,0.8959,0.018,0.5846,False,Device is trust-compliant.,False,
32,Legitimate Travel,laptop,Normal,0.0011,0.9989,0.9712,0.018,0.5662,False,Device is trust-compliant.,False,
33,Legitimate Travel,phone,Normal,0.0,1.0,0.9275,0.018,0.5765,False,Device is trust-compliant.,False,
33,Legitimate Travel,laptop,Normal,0.0,1.0,0.9827,0.018,0.563,False,Device is trust-compliant.,False,
34,Legitimate Travel,phone,Normal,0.0,1.0,0.9495,0.018,0.5711,False,Device is trust-compliant.,False,
34,Legitimate Travel,laptop,Normal,0.0,1.0,0.9896,0.018,0.5613,False,Device is trust-compliant.,False,
35,Legitimate Travel,phone,Normal,0.0,1.0,0.9649,0.018,0.5674,False,Device is trust-compliant.,False,
35,Legitimate Travel,laptop,Normal,0.0,1.0,0.9938,0.018,0.5603,False,Device is trust-compliant.,False,
36,Legitimate Travel,phone,Normal,0.0,1.0,0.906,0.018,0.5818,False,Device is trust-compliant.,False,
36,Legitimate Travel,laptop,Normal,0.0,1.0,0.9963,0.018,0.5596,False,Device is trust-compliant.,False,
37,Legitimate Travel,phone,Normal,0.0,1.0,0.9346,0.018,0.5748,False,Device is trust-compliant.,False,
37,Legitimate Travel,laptop,Normal,0.0,1.0,0.9978,0.018,0.5593,False,Device is trust-compliant.,False,
38,Legitimate Travel,phone,Normal,0.0,1.0,0.9545,0.018,0.5699,False,Device is trust-compliant.,False,
38,Legitimate Travel,laptop,Normal,0.0,1.0,0.9986,0.018,0.5591,False,Device is trust-compliant.,False,
39,Legitimate Travel,phone,Normal,0.0,1.0,0.9691,0.018,0.5663,False,Device is trust-compliant.,False,
39,Legitimate Travel,laptop,Normal,0.0,1.0,0.9991,0.018,0.5589,False,Device is trust-compliant.,False,
40,Legitimate Travel,phone,Normal,0.0,1.0,0.979,0.018,0.5639,False,Device is trust-compliant.,False,
40,Legitimate Travel,laptop,Normal,0.0,1.0,0.9994,0.018,0.5589,False,Device is trust-compliant.,False,
1,Legitimate Travel,phone,Idle,0.0545,0.9455,0.98,0.0383,0.048,False,trust-compliant,False,
1,Legitimate Travel,laptop,Idle,0.0576,0.9424,0.98,0.0367,0.0493,False,trust-compliant,False,
2,Legitimate Travel,phone,Idle,0.0,1.0,0.9687,0.018,0.5664,False,trust-compliant,False,
2,Legitimate Travel,laptop,Normal,0.0,1.0,0.9723,0.018,0.5655,False,trust-compliant,False,
3,Legitimate Travel,phone,Idle,0.0,1.0,0.9608,0.018,0.5684,False,trust-compliant,False,
3,Legitimate Travel,laptop,Idle,0.0,1.0,0.9675,0.018,0.5667,False,trust-compliant,False,
4,Legitimate Travel,phone,Normal,0.0,1.0,0.9553,0.018,0.5697,False,trust-compliant,False,
4,Legitimate Travel,laptop,Normal,0.0,1.0,0.9646,0.018,0.5674,False,trust-compliant,False,
5,Legitimate Travel,phone,Normal,0.0,1.0,0.9515,0.018,0.5706,False,trust-compliant,False,
5,Legitimate Travel,laptop,Normal,0.0,1.0,0.9628,0.018,0.5679,False,trust-compliant,False,
6,Legitimate Travel,phone,Normal,0.0,1.0,0.9662,0.018,0.567,False,trust-compliant,False,
6,Legitimate Travel,laptop,Normal,0.0,1.0,0.9617,0.018,0.5681,False,trust-compliant,False,
7,Legitimate Travel,phone,Normal,0.0,1.0,0.9591,0.018,0.5688,False,trust-compliant,False,
7,Legitimate Travel,laptop,Normal,0.0,1.0,0.961,0.018,0.5683,False,trust-compliant,False,
8,Legitimate Travel,phone,Normal,0.0011,0.9989,0.954,0.018,0.5704,False,trust-compliant,False,
8,Legitimate Travel,laptop,Normal,0.0018,0.9982,0.9602,0.018,0.5692,False,trust-compliant,False,
9,Legitimate Travel,phone,Normal,0.0009,0.9991,0.9679,0.018,0.567,False,trust-compliant,False,
9,Legitimate Travel,laptop,Normal,0.0024,0.9976,0.9595,0.018,0.5696,False,trust-compliant,False,
10,Legitimate Travel,phone,Normal,0.0,1.0,0.9782,0.018,0.5641,False,trust-compliant,False,
10,Legitimate Travel,laptop,Normal,0.0,1.0,0.9751,0.018,0.5649,False,trust-compliant,False,
11,Legitimate Travel,phone,Normal,0.0,1.0,0.9848,0.018,0.5625,False,Device is trust-compliant.,False,
11,Legitimate Travel,laptop,Normal,0.0,1.0,0.9847,0.018,0.5625,False,Device is trust-compliant.,False,
12,Legitimate Travel,phone,Normal,0.0,1.0,0.9897,0.018,0.5613,False,Device is trust-compliant.,False,
12,Legitimate Travel,laptop,Normal,0.0,1.0,0.9908,0.018,0.561,False,Device is trust-compliant.,False,
13,Legitimate Travel,phone,Normal,0.0,1.0,0.993,0.018,0.5605,False,Device is trust-compliant.,False,
13,Legitimate Travel,laptop,Normal,0.0,1.0,0.9943,0.018,0.5601,False,Device is trust-compliant.,False,
14,Legitimate Travel,phone,Normal,0.0,1.0,0.9952,0.018,0.5599,False,Device is trust-compliant.,False,
14,Legitimate Travel,laptop,Normal,0.0,1.0,0.9965,0.018,0.5596,False,Device is trust-compliant.,False,
15,Legitimate Travel,phone,Normal,0.0,1.0,0.9967,0.018,0.5595,False,Device is trust-compliant.,False,
15,Legitimate Travel,laptop,Normal,0.0,1.0,0.9824,0.018,0.5631,False,Device is trust-compliant.,False,
16,Legitimate Travel,phone,Normal,0.0013,0.9987,0.9801,0.018,0.5641,False,Device is trust-compliant.,False,
16,Legitimate Travel,laptop,Normal,0.0013,0.9987,0.9735,0.018,0.5657,False,Device is trust-compliant.,False,
17,Legitimate Travel,phone,Normal,0.0013,0.9987,0.9686,0.018,0.5669,False,Device is trust-compliant.,False,
17,Legitimate Travel,laptop,Normal,0.0,1.0,0.9837,0.018,0.5627,False,Device is trust-compliant.,False,
18,Legitimate Travel,phone,Normal,0.0,1.0,0.9781,0.018,0.5641,False,Device is trust-compliant.,False,
18,Legitimate Travel,laptop,Normal,0.0,1.0,0.9746,0.018,0.565,False,Device is trust-compliant.,False,
19,Legitimate Travel,phone,Normal,0.0,1.0,0.9851,0.018,0.5624,False,Device is trust-compliant.,False,
19,Legitimate Travel,laptop,Normal,0.0,1.0,0.969,0.018,0.5664,False,Device is trust-compliant.,False,
20,Legitimate Travel,phone,Normal,0.0,1.0,0.9899,0.018,0.5612,False,Device is trust-compliant.,False,
20,Legitimate Travel,laptop,Normal,0.0,1.0,0.9655,0.018,0.5672,False,Device is trust-compliant.,False,
21,Legitimate Travel,phone,Normal,0.0,1.0,0.993,0.018,0.5605,False,Device is trust-compliant.,False,
21,Legitimate Travel,laptop,Normal,0.0,1.0,0.9633,0.018,0.5678,False,Device is trust-compliant.,False,
22,Legitimate Travel,phone,Normal,0.0,1.0,0.9951,0.018,0.5599,False,Device is trust-compliant.,False,
22,Legitimate Travel,laptop,Normal,0.0,1.0,0.962,0.018,0.5681,False,Device is trust-compliant.,False,
23,Legitimate Travel,phone,Normal,0.0,1.0,0.9966,0.018,0.5596,False,Device is trust-compliant.,False,
23,Legitimate Travel,laptop,Normal,0.0,1.0,0.9612,0.018,0.5683,False,Device is trust-compliant.,False,
24,Legitimate Travel,phone,Normal,0.0011,0.9989,0.9801,0.018,0.564,False,Device is trust-compliant.,False,
24,Legitimate Travel,laptop,Normal,0.0013,0.9987,0.9604,0.018,0.5689,False,Device is trust-compliant.,False,
25,Legitimate Travel,phone,Normal,0.0013,0.9987,0.9686,0.018,0.5669,False,Device is trust-compliant.,False,
25,Legitimate Travel,laptop,Normal,0.0013,0.9987,0.9599,0.018,0.5691,False,Device is trust-compliant.,False,
26,Legitimate Travel,phone,Normal,0.0,1.0,0.9607,0.018,0.5684,False,Device is trust-compliant.,False,
26,Legitimate Travel,laptop,Normal,0.0,1.0,0.9753,0.018,0.5648,False,Device is trust-compliant.,False,
27,Legitimate Travel,phone,Idle,0.0,1.0,0.9552,0.018,0.5697,False,Device is trust-compliant.,False,
27,Legitimate Travel,laptop,Normal,0.0,1.0,0.9848,0.018,0.5625,False,Device is trust-compliant.,False,
28,Legitimate Travel,phone,Idle,0.0,1.0,0.9514,0.018,0.5707,False,Device is trust-compliant.,False,
28,Legitimate Travel,laptop,Normal,0.0,1.0,0.9906,0.018,0.561,False,Device is trust-compliant.,False,
29,Legitimate Travel,phone,Normal,0.0,1.0,0.9488,0.018,0.5713,False,Device is trust-compliant.,False,
29,Legitimate Travel,laptop,Idle,0.0,1.0,0.9788,0.018,0.5639,False,Device is trust-compliant.,False,
30,Legitimate Travel,phone,Normal,0.0,1.0,0.947,0.018,0.5718,False,Device is trust-compliant.,False,
30,Legitimate Travel,laptop,Normal,0.0,1.0,0.9873,0.018,0.5619,False,Device is trust-compliant.,False,
31,Legitimate Travel,phone,Normal,0.0,1.0,0.9631,0.018,0.5678,False,Device is trust-compliant.,False,
31,Legitimate Travel,laptop,Normal,0.0,1.0,0.9924,0.018,0.5606,False,Device is trust-compliant.,False,
32,Legitimate Travel,phone,Normal,0.0012,0.9988,0.9568,0.018,0.5698,False,Device is trust-compliant.,False,
32,Legitimate Travel,laptop,Normal,0.0014,0.9986,0.9801,0.018,0.5641,False,Device is trust-compliant.,False,
33,Legitimate Travel,phone,Normal,0.0009,0.9991,0.9698,0.018,0.5665,False,Device is trust-compliant.,False,
33,Legitimate Travel,laptop,Normal,0.0003,0.9997,0.928,0.018,0.5765,False,Device is trust-compliant.,False,
34,Legitimate Travel,phone,Normal,0.0,1.0,0.979,0.018,0.5639,False,Device is trust-compliant.,False,
34,Legitimate Travel,laptop,Normal,0.0,1.0,0.8968,0.018,0.584,False,Device is trust-compliant.,False,
35,Legitimate Travel,phone,Normal,0.0,1.0,0.9854,0.018,0.5623,False,Device is trust-compliant.,False,
35,Legitimate Travel,laptop,Normal,0.0,1.0,0.9381,0.018,0.5739,False,Device is trust-compliant.,False,
36,Legitimate Travel,phone,Normal,0.0,1.0,0.9901,0.018,0.5612,False,Device is trust-compliant.,False,
36,Legitimate Travel,laptop,Normal,0.0,1.0,0.9029,0.018,0.5825,False,Device is trust-compliant.,False,
37,Legitimate Travel,phone,Normal,0.0,1.0,0.9933,0.018,0.5604,False,Device is trust-compliant.,False,
37,Legitimate Travel,laptop,Normal,0.0,1.0,0.9417,0.018,0.573,False,Device is trust-compliant.,False,
38,Legitimate Travel,phone,Normal,0.0,1.0,0.9954,0.018,0.5599,False,Device is trust-compliant.,False,
38,Legitimate Travel,laptop,Normal,0.0,1.0,0.905,0.018,0.582,False,Device is trust-compliant.,False,
39,Legitimate Travel,phone,Normal,0.0,1.0,0.9968,0.018,0.5595,False,Device is trust-compliant.,False,
39,Legitimate Travel,laptop,Normal,0.0,1.0,0.943,0.018,0.5727,False,Device is trust-compliant.,False,
40,Legitimate Travel,phone,Normal,0.0,1.0,0.9978,0.018,0.5593,False,Device is trust-compliant.,False,
40,Legitimate Travel,laptop,Normal,0.0004,0.9996,0.9657,0.018,0.5673,False,Device is trust-compliant.,False,
1,Legitimate Travel,phone,Idle,0.1125,0.8875,0.98,0.0174,0.0745,False,trust-compliant,False,
1,Legitimate Travel,laptop,Idle,0.1267,0.8733,0.98,0.0387,0.0915,False,trust-compliant,False,
2,Legitimate Travel,phone,Normal,0.0,1.0,0.9687,0.018,0.5664,False,trust-compliant,False,
2,Legitimate Travel,laptop,Normal,0.0,1.0,0.9723,0.018,0.5655,False,trust-compliant,False,
3,Legitimate Travel,phone,Idle,0.0,1.0,0.9608,0.018,0.5684,False,trust-compliant,False,
3,Legitimate Travel,laptop,Idle,0.0,1.0,0.9829,0.018,0.5629,False,trust-compliant,False,
4,Legitimate Travel,phone,Idle,0.0,1.0,0.9553,0.018,0.5697,False,trust-compliant,False,
4,Legitimate Travel,laptop,Idle,0.0,1.0,0.9741,0.018,0.5651,False,trust-compliant,False,
5,Legitimate Travel,phone,Idle,0.0,1.0,0.8993,0.018,0.5834,False,trust-compliant,False,
5,Legitimate Travel,laptop,Idle,0.0,1.0,0.9686,0.018,0.5665,False,trust-compliant,False,
6,Legitimate Travel,phone,Idle,0.0,1.0,0.9299,0.018,0.5759,False,trust-compliant,False,
6,Legitimate Travel,laptop,Idle,0.0,1.0,0.9653,0.018,0.5673,False,trust-compliant,False,
7,Legitimate Travel,phone,Normal,0.0,1.0,0.9512,0.018,0.5707,False,trust-compliant,False,
7,Legitimate Travel,laptop,Normal,0.0,1.0,0.9632,0.018,0.5678,False,trust-compliant,False,
8,Legitimate Travel,phone,Normal,0.0012,0.9988,0.9485,0.018,0.5718,False,trust-compliant,False,
8,Legitimate Travel,laptop,Normal,0.0011,0.9989,0.9617,0.018,0.5686,False,trust-compliant,False,
9,Legitimate Travel,phone,Normal,0.0,1.0,0.9642,0.018,0.5675,False,trust-compliant,False,
9,Legitimate Travel,laptop,Normal,0.0,1.0,0.9764,0.018,0.5645,False,trust-compliant,False,
10,Legitimate Travel,phone,Normal,0.0,1.0,0.9751,0.018,0.5649,False,trust-compliant,False,
10,Legitimate Travel,laptop,Normal,0.0,1.0,0.9855,0.018,0.5623,False,trust-compliant,False,
11,Legitimate Travel,phone,Normal,0.0,1.0,0.9831,0.018,0.5629,False,Device is trust-compliant.,False,
11,Legitimate Travel,laptop,Normal,0.0,1.0,0.9913,0.018,0.5609,False,Device is trust-compliant.,False,
12,Legitimate Travel,phone,Normal,0.0,1.0,0.9885,0.018,0.5616,False,Device is trust-compliant.,False,
12,Legitimate Travel,laptop,Normal,0.0,1.0,0.9948,0.018,0.56,False,Device is trust-compliant.,False,
13,Legitimate Travel,phone,Normal,0.0,1.0,0.9242,0.018,0.5773,False,Device is trust-compliant.,False,
13,Legitimate Travel,laptop,Normal,0.0,1.0,0.9968,0.018,0.5595,False,Device is trust-compliant.,False,
14,Legitimate Travel,phone,Normal,0.0,1.0,0.9472,0.018,0.5717,False,Device is trust-compliant.,False,
14,Legitimate Travel,laptop,Normal,0.0,1.0,0.998,0.018,0.5592,False,Device is trust-compliant.,False,
15,Legitimate Travel,phone,Normal,0.0,1.0,0.9459,0.018,0.572,False,Device is trust-compliant.,False,
15,Legitimate Travel,laptop,Normal,0.0,1.0,0.9988,0.018,0.559,False,Device is trust-compliant.,False,
16,Legitimate Travel,phone,Normal,0.0011,0.9989,0.9448,0.018,0.5727,False,Device is trust-compliant.,False,
16,Legitimate Travel,laptop,Normal,0.0002,0.9998,0.9992,0.018,0.559,False,Device is trust-compliant.,False,
17,Legitimate Travel,phone,Normal,0.0,1.0,0.9625,0.018,0.568,False,Device is trust-compliant.,False,
17,Legitimate Travel,laptop,Normal,0.0,1.0,0.9995,0.018,0.5589,False,Device is trust-compliant.,False,
18,Legitimate Travel,phone,Normal,0.0,1.0,0.9745,0.018,0.565,False,Device is trust-compliant.,False,
18,Legitimate Travel,laptop,Normal,0.0,1.0,0.9997,0.018,0.5588,False,Device is trust-compliant.,False,
19,Legitimate Travel,phone,Normal,0.0,1.0,0.9823,0.018,0.5631,False,Device is trust-compliant.,False,
19,Legitimate Travel,laptop,Normal,0.0,1.0,0.9998,0.018,0.5588,False,Device is trust-compliant.,False,
20,Legitimate Travel,phone,Normal,0.0,1.0,0.9703,0.018,0.566,False,Device is trust-compliant.,False,
20,Legitimate Travel,laptop,Normal,0.0,1.0,0.9999,0.018,0.5588,False,Device is trust-compliant.,False,
21,Legitimate Travel,phone,Normal,0.0,1.0,0.9619,0.018,0.5681,False,Device is trust-compliant.,False,
21,Legitimate Travel,laptop,Normal,0.0,1.0,0.9383,0.018,0.5739,False,Device is trust-compliant.,False,
22,Legitimate Travel,phone,Normal,0.0,1.0,0.9735,0.018,0.5653,False,Device is trust-compliant.,False,
22,Legitimate Travel,laptop,Normal,0.0,1.0,0.962,0.018,0.5681,False,Device is trust-compliant.,False,
23,Legitimate Travel,phone,Normal,0.0,1.0,0.9816,0.018,0.5633,False,Device is trust-compliant.,False,
23,Legitimate Travel,laptop,Normal,0.0,1.0,0.9766,0.018,0.5645,False,Device is trust-compliant.,False,
24,Legitimate Travel,phone,Normal,0.0012,0.9988,0.9696,0.018,0.5667,False,Device is trust-compliant.,False,
24,Legitimate Travel,laptop,Normal,0.0012,0.9988,0.9699,0.018,0.5666,False,Device is trust-compliant.,False,
25,Legitimate Travel,phone,Normal,0.0013,0.9987,0.9613,0.018,0.5687,False,Device is trust-compliant.,False,
25,Legitimate Travel,laptop,Normal,0.0012,0.9988,0.9658,0.018,0.5676,False,Device is trust-compliant.,False,
26,Legitimate Travel,phone,Normal,0.0,1.0,0.9557,0.018,0.5696,False,Device is trust-compliant.,False,
26,Legitimate Travel,laptop,Normal,0.0,1.0,0.9635,0.018,0.5677,False,Device is trust-compliant.,False,
27,Legitimate Travel,phone,Normal,0.0,1.0,0.9518,0.018,0.5706,False,Device is trust-compliant.,False,
27,Legitimate Travel,laptop,Idle,0.0,1.0,0.9621,0.018,0.5681,False,Device is trust-compliant.,False,
28,Legitimate Travel,phone,Normal,0.0,1.0,0.9491,0.018,0.5712,False,Device is trust-compliant.,False,
28,Legitimate Travel,laptop,Normal,0.0,1.0,0.9767,0.018,0.5645,False,Device is trust-compliant.,False,
29,Legitimate Travel,phone,Idle,0.0,1.0,0.9472,0.018,0.5717,False,Device is trust-compliant.,False,
29,Legitimate Travel,laptop,Idle,0.0,1.0,0.9702,0.018,0.5661,False,Device is trust-compliant.,False,
30,Legitimate Travel,phone,Idle,0.0,1.0,0.9459,0.018,0.572,False,Device is trust-compliant.,False,
30,Legitimate Travel,laptop,Normal,0.0,1.0,0.9662,0.018,0.567,False,Device is trust-compliant.,False,
31,Legitimate Travel,phone,Normal,0.0,1.0,0.9449,0.018,0.5723,False,Device is trust-compliant.,False,
31,Legitimate Travel,laptop,Normal,0.0,1.0,0.9792,0.018,0.5638,False,Device is trust-compliant.,False,
32,Legitimate Travel,phone,Normal,0.0012,0.9988,0.9441,0.018,0.5729,False,Device is trust-compliant.,False,
32,Legitimate Travel,laptop,Normal,0.0,1.0,0.9872,0.018,0.5619,False,Device is trust-compliant.,False,
33,Legitimate Travel,phone,Normal,0.0,1.0,0.945,0.018,0.5722,False,Device is trust-compliant.,False,
33,Legitimate Travel,laptop,Normal,0.0,1.0,0.9923,0.018,0.5606,False,Device is trust-compliant.,False,
34,Legitimate Travel,phone,Normal,0.0,1.0,0.9456,0.018,0.5721,False,Device is trust-compliant.,False,
34,Legitimate Travel,laptop,Normal,0.0,1.0,0.9954,0.018,0.5599,False,Device is trust-compliant.,False,
35,Legitimate Travel,phone,Normal,0.0,1.0,0.9447,0.018,0.5723,False,Device is trust-compliant.,False,
35,Legitimate Travel,laptop,Normal,0.0,1.0,0.9972,0.018,0.5594,False,Device is trust-compliant.,False,
36,Legitimate Travel,phone,Normal,0.0,1.0,0.9624,0.018,0.568,False,Device is trust-compliant.,False,
36,Legitimate Travel,laptop,Normal,0.0,1.0,0.9983,0.018,0.5591,False,Device is trust-compliant.,False,
37,Legitimate Travel,phone,Normal,0.0,1.0,0.9738,0.018,0.5652,False,Device is trust-compliant.,False,
37,Legitimate Travel,laptop,Normal,0.0,1.0,0.999,0.018,0.559,False,Device is trust-compliant.,False,
38,Legitimate Travel,phone,Normal,0.0,1.0,0.9818,0.018,0.5632,False,Device is trust-compliant.,False,
38,Legitimate Travel,laptop,Normal,0.0,1.0,0.9994,0.018,0.5589,False,Device is trust-compliant.,False,
39,Legitimate Travel,phone,Normal,0.0,1.0,0.9873,0.018,0.5619,False,Device is trust-compliant.,False,
39,Legitimate Travel,laptop,Normal,0.0,1.0,0.9996,0.018,0.5588,False,Device is trust-compliant.,False,
40,Legitimate Travel,phone,Normal,0.0,1.0,0.9912,0.018,0.5609,False,Device is trust-compliant.,False,
40,Legitimate Travel,laptop,Normal,0.0,1.0,0.9998,0.018,0.5588,False,Device is trust-compliant.,False,
1,Legitimate Travel,phone,Normal,0.0362,0.9638,1.0,0.0206,0.03,False,trust-compliant,False,
1,Legitimate Travel,laptop,Idle,0.1452,0.8548,0.98,0.0453,0.1052,False,trust-compliant,False,
2,Legitimate Travel,phone,Normal,0.0,1.0,0.9826,0.018,0.563,False,trust-compliant,False,
2,Legitimate Travel,laptop,Normal,0.0,1.0,0.9723,0.018,0.5655,False,trust-compliant,False,
3,Legitimate Travel,phone,Normal,0.0,1.0,0.9705,0.018,0.566,False,trust-compliant,False,
3,Legitimate Travel,laptop,Normal,0.0,1.0,0.9675,0.018,0.5667,False,trust-compliant,False,
4,Legitimate Travel,phone,Idle,0.0,1.0,0.9621,0.018,0.5681,False,trust-compliant,False,
4,Legitimate Travel,laptop,Normal,0.0,1.0,0.9646,0.018,0.5674,False,trust-compliant,False,
5,Legitimate Travel,phone,Idle,0.0,1.0,0.9736,0.018,0.5652,False,trust-compliant,False,
5,Legitimate Travel,laptop,Normal,0.0,1.0,0.9628,0.018,0.5679,False,trust-compliant,False,
6,Legitimate Travel,phone,Idle,0.0,1.0,0.9642,0.018,0.5675,False,trust-compliant,False,
6,Legitimate Travel,laptop,Idle,0.0,1.0,0.9771,0.018,0.5644,False,trust-compliant,False,
7,Legitimate Travel,phone,Normal,0.0,1.0,0.9751,0.018,0.5649,False,trust-compliant,False,
7,Legitimate Travel,laptop,Normal,0.0,1.0,0.9705,0.018,0.566,False,trust-compliant,False,
8,Legitimate Travel,phone,Normal,0.0014,0.9986,0.9825,0.018,0.5636,False,trust-compliant,False,
8,Legitimate Travel,laptop,Normal,0.0007,0.9993,0.9817,0.018,0.5635,False,trust-compliant,False,
9,Legitimate Travel,phone,Normal,0.0,1.0,0.9878,0.018,0.5617,False,trust-compliant,False,
9,Legitimate Travel,laptop,Normal,0.0016,0.9984,0.9884,0.018,0.5622,False,trust-compliant,False,
10,Legitimate Travel,phone,Normal,0.0,1.0,0.9917,0.018,0.5608,False,trust-compliant,False,
10,Legitimate Travel,laptop,Normal,0.0,1.0,0.9929,0.018,0.5605,False,trust-compliant,False,
11,Legitimate Travel,phone,Normal,0.0,1.0,0.9942,0.018,0.5602,False,Device is trust-compliant.,False,
11,Legitimate Travel,laptop,Normal,0.0,1.0,0.9956,0.018,0.5598,False,Device is trust-compliant.,False,
12,Legitimate Travel,phone,Normal,0.0,1.0,0.9786,0.018,0.564,False,Device is trust-compliant.,False,
12,Legitimate Travel,laptop,Normal,0.0,1.0,0.9973,0.018,0.5594,False,Device is trust-compliant.,False,
13,Legitimate Travel,phone,Normal,0.0,1.0,0.9851,0.018,0.5624,False,Device is trust-compliant.,False,
13,Legitimate Travel,laptop,Normal,0.0,1.0,0.9983,0.018,0.5591,False,Device is trust-compliant.,False,
14,Legitimate Travel,phone,Normal,0.0,1.0,0.9899,0.018,0.5612,False,Device is trust-compliant.,False,
14,Legitimate Travel,laptop,Normal,0.0,1.0,0.999,0.018,0.559,False,Device is trust-compliant.,False,
15,Legitimate Travel,phone,Normal,0.0,1.0,0.9931,0.018,0.5604,False,Device is trust-compliant.,False,
15,Legitimate Travel,laptop,Normal,0.0,1.0,0.9994,0.018,0.5589,False,Device is trust-compliant.,False,
16,Legitimate Travel,phone,Normal,0.0,1.0,0.9953,0.018,0.5599,False,Device is trust-compliant.,False,
16,Legitimate Travel,laptop,Normal,0.0,1.0,0.9996,0.018,0.5588,False,Device is trust-compliant.,False,
17,Legitimate Travel,phone,Normal,0.0,1.0,0.9968,0.018,0.5595,False,Device is trust-compliant.,False,
17,Legitimate Travel,laptop,Normal,0.0,1.0,0.9998,0.018,0.5588,False,Device is trust-compliant.,False,
18,Legitimate Travel,phone,Normal,0.0,1.0,0.9808,0.018,0.5635,False,Device is trust-compliant.,False,
18,Legitimate Travel,laptop,Normal,0.0,1.0,0.9999,0.018,0.5588,False,Device is trust-compliant.,False,
19,Legitimate Travel,phone,Normal,0.0,1.0,0.9869,0.018,0.562,False,Device is trust-compliant.,False,
19,Legitimate Travel,laptop,Normal,0.0,1.0,0.9849,0.018,0.5624,False,Device is trust-compliant.,False,
20,Legitimate Travel,phone,Normal,0.0,1.0,0.9909,0.018,0.561,False,Device is trust-compliant.,False,
20,Legitimate Travel,laptop,Normal,0.0,1.0,0.9909,0.018,0.561,False,Device is trust-compliant.,False,
21,Legitimate Travel,phone,Normal,0.0,1.0,0.9937,0.018,0.5603,False,Device is trust-compliant.,False,
21,Legitimate Travel,laptop,Normal,0.0,1.0,0.9944,0.018,0.5601,False,Device is trust-compliant.,False,
22,Legitimate Travel,phone,Normal,0.0,1.0,0.9956,0.018,0.5598,False,Device is trust-compliant.,False,
22,Legitimate Travel,laptop,Normal,0.0,1.0,0.9966,0.018,0.5596,False,Device is trust-compliant.,False,
23,Legitimate Travel,phone,Normal,0.0,1.0,0.9795,0.018,0.5638,False,Device is trust-compliant.,False,
23,Legitimate Travel,laptop,Normal,0.0,1.0,0.998,0.018,0.5592,False,Device is trust-compliant.,False,
24,Legitimate Travel,phone,Normal,0.0012,0.9988,0.9856,0.018,0.5627,False,Device is trust-compliant.,False,
24,Legitimate Travel,laptop,Normal,0.0011,0.9989,0.9835,0.018,0.5632,False,Device is trust-compliant.,False,
25,Legitimate Travel,phone,Normal,0.0013,0.9987,0.9724,0.018,0.566,False,Device is trust-compliant.,False,
25,Legitimate Travel,laptop,Normal,0.0013,0.9987,0.9748,0.018,0.5654,False,Device is trust-compliant.,False,
26,Legitimate Travel,phone,Normal,0.0,1.0,0.9634,0.018,0.5677,False,Device is trust-compliant.,False,
26,Legitimate Travel,laptop,Normal,0.0,1.0,0.9699,0.018,0.5661,False,Device is trust-compliant.,False,
27,Legitimate Travel,phone,Idle,0.0,1.0,0.9571,0.018,0.5693,False,Device is trust-compliant.,False,
27,Legitimate Travel,laptop,Normal,0.0,1.0,0.9669,0.018,0.5669,False,Device is trust-compliant.,False,
28,Legitimate Travel,phone,Normal,0.0,1.0,0.9527,0.018,0.5704,False,Device is trust-compliant.,False,
28,Legitimate Travel,laptop,Idle,0.0,1.0,0.9651,0.018,0.5673,False,Device is trust-compliant.,False,
29,Legitimate Travel,phone,Idle,0.0,1.0,0.9497,0.018,0.5711,False,Device is trust-compliant.,False,
29,Legitimate Travel,laptop,Idle,0.0,1.0,0.9791,0.018,0.5639,False,Device is trust-compliant.,False,
30,Legitimate Travel,phone,Idle,0.0,1.0,0.9476,0.018,0.5716,False,Device is trust-compliant.,False,
30,Legitimate Travel,laptop,Idle,0.0,1.0,0.9725,0.018,0.5655,False,Device is trust-compliant.,False,
31,Legitimate Travel,phone,Normal,0.0,1.0,0.9635,0.018,0.5677,False,Device is trust-compliant.,False,
31,Legitimate Travel,laptop,Normal,0.0,1.0,0.9685,0.018,0.5665,False,Device is trust-compliant.,False,
32,Legitimate Travel,phone,Normal,0.0013,0.9987,0.9744,0.018,0.5655,False,Device is trust-compliant.,False,
32,Legitimate Travel,laptop,Normal,0.0011,0.9989,0.9658,0.018,0.5675,False,Device is trust-compliant.,False,
33,Legitimate Travel,phone,Normal,0.0,1.0,0.9822,0.018,0.5631,False,Device is trust-compliant.,False,
33,Legitimate Travel,laptop,Normal,0.0,1.0,0.9789,0.018,0.5639,False,Device is trust-compliant.,False,
34,Legitimate Travel,phone,Normal,0.0,1.0,0.9879,0.018,0.5617,False,Device is trust-compliant.,False,
34,Legitimate Travel,laptop,Normal,0.0,1.0,0.987,0.018,0.5619,False,Device is trust-compliant.,False,
35,Legitimate Travel,phone,Normal,0.0,1.0,0.9742,0.018,0.5651,False,Device is trust-compliant.,False,
35,Legitimate Travel,laptop,Normal,0.0,1.0,0.9922,0.018,0.5606,False,Device is trust-compliant.,False,
36,Legitimate Travel,phone,Normal,0.0,1.0,0.9124,0.018,0.5802,False,Device is trust-compliant.,False,
36,Legitimate Travel,laptop,Normal,0.0,1.0,0.9953,0.018,0.5599,False,Device is trust-compliant.,False,
37,Legitimate Travel,phone,Normal,0.0,1.0,0.9216,0.018,0.578,False,Device is trust-compliant.,False,
37,Legitimate Travel,laptop,Normal,0.0,1.0,0.9971,0.018,0.5594,False,Device is trust-compliant.,False,
38,Legitimate Travel,phone,Normal,0.0,1.0,0.928,0.018,0.5764,False,Device is trust-compliant.,False,
38,Legitimate Travel,laptop,Normal,0.0,1.0,0.9366,0.018,0.5743,False,Device is trust-compliant.,False,
39,Legitimate Travel,phone,Normal,0.0,1.0,0.9325,0.018,0.5753,False,Device is trust-compliant.,False,
39,Legitimate Travel,laptop,Normal,0.0,1.0,0.962,0.018,0.5681,False,Device is trust-compliant.,False,
40,Legitimate Travel,phone,Normal,0.0011,0.9989,0.9355,0.018,0.575,False,Device is trust-compliant.,False,
40,Legitimate Travel,laptop,Normal,0.0,1.0,0.9772,0.018,0.5643,False,Device is trust-compliant.,False,
1,Legitimate Travel,phone,Idle,0.084,0.916,0.98,0.0149,0.0564,False,trust-compliant,False,
1,Legitimate Travel,laptop,Idle,0.0823,0.9177,0.98,0.0419,0.0661,False,trust-compliant,False,
2,Legitimate Travel,phone,Normal,0.0,1.0,0.9687,0.018,0.5664,False,trust-compliant,False,
2,Legitimate Travel,laptop,Normal,0.0,1.0,0.9723,0.018,0.5655,False,trust-compliant,False,
3,Legitimate Travel,phone,Normal,0.0,1.0,0.9608,0.018,0.5684,False,trust-compliant,False,
3,Legitimate Travel,laptop,Normal,0.0,1.0,0.9675,0.018,0.5667,False,trust-compliant,False,
4,Legitimate Travel,phone,Idle,0.0,1.0,0.9727,0.018,0.5654,False,trust-compliant,False,
4,Legitimate Travel,laptop,Idle,0.0,1.0,0.9646,0.018,0.5674,False,trust-compliant,False,
5,Legitimate Travel,phone,Normal,0.0,1.0,0.9636,0.018,0.5677,False,trust-compliant,False,
5,Legitimate Travel,laptop,Normal,0.0,1.0,0.9628,0.018,0.5679,False,trust-compliant,False,
6,Legitimate Travel,phone,Normal,0.0,1.0,0.9573,0.018,0.5692,False,trust-compliant,False,
6,Legitimate Travel,laptop,Normal,0.0,1.0,0.9617,0.018,0.5681,False,trust-compliant,False,
7,Legitimate Travel,phone,Normal,0.0,1.0,0.9529,0.018,0.5703,False,trust-compliant,False,
7,Legitimate Travel,laptop,Normal,0.0,1.0,0.961,0.018,0.5683,False,trust-compliant,False,
8,Legitimate Travel,phone,Normal,0.0015,0.9985,0.967,0.018,0.5674,False,trust-compliant,False,
8,Legitimate Travel,laptop,Normal,0.0011,0.9989,0.9603,0.018,0.5689,False,trust-compliant,False,
9,Legitimate Travel,phone,Normal,0.0,1.0,0.9776,0.018,0.5642,False,trust-compliant,False,
9,Legitimate Travel,laptop,Normal,0.0,1.0,0.9755,0.018,0.5648,False,trust-compliant,False,
10,Legitimate Travel,phone,Normal,0.0,1.0,0.9844,0.018,0.5626,False,trust-compliant,False,
10,Legitimate Travel,laptop,Normal,0.0,1.0,0.9695,0.018,0.5662,False,trust-compliant,False,
11,Legitimate Travel,phone,Normal,0.0,1.0,0.9894,0.018,0.5613,False,Device is trust-compliant.,False,
11,Legitimate Travel,laptop,Normal,0.0,1.0,0.9812,0.018,0.5634,False,Device is trust-compliant.,False,
12,Legitimate Travel,phone,Normal,0.0,1.0,0.9926,0.018,0.5606,False,Device is trust-compliant.,False,
12,Legitimate Travel,laptop,Normal,0.0,1.0,0.9887,0.018,0.5615,False,Device is trust-compliant.,False,
13,Legitimate Travel,phone,Normal,0.0,1.0,0.9948,0.018,0.56,False,Device is trust-compliant.,False,
13,Legitimate Travel,laptop,Normal,0.0,1.0,0.9332,0.018,0.5751,False,Device is trust-compliant.,False,
14,Legitimate Travel,phone,Normal,0.0,1.0,0.9964,0.018,0.5596,False,Device is trust-compliant.,False,
14,Legitimate Travel,laptop,Normal,0.0,1.0,0.9589,0.018,0.5688,False,Device is trust-compliant.,False,
15,Legitimate Travel,phone,Normal,0.0,1.0,0.9976,0.018,0.5593,False,Device is trust-compliant.,False,
15,Legitimate Travel,laptop,Normal,0.0,1.0,0.9593,0.018,0.5687,False,Device is trust-compliant.,False,
16,Legitimate Travel,phone,Normal,0.0,1.0,0.9984,0.018,0.5591,False,Device is trust-compliant.,False,
16,Legitimate Travel,laptop,Normal,0.0,1.0,0.9756,0.018,0.5647,False,Device is trust-compliant.,False,
17,Legitimate Travel,phone,Normal,0.0012,0.9988,0.9817,0.018,0.5637,False,Device is trust-compliant.,False,
17,Legitimate Travel,laptop,Normal,0.0,1.0,0.985,0.018,0.5624,False,Device is trust-compliant.,False,
18,Legitimate Travel,phone,Normal,0.0,1.0,0.9876,0.018,0.5618,False,Device is trust-compliant.,False,
18,Legitimate Travel,laptop,Normal,0.0,1.0,0.9908,0.018,0.561,False,Device is trust-compliant.,False,
19,Legitimate Travel,phone,Normal,0.0,1.0,0.9914,0.018,0.5608,False,Device is trust-compliant.,False,
19,Legitimate Travel,laptop,Normal,0.0,1.0,0.9943,0.018,0.5601,False,Device is trust-compliant.,False,
20,Legitimate Travel,phone,Normal,0.0,1.0,0.9942,0.018,0.5602,False,Device is trust-compliant.,False,
20,Legitimate Travel,laptop,Normal,0.0,1.0,0.9965,0.018,0.5596,False,Device is trust-compliant.,False,
21,Legitimate Travel,phone,Normal,0.0,1.0,0.9961,0.018,0.5597,False,Device is trust-compliant.,False,
21,Legitimate Travel,laptop,Normal,0.0,1.0,0.9978,0.018,0.5593,False,Device is trust-compliant.,False,
22,Legitimate Travel,phone,Normal,0.0,1.0,0.9973,0.018,0.5594,False,Device is trust-compliant.,False,
22,Legitimate Travel,laptop,Normal,0.0,1.0,0.9832,0.018,0.5629,False,Device is trust-compliant.,False,
23,Legitimate Travel,phone,Normal,0.0,1.0,0.9807,0.018,0.5635,False,Device is trust-compliant.,False,
23,Legitimate Travel,laptop,Normal,0.0,1.0,0.9897,0.018,0.5613,False,Device is trust-compliant.,False,
24,Legitimate Travel,phone,Normal,0.0011,0.9989,0.9864,0.018,0.5625,False,Device is trust-compliant.,False,
24,Legitimate Travel,laptop,Normal,0.0012,0.9988,0.978,0.018,0.5646,False,Device is trust-compliant.,False,
25,Legitimate Travel,phone,Normal,0.0013,0.9987,0.973,0.018,0.5659,False,Device is trust-compliant.,False,
25,Legitimate Travel,laptop,Normal,0.0013,0.9987,0.9707,0.018,0.5664,False,Device is trust-compliant.,False,
26,Legitimate Travel,phone,Normal,0.0,1.0,0.9638,0.018,0.5676,False,Device is trust-compliant.,False,
26,Legitimate Travel,laptop,Normal,0.0,1.0,0.9666,0.018,0.5669,False,Device is trust-compliant.,False,
27,Legitimate Travel,phone,Normal,0.0,1.0,0.9052,0.018,0.582,False,Device is trust-compliant.,False,
27,Legitimate Travel,laptop,Normal,0.0,1.0,0.964,0.018,0.5676,False,Device is trust-compliant.,False,
28,Legitimate Travel,phone,Idle,0.0,1.0,0.934,0.018,0.5749,False,Device is trust-compliant.,False,
28,Legitimate Travel,laptop,Idle,0.0,1.0,0.9624,0.018,0.568,False,Device is trust-compliant.,False,
29,Legitimate Travel,phone,Normal,0.0,1.0,0.9367,0.018,0.5743,False,Device is trust-compliant.,False,
29,Legitimate Travel,laptop,Idle,0.0,1.0,0.9614,0.018,0.5682,False,Device is trust-compliant.,False,
30,Legitimate Travel,phone,Normal,0.0,1.0,0.9385,0.018,0.5738,False,Device is trust-compliant.,False,
30,Legitimate Travel,laptop,Idle,0.0,1.0,0.9608,0.018,0.5684,False,Device is trust-compliant.,False,
31,Legitimate Travel,phone,Normal,0.0,1.0,0.8876,0.018,0.5862,False,Device is trust-compliant.,False,
31,Legitimate Travel,laptop,Normal,0.0,1.0,0.9605,0.018,0.5684,False,Device is trust-compliant.,False,
32,Legitimate Travel,phone,Normal,0.0012,0.9988,0.9216,0.018,0.5784,False,Device is trust-compliant.,False,
32,Legitimate Travel,laptop,Normal,0.0011,0.9989,0.96,0.018,0.569,False,Device is trust-compliant.,False,
33,Legitimate Travel,phone,Normal,0.0,1.0,0.9454,0.018,0.5721,False,Device is trust-compliant.,False,
33,Legitimate Travel,laptop,Normal,0.0,1.0,0.9754,0.018,0.5648,False,Device is trust-compliant.,False,
34,Legitimate Travel,phone,Normal,0.0,1.0,0.962,0.018,0.5681,False,Device is trust-compliant.,False,
34,Legitimate Travel,laptop,Normal,0.0,1.0,0.9848,0.018,0.5625,False,Device is trust-compliant.,False,
35,Legitimate Travel,phone,Normal,0.0,1.0,0.9742,0.018,0.5651,False,Device is trust-compliant.,False,
35,Legitimate Travel,laptop,Normal,0.0,1.0,0.9906,0.018,0.561,False,Device is trust-compliant.,False,
36,Legitimate Travel,phone,Normal,0.0,1.0,0.9145,0.018,0.5797,False,Device is trust-compliant.,False,
36,Legitimate Travel,laptop,Normal,0.0,1.0,0.9788,0.018,0.5639,False,Device is trust-compliant.,False,
37,Legitimate Travel,phone,Normal,0.0,1.0,0.9419,0.018,0.573,False,Device is trust-compliant.,False,
37,Legitimate Travel,laptop,Normal,0.0,1.0,0.9869,0.018,0.562,False,Device is trust-compliant.,False,
38,Legitimate Travel,phone,Normal,0.0,1.0,0.9596,0.018,0.5687,False,Device is trust-compliant.,False,
38,Legitimate Travel,laptop,Normal,0.0,1.0,0.9765,0.018,0.5645,False,Device is trust-compliant.,False,
39,Legitimate Travel,phone,Normal,0.0,1.0,0.9719,0.018,0.5656,False,Device is trust-compliant.,False,
39,Legitimate Travel,laptop,Normal,0.0,1.0,0.9859,0.018,0.5622,False,Device is trust-compliant.,False,
40,Legitimate Travel,phone,Normal,0.0,1.0,0.9804,0.018,0.5636,False,Device is trust-compliant.,False,
40,Legitimate Travel,laptop,Normal,0.0004,0.9996,0.9914,0.018,0.561,False,Device is trust-compliant.,False,
1,Short Inactivity,phone,Normal,0.0613,0.9387,1.0,0.0303,0.0489,False,trust-compliant,False,
1,Short Inactivity,laptop,Idle,0.1399,0.8601,0.98,0.0319,0.0967,False,trust-compliant,False,
2,Short Inactivity,phone,Idle,0.0,1.0,0.9826,0.018,0.563,False,trust-compliant,False,
2,Short Inactivity,laptop,Normal,0.0051,0.9949,0.9267,0.018,0.5786,False,trust-compliant,False,
3,Short Inactivity,phone,Idle,0.0,1.0,0.9705,0.018,0.566,False,trust-compliant,False,
3,Short Inactivity,laptop,Normal,0.0,1.0,0.956,0.018,0.5695,False,trust-compliant,False,
4,Short Inactivity,phone,Idle,0.0,1.0,0.9621,0.018,0.5681,False,trust-compliant,False,
4,Short Inactivity,laptop,Normal,0.0,1.0,0.9136,0.018,0.5799,False,trust-compliant,False,
5,Short Inactivity,phone,Idle,0.0,1.0,0.9562,0.018,0.5695,False,trust-compliant,False,
5,Short Inactivity,laptop,Normal,0.0,1.0,0.9482,0.018,0.5715,False,trust-compliant,False,
6,Short Inactivity,phone,Idle,0.0,1.0,0.9521,0.018,0.5705,False,trust-compliant,False,
6,Short Inactivity,laptop,Normal,0.0,1.0,0.9689,0.018,0.5664,False,trust-compliant,False,
7,Short Inactivity,phone,Normal,0.0,1.0,0.9493,0.018,0.5712,False,trust-compliant,False,
7,Short Inactivity,laptop,Normal,0.0,1.0,0.9213,0.018,0.578,False,trust-compliant,False,
8,Short Inactivity,phone,Normal,0.0,1.0,0.9647,0.018,0.5674,False,trust-compliant,False,
8,Short Inactivity,laptop,Normal,0.0,1.0,0.9528,0.018,0.5703,False,trust-compliant,False,
9,Short Inactivity,phone,Normal,0.0,1.0,0.9754,0.018,0.5648,False,trust-compliant,False,
9,Short Inactivity,laptop,Normal,0.0,1.0,0.9717,0.018,0.5657,False,trust-compliant,False,
10,Short Inactivity,phone,Normal,0.0,1.0,0.9833,0.018,0.5628,False,trust-compliant,False,
10,Short Inactivity,laptop,Normal,0.0,1.0,0.9788,0.018,0.5639,False,trust-compliant,False,
11,Short Inactivity,phone,Normal,0.0,1.0,0.9886,0.018,0.5615,False,Device is trust-compliant.,False,
11,Short Inactivity,laptop,Normal,0.0,1.0,0.9841,0.018,0.5626,False,Device is trust-compliant.,False,
12,Short Inactivity,phone,Normal,0.0,1.0,0.9922,0.018,0.5606,False,Device is trust-compliant.,False,
12,Short Inactivity,laptop,Normal,0.0,1.0,0.9881,0.018,0.5617,False,Device is trust-compliant.,False,
13,Short Inactivity,phone,Normal,0.0,1.0,0.9947,0.018,0.56,False,Device is trust-compliant.,False,
13,Short Inactivity,laptop,Normal,0.0,1.0,0.9911,0.018,0.5609,False,Device is trust-compliant.,False,
14,Short Inactivity,phone,Normal,0.0,1.0,0.9794,0.018,0.5638,False,Device is trust-compliant.,False,
14,Short Inactivity,laptop,Normal,0.0,1.0,0.9947,0.018,0.56,False,Device is trust-compliant.,False,
15,Short Inactivity,phone,Normal,0.0,1.0,0.969,0.018,0.5664,False,Device is trust-compliant.,False,
15,Short Inactivity,laptop,Normal,0.0,1.0,0.9368,0.018,0.5742,False,Device is trust-compliant.,False,
16,Short Inactivity,phone,Normal,0.0,1.0,0.9619,0.018,0.5681,False,Device is trust-compliant.,False,
16,Short Inactivity,laptop,Normal,0.0,1.0,0.9021,0.018,0.5827,False,Device is trust-compliant.,False,
17,Short Inactivity,phone,Normal,0.0,1.0,0.9571,0.018,0.5693,False,Device is trust-compliant.,False,
17,Short Inactivity,laptop,Normal,0.0,1.0,0.8813,0.018,0.5878,False,Device is trust-compliant.,False,
18,Short Inactivity,phone,Normal,0.0,1.0,0.9538,0.018,0.5701,False,Device is trust-compliant.,False,
18,Short Inactivity,laptop,Normal,0.0,1.0,0.9288,0.018,0.5762,False,Device is trust-compliant.,False,
19,Short Inactivity,phone,Normal,0.0,1.0,0.9516,0.018,0.5706,False,Device is trust-compliant.,False,
19,Short Inactivity,laptop,Normal,0.0,1.0,0.8973,0.018,0.5839,False,Device is trust-compliant.,False,
20,Short Inactivity,phone,Normal,0.0,1.0,0.8991,0.018,0.5834,False,Device is trust-compliant.,False,
20,Short Inactivity,laptop,Normal,0.0,1.0,0.8784,0.018,0.5885,False,Device is trust-compliant.,False,
21,Short Inactivity,phone,Normal,0.0,1.0,0.9144,0.018,0.5797,False,Device is trust-compliant.,False,
21,Short Inactivity,laptop,Normal,0.0,1.0,0.867,0.018,0.5912,False,Device is trust-compliant.,False,
22,Short Inactivity,phone,Normal,0.0,1.0,0.9418,0.018,0.573,False,Device is trust-compliant.,False,
22,Short Inactivity,laptop,Normal,0.0,1.0,0.9202,0.018,0.5783,False,Device is trust-compliant.,False,
23,Short Inactivity,phone,Normal,0.0,1.0,0.9604,0.018,0.5685,False,Device is trust-compliant.,False,
23,Short Inactivity,laptop,Normal,0.0,1.0,0.9521,0.018,0.5705,False,Device is trust-compliant.,False,
24,Short Inactivity,phone,Normal,0.0,1.0,0.9561,0.018,0.5695,False,Device is trust-compliant.,False,
24,Short Inactivity,laptop,Normal,0.0,1.0,0.9113,0.018,0.5805,False,Device is trust-compliant.,False,
25,Short Inactivity,phone,Normal,0.0,1.0,0.9531,0.018,0.5703,False,Device is trust-compliant.,False,
25,Short Inactivity,laptop,Normal,0.0,1.0,0.9468,0.018,0.5718,False,Device is trust-compliant.,False,
26,Short Inactivity,phone,Idle,0.0,1.0,0.9511,0.018,0.5707,False,Device is trust-compliant.,False,
26,Short Inactivity,laptop,Normal,0.0,1.0,0.9681,0.018,0.5666,False,Device is trust-compliant.,False,
27,Short Inactivity,phone,Idle,0.0,1.0,0.9497,0.018,0.5711,False,Device is trust-compliant.,False,
27,Short Inactivity,laptop,Normal,0.0,1.0,0.9809,0.018,0.5634,False,Device is trust-compliant.,False,
28,Short Inactivity,phone,Idle,0.0,1.0,0.9658,0.018,0.5671,False,Device is trust-compliant.,False,
28,Short Inactivity,laptop,Normal,0.0,1.0,0.9885,0.018,0.5616,False,Device is trust-compliant.,False,
29,Short Inactivity,phone,Normal,0.0,1.0,0.9597,0.018,0.5686,False,Device is trust-compliant.,False,
29,Short Inactivity,laptop,Normal,0.0,1.0,0.9781,0.018,0.5641,False,Device is trust-compliant.,False,
30,Short Inactivity,phone,Idle,0.0,1.0,0.9726,0.018,0.5655,False,Device is trust-compliant.,False,
30,Short Inactivity,laptop,Idle,0.0,1.0,0.9719,0.018,0.5656,False,Device is trust-compliant.,False,
31,Short Inactivity,phone,Normal,0.0,1.0,0.9814,0.018,0.5633,False,Device is trust-compliant.,False,
31,Short Inactivity,laptop,Normal,0.0,1.0,0.9681,0.018,0.5666,False,Device is trust-compliant.,False,
32,Short Inactivity,phone,Normal,0.0,1.0,0.9704,0.018,0.566,False,Device is trust-compliant.,False,
32,Short Inactivity,laptop,Normal,0.0,1.0,0.9809,0.018,0.5634,False,Device is trust-compliant.,False,
33,Short Inactivity,phone,Normal,0.0,1.0,0.9794,0.018,0.5638,False,Device is trust-compliant.,False,
33,Short Inactivity,laptop,Normal,0.0,1.0,0.9885,0.018,0.5616,False,Device is trust-compliant.,False,
34,Short Inactivity,phone,Normal,0.0,1.0,0.9683,0.018,0.5665,False,Device is trust-compliant.,False,
34,Short Inactivity,laptop,Normal,0.0,1.0,0.9929,0.018,0.5605,False,Device is trust-compliant.,False,
35,Short Inactivity,phone,Normal,0.0,1.0,0.9779,0.018,0.5642,False,Device is trust-compliant.,False,
35,Short Inactivity,laptop,Normal,0.0,1.0,0.9956,0.018,0.5598,False,Device is trust-compliant.,False,
36,Short Inactivity,phone,Normal,0.0,1.0,0.985,0.018,0.5624,False,Device is trust-compliant.,False,
36,Short Inactivity,laptop,Normal,0.0,1.0,0.9973,0.018,0.5594,False,Device is trust-compliant.,False,
37,Short Inactivity,phone,Normal,0.0,1.0,0.9728,0.018,0.5654,False,Device is trust-compliant.,False,
37,Short Inactivity,laptop,Normal,0.0,1.0,0.9983,0.018,0.5591,False,Device is trust-compliant.,False,
38,Short Inactivity,phone,Normal,0.0,1.0,0.9637,0.018,0.5677,False,Device is trust-compliant.,False,
38,Short Inactivity,laptop,Normal,0.0,1.0,0.999,0.018,0.559,False,Device is trust-compliant.,False,
39,Short Inactivity,phone,Normal,0.0,1.0,0.9753,0.018,0.5648,False,Device is trust-compliant.,False,
39,Short Inactivity,laptop,Normal,0.0,1.0,0.9994,0.018,0.5589,False,Device is trust-compliant.,False,
40,Short Inactivity,phone,Normal,0.0,1.0,0.9832,0.018,0.5629,False,Device is trust-compliant.,False,
40,Short Inactivity,laptop,Normal,0.0,1.0,0.9996,0.018,0.5588,False,Device is trust-compliant.,False,
1,Short Inactivity,phone,Idle,0.1151,0.8849,0.98,0.0252,0.0791,False,trust-compliant,False,
1,Short Inactivity,laptop,Normal,0.0218,0.9782,1.0,0.0257,0.0234,False,trust-compliant,False,
2,Short Inactivity,phone,Idle,0.0,1.0,0.9687,0.018,0.5664,False,trust-compliant,False,
2,Short Inactivity,laptop,Normal,0.0,1.0,0.9846,0.018,0.5625,False,trust-compliant,False,
3,Short Inactivity,phone,Normal,0.0,1.0,0.8477,0.018,0.5959,False,trust-compliant,False,
3,Short Inactivity,laptop,Normal,0.0,1.0,0.9751,0.018,0.5649,False,trust-compliant,False,
4,Short Inactivity,phone,Normal,0.0,1.0,0.8766,0.018,0.5889,False,trust-compliant,False,
4,Short Inactivity,laptop,Normal,0.0,1.0,0.9693,0.018,0.5663,False,trust-compliant,False,
5,Short Inactivity,phone,Idle,0.0,1.0,0.8967,0.018,0.584,False,trust-compliant,False,
5,Short Inactivity,laptop,Idle,0.0,1.0,0.9657,0.018,0.5672,False,trust-compliant,False,
6,Short Inactivity,phone,Normal,0.0,1.0,0.9281,0.018,0.5764,False,trust-compliant,False,
6,Short Inactivity,laptop,Normal,0.0,1.0,0.9635,0.018,0.5677,False,trust-compliant,False,
7,Short Inactivity,phone,Normal,0.0,1.0,0.95,0.018,0.571,False,trust-compliant,False,
7,Short Inactivity,laptop,Normal,0.0,1.0,0.9621,0.018,0.5681,False,trust-compliant,False,
8,Short Inactivity,phone,Normal,0.0,1.0,0.9478,0.018,0.5716,False,trust-compliant,False,
8,Short Inactivity,laptop,Normal,0.0,1.0,0.9767,0.018,0.5645,False,trust-compliant,False,
9,Short Inactivity,phone,Normal,0.0,1.0,0.9637,0.018,0.5677,False,trust-compliant,False,
9,Short Inactivity,laptop,Normal,0.0,1.0,0.9856,0.018,0.5623,False,trust-compliant,False,
10,Short Inactivity,phone,Normal,0.0,1.0,0.9583,0.018,0.569,False,trust-compliant,False,
10,Short Inactivity,laptop,Normal,0.0,1.0,0.9889,0.018,0.5615,False,trust-compliant,False,
11,Short Inactivity,phone,Normal,0.0,1.0,0.9546,0.018,0.5699,False,Device is trust-compliant.,False,
11,Short Inactivity,laptop,Normal,0.0,1.0,0.9915,0.018,0.5608,False,Device is trust-compliant.,False,
12,Short Inactivity,phone,Normal,0.0,1.0,0.9521,0.018,0.5705,False,Device is trust-compliant.,False,
12,Short Inactivity,laptop,Normal,0.0,1.0,0.9935,0.018,0.5603,False,Device is trust-compliant.,False,
13,Short Inactivity,phone,Normal,0.0,1.0,0.9504,0.018,0.5709,False,Device is trust-compliant.,False,
13,Short Inactivity,laptop,Normal,0.0,1.0,0.995,0.018,0.56,True,Inactivity timer expired (Epoch Gap: 5 >= 5),True,13
14,Short Inactivity,phone,Normal,0.0,1.0,0.9663,0.018,0.567,False,Device is trust-compliant.,False,
15,Short Inactivity,phone,Normal,0.0,1.0,0.9771,0.018,0.5644,False,Device is trust-compliant.,False,
16,Short Inactivity,phone,Normal,0.0,1.0,0.9841,0.018,0.5626,False,Device is trust-compliant.,False,
17,Short Inactivity,phone,Normal,0.0,1.0,0.9715,0.018,0.5657,False,Device is trust-compliant.,False,
18,Short Inactivity,phone,Normal,0.0,1.0,0.9628,0.018,0.5679,False,Device is trust-compliant.,False,
19,Short Inactivity,phone,Normal,0.0,1.0,0.9567,0.018,0.5694,False,Device is trust-compliant.,False,
20,Short Inactivity,phone,Normal,0.0,1.0,0.9525,0.018,0.5704,False,Device is trust-compliant.,False,
21,Short Inactivity,phone,Normal,0.0,1.0,0.9495,0.018,0.5711,False,Device is trust-compliant.,False,
22,Short Inactivity,phone,Normal,0.0,1.0,0.9649,0.018,0.5674,False,Device is trust-compliant.,False,
23,Short Inactivity,phone,Normal,0.0,1.0,0.9582,0.018,0.569,False,Device is trust-compliant.,False,
24,Short Inactivity,phone,Normal,0.0,1.0,0.9709,0.018,0.5659,False,Device is trust-compliant.,False,
25,Short Inactivity,phone,Normal,0.0,1.0,0.9623,0.018,0.568,False,Device is trust-compliant.,False,
26,Short Inactivity,phone,Normal,0.0,1.0,0.9564,0.018,0.5694,False,Device is trust-compliant.,False,
27,Short Inactivity,phone,Normal,0.0,1.0,0.9523,0.018,0.5705,False,Device is trust-compliant.,False,
28,Short Inactivity,phone,Normal,0.0,1.0,0.9494,0.018,0.5712,False,Device is trust-compliant.,False,
29,Short Inactivity,phone,Idle,0.0,1.0,0.9474,0.018,0.5717,False,Device is trust-compliant.,False,
30,Short Inactivity,phone,Normal,0.0,1.0,0.946,0.018,0.572,False,Device is trust-compliant.,False,
31,Short Inactivity,phone,Normal,0.0,1.0,0.945,0.018,0.5722,False,Device is trust-compliant.,False,
32,Short Inactivity,phone,Normal,0.0,1.0,0.9443,0.018,0.5724,False,Device is trust-compliant.,False,
33,Short Inactivity,phone,Normal,0.0,1.0,0.9621,0.018,0.5681,False,Device is trust-compliant.,False,
34,Short Inactivity,phone,Normal,0.0,1.0,0.9572,0.018,0.5693,False,Device is trust-compliant.,False,
35,Short Inactivity,phone,Normal,0.0,1.0,0.9709,0.018,0.5659,False,Device is trust-compliant.,False,
36,Short Inactivity,phone,Normal,0.0,1.0,0.9797,0.018,0.5637,False,Device is trust-compliant.,False,
37,Short Inactivity,phone,Normal,0.0,1.0,0.9859,0.018,0.5622,False,Device is trust-compliant.,False,
38,Short Inactivity,phone,Normal,0.0,1.0,0.9904,0.018,0.5611,False,Device is trust-compliant.,False,
39,Short Inactivity,phone,Normal,0.0,1.0,0.9935,0.018,0.5603,False,Device is trust-compliant.,False,
40,Short Inactivity,phone,Normal,0.0,1.0,0.9956,0.018,0.5598,False,Device is trust-compliant.,False,
1,Short Inactivity,phone,Suspicious,0.4023,0.5977,0.92,0.0432,0.2586,False,trust-compliant,False,
1,Short Inactivity,laptop,Idle,0.0808,0.9192,0.98,0.0223,0.0574,False,trust-compliant,False,
2,Short Inactivity,phone,Normal,0.0002,0.9998,0.9456,0.018,0.5722,False,trust-compliant,False,
2,Short Inactivity,laptop,Normal,0.0,1.0,0.9723,0.018,0.5655,False,trust-compliant,False,
3,Short Inactivity,phone,Normal,0.0,1.0,0.963,0.018,0.5678,False,trust-compliant,False,
3,Short Inactivity,laptop,Idle,0.0,1.0,0.9829,0.018,0.5629,False,trust-compliant,False,
4,Short Inactivity,phone,Normal,0.0,1.0,0.9748,0.018,0.5649,False,trust-compliant,False,
4,Short Inactivity,laptop,Idle,0.0,1.0,0.9741,0.018,0.5651,False,trust-compliant,False,
5,Short Inactivity,phone,Normal,0.0,1.0,0.9659,0.018,0.5671,False,trust-compliant,False,
5,Short Inactivity,laptop,Normal,0.0,1.0,0.9686,0.018,0.5665,False,trust-compliant,False,
6,Short Inactivity,phone,Normal,0.0,1.0,0.9768,0.018,0.5644,False,trust-compliant,False,
6,Short Inactivity,laptop,Idle,0.0,1.0,0.9653,0.018,0.5673,False,trust-compliant,False,
7,Short Inactivity,phone,Normal,0.0,1.0,0.9842,0.018,0.5626,False,trust-compliant,False,
7,Short Inactivity,laptop,Normal,0.0,1.0,0.9632,0.018,0.5678,False,trust-compliant,False,
8,Short Inactivity,phone,Normal,0.0,1.0,0.9893,0.018,0.5614,False,trust-compliant,False,
8,Short Inactivity,laptop,Normal,0.0,1.0,0.9773,0.018,0.5643,False,trust-compliant,False,
9,Short Inactivity,phone,Normal,0.0,1.0,0.9247,0.018,0.5772,False,trust-compliant,False,
9,Short Inactivity,laptop,Normal,0.0,1.0,0.986,0.018,0.5622,False,trust-compliant,False,
10,Short Inactivity,phone,Normal,0.0,1.0,0.9488,0.018,0.5713,False,trust-compliant,False,
10,Short Inactivity,laptop,Normal,0.0,1.0,0.9892,0.018,0.5614,False,trust-compliant,False,
11,Short Inactivity,phone,Normal,0.0,1.0,0.9652,0.018,0.5673,False,Device is trust-compliant.,False,
11,Short Inactivity,laptop,Normal,0.0,1.0,0.9917,0.018,0.5608,False,Device is trust-compliant.,False,
12,Short Inactivity,phone,Normal,0.0,1.0,0.9593,0.018,0.5687,False,Device is trust-compliant.,False,
12,Short Inactivity,laptop,Normal,0.0,1.0,0.9936,0.018,0.5603,False,Device is trust-compliant.,False,
13,Short Inactivity,phone,Normal,0.0,1.0,0.9043,0.018,0.5822,False,Device is trust-compliant.,False,
13,Short Inactivity,laptop,Normal,0.0,1.0,0.9951,0.018,0.5599,True,Inactivity timer expired (Epoch Gap: 5 >= 5),True,13
14,Short Inactivity,phone,Normal,0.0,1.0,0.8669,0.018,0.5912,False,Device is trust-compliant.,False,
15,Short Inactivity,phone,Normal,0.0,1.0,0.9095,0.018,0.5809,False,Device is trust-compliant.,False,
16,Short Inactivity,phone,Normal,0.0,1.0,0.9385,0.018,0.5738,False,Device is trust-compliant.,False,
17,Short Inactivity,phone,Normal,0.0,1.0,0.8902,0.018,0.5856,False,Device is trust-compliant.,False,
18,Short Inactivity,phone,Normal,0.0,1.0,0.9253,0.018,0.5771,False,Device is trust-compliant.,False,
19,Short Inactivity,phone,Normal,0.0,1.0,0.9492,0.018,0.5712,False,Device is trust-compliant.,False,
20,Short Inactivity,phone,Normal,0.0,1.0,0.9655,0.018,0.5672,False,Device is trust-compliant.,False,
21,Short Inactivity,phone,Normal,0.0,1.0,0.9765,0.018,0.5645,False,Device is trust-compliant.,False,
22,Short Inactivity,phone,Normal,0.0,1.0,0.984,0.018,0.5627,False,Device is trust-compliant.,False,
23,Short Inactivity,phone,Normal,0.0,1.0,0.9891,0.018,0.5614,False,Device is trust-compliant.,False,
24,Short Inactivity,phone,Idle,0.0,1.0,0.9756,0.018,0.5647,False,Device is trust-compliant.,False,
25,Short Inactivity,phone,Idle,0.0,1.0,0.9664,0.018,0.567,False,Device is trust-compliant.,False,
26,Short Inactivity,phone,Normal,0.0,1.0,0.9602,0.018,0.5685,False,Device is trust-compliant.,False,
27,Short Inactivity,phone,Normal,0.0,1.0,0.9559,0.018,0.5696,False,Device is trust-compliant.,False,
28,Short Inactivity,phone,Idle,0.0,1.0,0.953,0.018,0.5703,False,Device is trust-compliant.,False,
29,Short Inactivity,phone,Idle,0.0,1.0,0.951,0.018,0.5708,False,Device is trust-compliant.,False,
30,Short Inactivity,phone,Idle,0.0,1.0,0.9497,0.018,0.5711,False,Device is trust-compliant.,False,
31,Short Inactivity,phone,Normal,0.0,1.0,0.9488,0.018,0.5713,False,Device is trust-compliant.,False,
32,Short Inactivity,phone,Normal,0.0,1.0,0.9652,0.018,0.5673,False,Device is trust-compliant.,False,
33,Short Inactivity,phone,Normal,0.0,1.0,0.9763,0.018,0.5646,False,Device is trust-compliant.,False,
34,Short Inactivity,phone,Normal,0.0,1.0,0.9835,0.018,0.5628,False,Device is trust-compliant.,False,
35,Short Inactivity,phone,Normal,0.0,1.0,0.9888,0.018,0.5615,False,Device is trust-compliant.,False,
36,Short Inactivity,phone,Normal,0.0,1.0,0.9924,0.018,0.5606,False,Device is trust-compliant.,False,
37,Short Inactivity,phone,Normal,0.0,1.0,0.9948,0.018,0.56,False,Device is trust-compliant.,False,
38,Short Inactivity,phone,Normal,0.0,1.0,0.9965,0.018,0.5596,False,Device is trust-compliant.,False,
39,Short Inactivity,phone,Normal,0.0,1.0,0.9976,0.018,0.5593,False,Device is trust-compliant.,False,
40,Short Inactivity,phone,Normal,0.0,1.0,0.9983,0.018,0.5591,False,Device is trust-compliant.,False,
1,Short Inactivity,phone,Idle,0.1314,0.8686,0.98,0.0146,0.0847,False,trust-compliant,False,
1,Short Inactivity,laptop,Idle,0.1077,0.8923,0.98,0.0599,0.0886,False,trust-compliant,False,
2,Short Inactivity,phone,Idle,0.0,1.0,0.9687,0.018,0.5664,False,trust-compliant,False,
2,Short Inactivity,laptop,Normal,0.0,1.0,0.9723,0.018,0.5655,False,trust-compliant,False,
3,Short Inactivity,phone,Idle,0.0,1.0,0.9608,0.018,0.5684,False,trust-compliant,False,
3,Short Inactivity,laptop,Normal,0.0,1.0,0.9675,0.018,0.5667,False,trust-compliant,False,
4,Short Inactivity,phone,Idle,0.0,1.0,0.9553,0.018,0.5697,False,trust-compliant,False,
4,Short Inactivity,laptop,Idle,0.0,1.0,0.9646,0.018,0.5674,False,trust-compliant,False,
5,Short Inactivity,phone,Normal,0.0,1.0,0.9515,0.018,0.5706,False,trust-compliant,False,
5,Short Inactivity,laptop,Normal,0.0,1.0,0.9782,0.018,0.5641,False,trust-compliant,False,
6,Short Inactivity,phone,Normal,0.0,1.0,0.9662,0.018,0.567,False,trust-compliant,False,
6,Short Inactivity,laptop,Normal,0.0,1.0,0.9712,0.018,0.5658,False,trust-compliant,False,
7,Short Inactivity,phone,Normal,0.0,1.0,0.9591,0.018,0.5688,False,trust-compliant,False,
7,Short Inactivity,laptop,Normal,0.0,1.0,0.9669,0.018,0.5669,False,trust-compliant,False,
8,Short Inactivity,phone,Normal,0.0,1.0,0.9715,0.018,0.5657,False,trust-compliant,False,
8,Short Inactivity,laptop,Normal,0.0,1.0,0.9796,0.018,0.5638,False,trust-compliant,False,
9,Short Inactivity,phone,Normal,0.0,1.0,0.9802,0.018,0.5636,False,trust-compliant,False,
9,Short Inactivity,laptop,Normal,0.0,1.0,0.9728,0.018,0.5654,False,trust-compliant,False,
10,Short Inactivity,phone,Normal,0.0,1.0,0.9865,0.018,0.5621,False,trust-compliant,False,
10,Short Inactivity,laptop,Normal,0.0,1.0,0.9796,0.018,0.5638,False,trust-compliant,False,
11,Short Inactivity,phone,Normal,0.0,1.0,0.9908,0.018,0.561,False,Device is trust-compliant.,False,
11,Short Inactivity,laptop,Normal,0.0,1.0,0.9847,0.018,0.5625,False,Device is trust-compliant.,False,
12,Short Inactivity,phone,Normal,0.0,1.0,0.9937,0.018,0.5603,False,Device is trust-compliant.,False,
12,Short Inactivity,laptop,Normal,0.0,1.0,0.9885,0.018,0.5616,False,Device is trust-compliant.,False,
13,Short Inactivity,phone,Normal,0.0,1.0,0.9956,0.018,0.5598,False,Device is trust-compliant.,False,
13,Short Inactivity,laptop,Normal,0.0,1.0,0.9914,0.018,0.5608,True,Inactivity timer expired (Epoch Gap: 5 >= 5),True,13
14,Short Inactivity,phone,Normal,0.0,1.0,0.9969,0.018,0.5595,False,Device is trust-compliant.,False,
15,Short Inactivity,phone,Normal,0.0,1.0,0.9299,0.018,0.5759,False,Device is trust-compliant.,False,
16,Short Inactivity,phone,Normal,0.0,1.0,0.9523,0.018,0.5705,False,Device is trust-compliant.,False,
17,Short Inactivity,phone,Normal,0.0,1.0,0.9676,0.018,0.5667,False,Device is trust-compliant.,False,
18,Short Inactivity,phone,Normal,0.0,1.0,0.9774,0.018,0.5643,False,Device is trust-compliant.,False,
19,Short Inactivity,phone,Normal,0.0,1.0,0.9846,0.018,0.5625,False,Device is trust-compliant.,False,
20,Short Inactivity,phone,Normal,0.0,1.0,0.9725,0.018,0.5655,False,Device is trust-compliant.,False,
21,Short Inactivity,phone,Normal,0.0,1.0,0.9813,0.018,0.5633,False,Device is trust-compliant.,False,
22,Short Inactivity,phone,Normal,0.0,1.0,0.9193,0.018,0.5785,False,Device is trust-compliant.,False,
23,Short Inactivity,phone,Normal,0.0,1.0,0.9438,0.018,0.5725,False,Device is trust-compliant.,False,
24,Short Inactivity,phone,Idle,0.0,1.0,0.9435,0.018,0.5726,False,Device is trust-compliant.,False,
25,Short Inactivity,phone,Normal,0.0,1.0,0.9433,0.018,0.5727,False,Device is trust-compliant.,False,
26,Short Inactivity,phone,Normal,0.0,1.0,0.9431,0.018,0.5727,False,Device is trust-compliant.,False,
27,Short Inactivity,phone,Idle,0.0,1.0,0.943,0.018,0.5727,False,Device is trust-compliant.,False,
28,Short Inactivity,phone,Normal,0.0,1.0,0.9429,0.018,0.5728,False,Device is trust-compliant.,False,
29,Short Inactivity,phone,Normal,0.0,1.0,0.9429,0.018,0.5728,False,Device is trust-compliant.,False,
30,Short Inactivity,phone,Idle,0.0,1.0,0.9429,0.018,0.5728,False,Device is trust-compliant.,False,
31,Short Inactivity,phone,Normal,0.0,1.0,0.9429,0.018,0.5728,False,Device is trust-compliant.,False,
32,Short Inactivity,phone,Normal,0.0,1.0,0.9603,0.018,0.5685,False,Device is trust-compliant.,False,
33,Short Inactivity,phone,Normal,0.0,1.0,0.973,0.018,0.5654,False,Device is trust-compliant.,False,
34,Short Inactivity,phone,Normal,0.0,1.0,0.9136,0.018,0.5799,False,Device is trust-compliant.,False,
35,Short Inactivity,phone,Normal,0.0,1.0,0.9412,0.018,0.5732,False,Device is trust-compliant.,False,
36,Short Inactivity,phone,Normal,0.0,1.0,0.96,0.018,0.5686,False,Device is trust-compliant.,False,
37,Short Inactivity,phone,Normal,0.0,1.0,0.9728,0.018,0.5654,False,Device is trust-compliant.,False,
38,Short Inactivity,phone,Normal,0.0,1.0,0.9135,0.018,0.5799,False,Device is trust-compliant.,False,
39,Short Inactivity,phone,Normal,0.0,1.0,0.9398,0.018,0.5735,False,Device is trust-compliant.,False,
40,Short Inactivity,phone,Normal,0.0,1.0,0.9581,0.018,0.569,False,Device is trust-compliant.,False,
1,Short Inactivity,phone,Normal,0.0532,0.9468,1.0,0.0759,0.0623,False,trust-compliant,False,
1,Short Inactivity,laptop,Suspicious,0.5391,0.4609,0.92,0.0621,0.3483,False,trust-compliant,False,
2,Short Inactivity,phone,Normal,0.0,1.0,1.0,0.018,0.5587,False,trust-compliant,False,
2,Short Inactivity,laptop,Idle,0.0,1.0,0.9353,0.018,0.5746,False,trust-compliant,False,
3,Short Inactivity,phone,Idle,0.0,1.0,0.9826,0.018,0.563,False,trust-compliant,False,
3,Short Inactivity,laptop,Normal,0.0,1.0,0.9447,0.018,0.5723,False,trust-compliant,False,
4,Short Inactivity,phone,Normal,0.0,1.0,0.9705,0.018,0.566,False,trust-compliant,False,
4,Short Inactivity,laptop,Idle,0.0,1.0,0.9505,0.018,0.5709,False,trust-compliant,False,
5,Short Inactivity,phone,Idle,0.0,1.0,0.9621,0.018,0.5681,False,trust-compliant,False,
5,Short Inactivity,laptop,Normal,0.0,1.0,0.9541,0.018,0.57,False,trust-compliant,False,
6,Short Inactivity,phone,Normal,0.0,1.0,0.904,0.018,0.5822,False,trust-compliant,False,
6,Short Inactivity,laptop,Normal,0.0,1.0,0.9563,0.018,0.5695,False,trust-compliant,False,
7,Short Inactivity,phone,Normal,0.0,1.0,0.9158,0.018,0.5794,False,trust-compliant,False,
7,Short Inactivity,laptop,Normal,0.0,1.0,0.9577,0.018,0.5691,False,trust-compliant,False,
8,Short Inactivity,phone,Normal,0.0,1.0,0.924,0.018,0.5774,False,trust-compliant,False,
8,Short Inactivity,laptop,Normal,0.0,1.0,0.9739,0.018,0.5652,False,trust-compliant,False,
9,Short Inactivity,phone,Normal,0.0,1.0,0.9471,0.018,0.5717,False,trust-compliant,False,
9,Short Inactivity,laptop,Normal,0.0,1.0,0.9843,0.018,0.5626,False,trust-compliant,False,
10,Short Inactivity,phone,Normal,0.0,1.0,0.9632,0.018,0.5678,False,trust-compliant,False,
10,Short Inactivity,laptop,Normal,0.0,1.0,0.9882,0.018,0.5616,False,trust-compliant,False,
11,Short Inactivity,phone,Normal,0.0,1.0,0.975,0.018,0.5649,False,Device is trust-compliant.,False,
11,Short Inactivity,laptop,Normal,0.0,1.0,0.9911,0.018,0.5609,False,Device is trust-compliant.,False,
12,Short Inactivity,phone,Normal,0.0,1.0,0.983,0.018,0.5629,False,Device is trust-compliant.,False,
12,Short Inactivity,laptop,Normal,0.0,1.0,0.9933,0.018,0.5604,False,Device is trust-compliant.,False,
13,Short Inactivity,phone,Normal,0.0,1.0,0.9882,0.018,0.5616,False,Device is trust-compliant.,False,
13,Short Inactivity,laptop,Normal,0.0,1.0,0.995,0.018,0.56,True,Inactivity timer expired (Epoch Gap: 5 >= 5),True,13
14,Short Inactivity,phone,Normal,0.0,1.0,0.9744,0.018,0.565,False,Device is trust-compliant.,False,
15,Short Inactivity,phone,Normal,0.0,1.0,0.9822,0.018,0.5631,False,Device is trust-compliant.,False,
16,Short Inactivity,phone,Normal,0.0,1.0,0.9879,0.018,0.5617,False,Device is trust-compliant.,False,
17,Short Inactivity,phone,Normal,0.0,1.0,0.9748,0.018,0.5649,False,Device is trust-compliant.,False,
18,Short Inactivity,phone,Normal,0.0,1.0,0.9829,0.018,0.5629,False,Device is trust-compliant.,False,
19,Short Inactivity,phone,Normal,0.0,1.0,0.9884,0.018,0.5616,False,Device is trust-compliant.,False,
20,Short Inactivity,phone,Normal,0.0,1.0,0.9751,0.018,0.5649,False,Device is trust-compliant.,False,
21,Short Inactivity,phone,Normal,0.0,1.0,0.9661,0.018,0.5671,False,Device is trust-compliant.,False,
22,Short Inactivity,phone,Normal,0.0,1.0,0.9764,0.018,0.5645,False,Device is trust-compliant.,False,
23,Short Inactivity,phone,Normal,0.0,1.0,0.914,0.018,0.5798,False,Device is trust-compliant.,False,
24,Short Inactivity,phone,Normal,0.0,1.0,0.9227,0.018,0.5777,False,Device is trust-compliant.,False,
25,Short Inactivity,phone,Normal,0.0,1.0,0.9288,0.018,0.5762,False,Device is trust-compliant.,False,
26,Short Inactivity,phone,Idle,0.0,1.0,0.933,0.018,0.5752,False,Device is trust-compliant.,False,
27,Short Inactivity,phone,Normal,0.0,1.0,0.936,0.018,0.5744,False,Device is trust-compliant.,False,
28,Short Inactivity,phone,Normal,0.0,1.0,0.9381,0.018,0.5739,False,Device is trust-compliant.,False,
29,Short Inactivity,phone,Idle,0.0,1.0,0.9395,0.018,0.5736,False,Device is trust-compliant.,False,
30,Short Inactivity,phone,Idle,0.0,1.0,0.9405,0.018,0.5733,False,Device is trust-compliant.,False,
31,Short Inactivity,phone,Normal,0.0,1.0,0.9412,0.018,0.5732,False,Device is trust-compliant.,False,
32,Short Inactivity,phone,Normal,0.0,1.0,0.9417,0.018,0.573,False,Device is trust-compliant.,False,
33,Short Inactivity,phone,Normal,0.0,1.0,0.9594,0.018,0.5687,False,Device is trust-compliant.,False,
34,Short Inactivity,phone,Normal,0.0,1.0,0.9717,0.018,0.5657,False,Device is trust-compliant.,False,
35,Short Inactivity,phone,Normal,0.0,1.0,0.9803,0.018,0.5636,False,Device is trust-compliant.,False,
36,Short Inactivity,phone,Normal,0.0,1.0,0.9866,0.018,0.562,False,Device is trust-compliant.,False,
37,Short Inactivity,phone,Normal,0.0,1.0,0.9907,0.018,0.561,False,Device is trust-compliant.,False,
38,Short Inactivity,phone,Normal,0.0,1.0,0.9935,0.018,0.5603,False,Device is trust-compliant.,False,
39,Short Inactivity,phone,Normal,0.0,1.0,0.9955,0.018,0.5598,False,Device is trust-compliant.,False,
40,Short Inactivity,phone,Normal,0.0,1.0,0.9795,0.018,0.5638,False,Device is trust-compliant.,False,
1,Short Inactivity,phone,Normal,0.0742,0.9258,1.0,0.0482,0.0638,False,trust-compliant,False,
1,Short Inactivity,laptop,Idle,0.0923,0.9077,0.98,0.0459,0.0737,False,trust-compliant,False,
2,Short Inactivity,phone,Idle,0.0,1.0,0.9826,0.018,0.563,False,trust-compliant,False,
2,Short Inactivity,laptop,Normal,0.0,1.0,0.9723,0.018,0.5655,False,trust-compliant,False,
3,Short Inactivity,phone,Idle,0.0,1.0,0.9705,0.018,0.566,False,trust-compliant,False,
3,Short Inactivity,laptop,Idle,0.0,1.0,0.9675,0.018,0.5667,False,trust-compliant,False,
4,Short Inactivity,phone,Idle,0.0,1.0,0.9621,0.018,0.5681,False,trust-compliant,False,
4,Short Inactivity,laptop,Idle,0.0,1.0,0.9646,0.018,0.5674,False,trust-compliant,False,
5,Short Inactivity,phone,Idle,0.0,1.0,0.9562,0.018,0.5695,False,trust-compliant,False,
5,Short Inactivity,laptop,Normal,0.0,1.0,0.9628,0.018,0.5679,False,trust-compliant,False,
6,Short Inactivity,phone,Normal,0.0,1.0,0.9521,0.018,0.5705,False,trust-compliant,False,
6,Short Inactivity,laptop,Idle,0.0,1.0,0.9617,0.018,0.5681,False,trust-compliant,False,
7,Short Inactivity,phone,Normal,0.0,1.0,0.9667,0.018,0.5669,False,trust-compliant,False,
7,Short Inactivity,laptop,Normal,0.0,1.0,0.9764,0.018,0.5645,False,trust-compliant,False,
8,Short Inactivity,phone,Normal,0.0,1.0,0.9594,0.018,0.5687,False,trust-compliant,False,
8,Short Inactivity,laptop,Normal,0.0,1.0,0.9855,0.018,0.5623,False,trust-compliant,False,
9,Short Inactivity,phone,Normal,0.0,1.0,0.9724,0.018,0.5655,False,trust-compliant,False,
9,Short Inactivity,laptop,Normal,0.0,1.0,0.9295,0.018,0.576,False,trust-compliant,False,
10,Short Inactivity,phone,Normal,0.0,1.0,0.9634,0.018,0.5677,False,trust-compliant,False,
10,Short Inactivity,laptop,Normal,0.0,1.0,0.9457,0.018,0.5721,False,trust-compliant,False,
11,Short Inactivity,phone,Normal,0.0,1.0,0.9745,0.018,0.565,False,Device is trust-compliant.,False,
11,Short Inactivity,laptop,Normal,0.0,1.0,0.9582,0.018,0.569,False,Device is trust-compliant.,False,
12,Short Inactivity,phone,Normal,0.0,1.0,0.9827,0.018,0.563,False,Device is trust-compliant.,False,
12,Short Inactivity,laptop,Normal,0.0,1.0,0.9678,0.018,0.5667,False,Device is trust-compliant.,False,
13,Short Inactivity,phone,Normal,0.0,1.0,0.9712,0.018,0.5658,False,Device is trust-compliant.,False,
13,Short Inactivity,laptop,Normal,0.0,1.0,0.9752,0.018,0.5648,True,Inactivity timer expired (Epoch Gap: 5 >= 5),True,13
14,Short Inactivity,phone,Normal,0.0,1.0,0.9124,0.018,0.5802,False,Device is trust-compliant.,False,
15,Short Inactivity,phone,Normal,0.0,1.0,0.9404,0.018,0.5734,False,Device is trust-compliant.,False,
16,Short Inactivity,phone,Normal,0.0,1.0,0.9595,0.018,0.5687,False,Device is trust-compliant.,False,
17,Short Inactivity,phone,Normal,0.0,1.0,0.9725,0.018,0.5655,False,Device is trust-compliant.,False,
18,Short Inactivity,phone,Normal,0.0,1.0,0.9809,0.018,0.5634,False,Device is trust-compliant.,False,
19,Short Inactivity,phone,Normal,0.0,1.0,0.9867,0.018,0.562,False,Device is trust-compliant.,False,
20,Short Inactivity,phone,Normal,0.0,1.0,0.9907,0.018,0.561,False,Device is trust-compliant.,False,
21,Short Inactivity,phone,Normal,0.0,1.0,0.9761,0.018,0.5646,False,Device is trust-compliant.,False,
22,Short Inactivity,phone,Normal,0.0,1.0,0.9834,0.018,0.5628,False,Device is trust-compliant.,False,
23,Short Inactivity,phone,Normal,0.0,1.0,0.9887,0.018,0.5615,False,Device is trust-compliant.,False,
24,Short Inactivity,phone,Idle,0.0,1.0,0.9753,0.018,0.5648,False,Device is trust-compliant.,False,
25,Short Inactivity,phone,Normal,0.0,1.0,0.9662,0.018,0.567,False,Device is trust-compliant.,False,
26,Short Inactivity,phone,Idle,0.0,1.0,0.96,0.018,0.5686,False,Device is trust-compliant.,False,
27,Short Inactivity,phone,Idle,0.0,1.0,0.9558,0.018,0.5696,False,Device is trust-compliant.,False,
28,Short Inactivity,phone,Normal,0.0,1.0,0.9699,0.018,0.5661,False,Device is trust-compliant.,False,
29,Short Inactivity,phone,Normal,0.0,1.0,0.9625,0.018,0.568,False,Device is trust-compliant.,False,
30,Short Inactivity,phone,Idle,0.0,1.0,0.9575,0.018,0.5692,False,Device is trust-compliant.,False,
31,Short Inactivity,phone,Normal,0.0,1.0,0.9541,0.018,0.57,False,Device is trust-compliant.,False,
32,Short Inactivity,phone,Normal,0.0,1.0,0.9518,0.018,0.5706,False,Device is trust-compliant.,False,
33,Short Inactivity,phone,Normal,0.0,1.0,0.9502,0.018,0.571,False,Device is trust-compliant.,False,
34,Short Inactivity,phone,Normal,0.0,1.0,0.9653,0.018,0.5673,False,Device is trust-compliant.,False,
35,Short Inactivity,phone,Normal,0.0,1.0,0.9584,0.018,0.569,False,Device is trust-compliant.,False,
36,Short Inactivity,phone,Normal,0.0,1.0,0.9717,0.018,0.5657,False,Device is trust-compliant.,False,
37,Short Inactivity,phone,Normal,0.0,1.0,0.9638,0.018,0.5676,False,Device is trust-compliant.,False,
38,Short Inactivity,phone,Normal,0.0,1.0,0.9748,0.018,0.5649,False,Device is trust-compliant.,False,
39,Short Inactivity,phone,Normal,0.0,1.0,0.9829,0.018,0.5629,False,Device is trust-compliant.,False,
40,Short Inactivity,phone,Normal,0.0,1.0,0.9204,0.018,0.5783,False,Device is trust-compliant.,False,
1,Short Inactivity,phone,Idle,0.1391,0.8609,0.98,0.0547,0.1054,False,trust-compliant,False,
1,Short Inactivity,laptop,Idle,0.1005,0.8995,0.98,0.0536,0.0818,False,trust-compliant,False,
2,Short Inactivity,phone,Normal,0.0,1.0,0.9165,0.018,0.5792,False,trust-compliant,False,
2,Short Inactivity,laptop,Idle,0.0,1.0,0.9723,0.018,0.5655,False,trust-compliant,False,
3,Short Inactivity,phone,Normal,0.0,1.0,0.9245,0.018,0.5773,False,trust-compliant,False,
3,Short Inactivity,laptop,Idle,0.0,1.0,0.9213,0.018,0.578,False,trust-compliant,False,
4,Short Inactivity,phone,Idle,0.0,1.0,0.9301,0.018,0.5759,False,trust-compliant,False,
4,Short Inactivity,laptop,Normal,0.0,1.0,0.9361,0.018,0.5744,False,trust-compliant,False,
5,Short Inactivity,phone,Idle,0.0,1.0,0.9339,0.018,0.575,False,trust-compliant,False,
5,Short Inactivity,laptop,Normal,0.0,1.0,0.9452,0.018,0.5722,False,trust-compliant,False,
6,Short Inactivity,phone,Idle,0.0,1.0,0.9366,0.018,0.5743,False,trust-compliant,False,
6,Short Inactivity,laptop,Idle,0.0,1.0,0.9508,0.018,0.5708,False,trust-compliant,False,
7,Short Inactivity,phone,Normal,0.0,1.0,0.9385,0.018,0.5738,False,trust-compliant,False,
7,Short Inactivity,laptop,Normal,0.0,1.0,0.9697,0.018,0.5662,False,trust-compliant,False,
8,Short Inactivity,phone,Normal,0.0,1.0,0.9572,0.018,0.5693,False,trust-compliant,False,
8,Short Inactivity,laptop,Normal,0.0,1.0,0.9659,0.018,0.5671,False,trust-compliant,False,
9,Short Inactivity,phone,Normal,0.0,1.0,0.9702,0.018,0.5661,False,trust-compliant,False,
9,Short Inactivity,laptop,Normal,0.0,1.0,0.9795,0.018,0.5638,False,trust-compliant,False,
10,Short Inactivity,phone,Normal,0.0,1.0,0.9793,0.018,0.5638,False,trust-compliant,False,
10,Short Inactivity,laptop,Normal,0.0,1.0,0.9846,0.018,0.5625,False,trust-compliant,False,
11,Short Inactivity,phone,Normal,0.0077,0.9923,0.9848,0.018,0.5653,False,Device is trust-compliant.,False,
11,Short Inactivity,laptop,Normal,0.0,1.0,0.9885,0.018,0.5616,False,Device is trust-compliant.,False,
12,Short Inactivity,phone,Normal,0.0,1.0,0.9217,0.018,0.5779,False,Device is trust-compliant.,False,
12,Short Inactivity,laptop,Normal,0.0,1.0,0.9914,0.018,0.5608,True,Inactivity timer expired (Epoch Gap: 5 >= 5),True,12
13,Short Inactivity,phone,Normal,0.0,1.0,0.9468,0.018,0.5718,False,Device is trust-compliant.,False,
14,Short Inactivity,phone,Normal,0.0,1.0,0.8958,0.018,0.5842,False,Device is trust-compliant.,False,
15,Short Inactivity,phone,Normal,0.0,1.0,0.8611,0.018,0.5926,False,Device is trust-compliant.,False,
16,Short Inactivity,phone,Normal,0.0,1.0,0.8375,0.018,0.5983,False,Device is trust-compliant.,False,
17,Short Inactivity,phone,Normal,0.0,1.0,0.8895,0.018,0.5858,False,Device is trust-compliant.,False,
18,Short Inactivity,phone,Normal,0.0,1.0,0.8569,0.018,0.5937,False,Device is trust-compliant.,False,
19,Short Inactivity,phone,Normal,0.0,1.0,0.8347,0.018,0.599,False,Device is trust-compliant.,False,
20,Short Inactivity,phone,Normal,0.0,1.0,0.8196,0.018,0.6026,False,Device is trust-compliant.,False,
21,Short Inactivity,phone,Normal,0.0,1.0,0.8603,0.018,0.5928,False,Device is trust-compliant.,False,
22,Short Inactivity,phone,Normal,0.0,1.0,0.888,0.018,0.5861,False,Device is trust-compliant.,False,
23,Short Inactivity,phone,Normal,0.0,1.0,0.9238,0.018,0.5774,False,Device is trust-compliant.,False,
24,Short Inactivity,phone,Normal,0.0,1.0,0.9482,0.018,0.5715,False,Device is trust-compliant.,False,
25,Short Inactivity,phone,Normal,0.0,1.0,0.9648,0.018,0.5674,False,Device is trust-compliant.,False,
26,Short Inactivity,phone,Normal,0.0,1.0,0.9591,0.018,0.5688,False,Device is trust-compliant.,False,
27,Short Inactivity,phone,Normal,0.0,1.0,0.9552,0.018,0.5697,False,Device is trust-compliant.,False,
28,Short Inactivity,phone,Normal,0.0,1.0,0.9525,0.018,0.5704,False,Device is trust-compliant.,False,
29,Short Inactivity,phone,Normal,0.0,1.0,0.9507,0.018,0.5708,False,Device is trust-compliant.,False,
30,Short Inactivity,phone,Normal,0.0,1.0,0.9495,0.018,0.5711,False,Device is trust-compliant.,False,
31,Short Inactivity,phone,Normal,0.0,1.0,0.8977,0.018,0.5838,False,Device is trust-compliant.,False,
32,Short Inactivity,phone,Normal,0.0,1.0,0.9304,0.018,0.5758,False,Device is trust-compliant.,False,
33,Short Inactivity,phone,Normal,0.0,1.0,0.9527,0.018,0.5704,False,Device is trust-compliant.,False,
34,Short Inactivity,phone,Normal,0.0,1.0,0.9678,0.018,0.5667,False,Device is trust-compliant.,False,
35,Short Inactivity,phone,Normal,0.0,1.0,0.9611,0.018,0.5683,False,Device is trust-compliant.,False,
36,Short Inactivity,phone,Normal,0.0,1.0,0.9735,0.018,0.5653,False,Device is trust-compliant.,False,
37,Short Inactivity,phone,Normal,0.0,1.0,0.982,0.018,0.5632,False,Device is trust-compliant.,False,
38,Short Inactivity,phone,Normal,0.0,1.0,0.9878,0.018,0.5617,False,Device is trust-compliant.,False,
39,Short Inactivity,phone,Normal,0.0,1.0,0.9917,0.018,0.5608,False,Device is trust-compliant.,False,
40,Short Inactivity,phone,Normal,0.0,1.0,0.9944,0.018,0.5601,False,Device is trust-compliant.,False,
1,Short Inactivity,phone,Idle,0.1273,0.8727,0.98,0.0395,0.0922,False,trust-compliant,False,
1,Short Inactivity,laptop,Idle,0.1092,0.8908,0.98,0.073,0.0947,False,trust-compliant,False,
2,Short Inactivity,phone,Normal,0.0,1.0,0.9687,0.018,0.5664,False,trust-compliant,False,
2,Short Inactivity,laptop,Idle,0.0,1.0,0.9723,0.018,0.5655,False,trust-compliant,False,
3,Short Inactivity,phone,Idle,0.0,1.0,0.9608,0.018,0.5684,False,trust-compliant,False,
3,Short Inactivity,laptop,Normal,0.0,1.0,0.9675,0.018,0.5667,False,trust-compliant,False,
4,Short Inactivity,phone,Normal,0.0,1.0,0.9553,0.018,0.5697,False,trust-compliant,False,
4,Short Inactivity,laptop,Normal,0.0,1.0,0.9646,0.018,0.5674,False,trust-compliant,False,
5,Short Inactivity,phone,Normal,0.0,1.0,0.9515,0.018,0.5706,False,trust-compliant,False,
5,Short Inactivity,laptop,Normal,0.0,1.0,0.9628,0.018,0.5679,False,trust-compliant,False,
6,Short Inactivity,phone,Normal,0.0,1.0,0.9488,0.018,0.5713,False,trust-compliant,False,
6,Short Inactivity,laptop,Normal,0.0,1.0,0.9617,0.018,0.5681,False,trust-compliant,False,
7,Short Inactivity,phone,Normal,0.0,1.0,0.9644,0.018,0.5675,False,trust-compliant,False,
7,Short Inactivity,laptop,Normal,0.0,1.0,0.9764,0.018,0.5645,False,trust-compliant,False,
8,Short Inactivity,phone,Normal,0.0,1.0,0.9752,0.018,0.5648,False,trust-compliant,False,
8,Short Inactivity,laptop,Normal,0.0,1.0,0.9855,0.018,0.5623,False,trust-compliant,False,
9,Short Inactivity,phone,Normal,0.0,1.0,0.9827,0.018,0.563,False,trust-compliant,False,
9,Short Inactivity,laptop,Normal,0.0,1.0,0.9911,0.018,0.5609,False,trust-compliant,False,
10,Short Inactivity,phone,Normal,0.0,1.0,0.988,0.018,0.5617,False,trust-compliant,False,
10,Short Inactivity,laptop,Normal,0.0,1.0,0.9931,0.018,0.5604,False,trust-compliant,False,
11,Short Inactivity,phone,Normal,0.0,1.0,0.9918,0.018,0.5607,False,Device is trust-compliant.,False,
11,Short Inactivity,laptop,Normal,0.0,1.0,0.9947,0.018,0.56,False,Device is trust-compliant.,False,
12,Short Inactivity,phone,Normal,0.0,1.0,0.9943,0.018,0.5601,False,Device is trust-compliant.,False,
12,Short Inactivity,laptop,Normal,0.0,1.0,0.9959,0.018,0.5597,True,Inactivity timer expired (Epoch Gap: 5 >= 5),True,12
13,Short Inactivity,phone,Normal,0.0,1.0,0.9961,0.018,0.5597,False,Device is trust-compliant.,False,
14,Short Inactivity,phone,Normal,0.0,1.0,0.9973,0.018,0.5594,False,Device is trust-compliant.,False,
15,Short Inactivity,phone,Normal,0.0,1.0,0.9807,0.018,0.5635,False,Device is trust-compliant.,False,
16,Short Inactivity,phone,Normal,0.0,1.0,0.9869,0.018,0.562,False,Device is trust-compliant.,False,
17,Short Inactivity,phone,Normal,0.0,1.0,0.9911,0.018,0.5609,False,Device is trust-compliant.,False,
18,Short Inactivity,phone,Normal,0.0,1.0,0.9938,0.018,0.5603,False,Device is trust-compliant.,False,
19,Short Inactivity,phone,Normal,0.0,1.0,0.9958,0.018,0.5598,False,Device is trust-compliant.,False,
20,Short Inactivity,phone,Normal,0.0,1.0,0.9971,0.018,0.5594,False,Device is trust-compliant.,False,
21,Short Inactivity,phone,Normal,0.0,1.0,0.9806,0.018,0.5635,False,Device is trust-compliant.,False,
22,Short Inactivity,phone,Normal,0.0,1.0,0.9865,0.018,0.5621,False,Device is trust-compliant.,False,
23,Short Inactivity,phone,Normal,0.0,1.0,0.9732,0.018,0.5653,False,Device is trust-compliant.,False,
24,Short Inactivity,phone,Normal,0.0,1.0,0.9639,0.018,0.5676,False,Device is trust-compliant.,False,
25,Short Inactivity,phone,Normal,0.0,1.0,0.9575,0.018,0.5692,False,Device is trust-compliant.,False,
26,Short Inactivity,phone,Normal,0.0,1.0,0.953,0.018,0.5703,False,Device is trust-compliant.,False,
27,Short Inactivity,phone,Normal,0.0,1.0,0.9499,0.018,0.571,False,Device is trust-compliant.,False,
28,Short Inactivity,phone,Normal,0.0,1.0,0.9477,0.018,0.5716,False,Device is trust-compliant.,False,
29,Short Inactivity,phone,Idle,0.0,1.0,0.9462,0.018,0.5719,False,Device is trust-compliant.,False,
30,Short Inactivity,phone,Idle,0.0,1.0,0.9452,0.018,0.5722,False,Device is trust-compliant.,False,
31,Short Inactivity,phone,Normal,0.0,1.0,0.9445,0.018,0.5724,False,Device is trust-compliant.,False,
32,Short Inactivity,phone,Normal,0.0,1.0,0.944,0.018,0.5725,False,Device is trust-compliant.,False,
33,Short Inactivity,phone,Normal,0.0,1.0,0.961,0.018,0.5683,False,Device is trust-compliant.,False,
34,Short Inactivity,phone,Normal,0.0,1.0,0.9729,0.018,0.5654,False,Device is trust-compliant.,False,
35,Short Inactivity,phone,Normal,0.0,1.0,0.9811,0.018,0.5634,False,Device is trust-compliant.,False,
36,Short Inactivity,phone,Normal,0.0,1.0,0.9868,0.018,0.562,False,Device is trust-compliant.,False,
37,Short Inactivity,phone,Normal,0.0,1.0,0.9908,0.018,0.561,False,Device is trust-compliant.,False,
38,Short Inactivity,phone,Normal,0.0,1.0,0.9937,0.018,0.5603,False,Device is trust-compliant.,False,
39,Short Inactivity,phone,Normal,0.0,1.0,0.9956,0.018,0.5598,False,Device is trust-compliant.,False,
40,Short Inactivity,phone,Normal,0.0,1.0,0.9969,0.018,0.5595,False,Device is trust-compliant.,False,
1,Short Inactivity,phone,Idle,0.1477,0.8523,0.98,0.0264,0.0992,False,trust-compliant,False,
1,Short Inactivity,laptop,Idle,0.1254,0.8746,0.98,0.0378,0.0904,False,trust-compliant,False,
2,Short Inactivity,phone,Idle,0.0,1.0,0.9861,0.018,0.5622,False,trust-compliant,False,
2,Short Inactivity,laptop,Idle,0.0,1.0,0.9877,0.018,0.5618,False,trust-compliant,False,
3,Short Inactivity,phone,Idle,0.0,1.0,0.9729,0.018,0.5654,False,trust-compliant,False,
3,Short Inactivity,laptop,Idle,0.0,1.0,0.977,0.018,0.5644,False,trust-compliant,False,
4,Short Inactivity,phone,Normal,0.0,1.0,0.9811,0.018,0.5634,False,trust-compliant,False,
4,Short Inactivity,laptop,Idle,0.0,1.0,0.9858,0.018,0.5622,False,trust-compliant,False,
5,Short Inactivity,phone,Idle,0.0,1.0,0.9694,0.018,0.5663,False,trust-compliant,False,
5,Short Inactivity,laptop,Normal,0.0,1.0,0.9759,0.018,0.5647,False,trust-compliant,False,
6,Short Inactivity,phone,Normal,0.0,1.0,0.9613,0.018,0.5682,False,trust-compliant,False,
6,Short Inactivity,laptop,Normal,0.0,1.0,0.9698,0.018,0.5662,False,trust-compliant,False,
7,Short Inactivity,phone,Normal,0.0,1.0,0.9557,0.018,0.5696,False,trust-compliant,False,
7,Short Inactivity,laptop,Normal,0.0,1.0,0.966,0.018,0.5671,False,trust-compliant,False,
8,Short Inactivity,phone,Normal,0.0,1.0,0.9518,0.018,0.5706,False,trust-compliant,False,
8,Short Inactivity,laptop,Normal,0.0,1.0,0.9175,0.018,0.579,False,trust-compliant,False,
9,Short Inactivity,phone,Normal,0.0,1.0,0.9491,0.018,0.5712,False,trust-compliant,False,
9,Short Inactivity,laptop,Normal,0.0,1.0,0.9492,0.018,0.5712,False,trust-compliant,False,
10,Short Inactivity,phone,Normal,0.0,1.0,0.9472,0.018,0.5717,False,trust-compliant,False,
10,Short Inactivity,laptop,Normal,0.0,1.0,0.9609,0.018,0.5683,False,trust-compliant,False,
11,Short Inactivity,phone,Normal,0.0,1.0,0.9459,0.018,0.572,False,Device is trust-compliant.,False,
11,Short Inactivity,laptop,Normal,0.0,1.0,0.9699,0.018,0.5661,False,Device is trust-compliant.,False,
12,Short Inactivity,phone,Normal,0.0,1.0,0.9623,0.018,0.568,False,Device is trust-compliant.,False,
12,Short Inactivity,laptop,Normal,0.0,1.0,0.9768,0.018,0.5644,False,Device is trust-compliant.,False,
13,Short Inactivity,phone,Normal,0.0,1.0,0.9564,0.018,0.5694,False,Device is trust-compliant.,False,
13,Short Inactivity,laptop,Normal,0.0,1.0,0.9821,0.018,0.5631,True,Inactivity timer expired (Epoch Gap: 5 >= 5),True,13
14,Short Inactivity,phone,Normal,0.0,1.0,0.9523,0.018,0.5705,False,Device is trust-compliant.,False,
15,Short Inactivity,phone,Normal,0.0,1.0,0.9494,0.018,0.5712,False,Device is trust-compliant.,False,
16,Short Inactivity,phone,Normal,0.0,1.0,0.9656,0.018,0.5672,False,Device is trust-compliant.,False,
17,Short Inactivity,phone,Normal,0.0,1.0,0.9766,0.018,0.5645,False,Device is trust-compliant.,False,
18,Short Inactivity,phone,Normal,0.0,1.0,0.9841,0.018,0.5626,False,Device is trust-compliant.,False,
19,Short Inactivity,phone,Normal,0.0,1.0,0.9892,0.018,0.5614,False,Device is trust-compliant.,False,
20,Short Inactivity,phone,Normal,0.0,1.0,0.9927,0.018,0.5605,False,Device is trust-compliant.,False,
21,Short Inactivity,phone,Normal,0.0,1.0,0.995,0.018,0.56,False,Device is trust-compliant.,False,
22,Short Inactivity,phone,Normal,0.0,1.0,0.9965,0.018,0.5596,False,Device is trust-compliant.,False,
23,Short Inactivity,phone,Normal,0.0,1.0,0.9976,0.018,0.5593,False,Device is trust-compliant.,False,
24,Short Inactivity,phone,Idle,0.0,1.0,0.9809,0.018,0.5634,False,Device is trust-compliant.,False,
25,Short Inactivity,phone,Idle,0.0,1.0,0.9693,0.018,0.5663,False,Device is trust-compliant.,False,
26,Short Inactivity,phone,Idle,0.0,1.0,0.9612,0.018,0.5683,False,Device is trust-compliant.,False,
27,Short Inactivity,phone,Idle,0.0,1.0,0.9556,0.018,0.5696,False,Device is trust-compliant.,False,
28,Short Inactivity,phone,Normal,0.0,1.0,0.9691,0.018,0.5663,False,Device is trust-compliant.,False,
29,Short Inactivity,phone,Normal,0.0,1.0,0.9785,0.018,0.564,False,Device is trust-compliant.,False,
30,Short Inactivity,phone,Idle,0.0,1.0,0.9676,0.018,0.5667,False,Device is trust-compliant.,False,
31,Short Inactivity,phone,Normal,0.0,1.0,0.96,0.018,0.5686,False,Device is trust-compliant.,False,
32,Short Inactivity,phone,Normal,0.0,1.0,0.9548,0.018,0.5698,False,Device is trust-compliant.,False,
33,Short Inactivity,phone,Normal,0.0,1.0,0.9693,0.018,0.5663,False,Device is trust-compliant.,False,
34,Short Inactivity,phone,Normal,0.0,1.0,0.9791,0.018,0.5639,False,Device is trust-compliant.,False,
35,Short Inactivity,phone,Normal,0.0,1.0,0.9858,0.018,0.5622,False,Device is trust-compliant.,False,
36,Short Inactivity,phone,Normal,0.0,1.0,0.9733,0.018,0.5653,False,Device is trust-compliant.,False,
37,Short Inactivity,phone,Normal,0.0,1.0,0.9818,0.018,0.5632,False,Device is trust-compliant.,False,
38,Short Inactivity,phone,Normal,0.0,1.0,0.9876,0.018,0.5618,False,Device is trust-compliant.,False,
39,Short Inactivity,phone,Normal,0.0,1.0,0.974,0.018,0.5651,False,Device is trust-compliant.,False,
40,Short Inactivity,phone,Normal,0.0,1.0,0.9823,0.018,0.5631,False,Device is trust-compliant.,False,
1,Short Inactivity,phone,Idle,0.0757,0.9243,0.98,0.0279,0.0566,False,trust-compliant,False,
1,Short Inactivity,laptop,Idle,0.1208,0.8792,0.98,0.0367,0.0872,False,trust-compliant,False,
2,Short Inactivity,phone,Normal,0.0,1.0,0.9687,0.018,0.5664,False,trust-compliant,False,
2,Short Inactivity,laptop,Idle,0.0,1.0,0.9877,0.018,0.5618,False,trust-compliant,False,
3,Short Inactivity,phone,Normal,0.0,1.0,0.9608,0.018,0.5684,False,trust-compliant,False,
3,Short Inactivity,laptop,Normal,0.0,1.0,0.977,0.018,0.5644,False,trust-compliant,False,
4,Short Inactivity,phone,Normal,0.0,1.0,0.9553,0.018,0.5697,False,trust-compliant,False,
4,Short Inactivity,laptop,Idle,0.0,1.0,0.9704,0.018,0.566,False,trust-compliant,False,
5,Short Inactivity,phone,Normal,0.0,1.0,0.9515,0.018,0.5706,False,trust-compliant,False,
5,Short Inactivity,laptop,Normal,0.0,1.0,0.9664,0.018,0.567,False,trust-compliant,False,
6,Short Inactivity,phone,Normal,0.0,1.0,0.9662,0.018,0.567,False,trust-compliant,False,
6,Short Inactivity,laptop,Idle,0.0,1.0,0.9639,0.018,0.5676,False,trust-compliant,False,
7,Short Inactivity,phone,Normal,0.0,1.0,0.9591,0.018,0.5688,False,trust-compliant,False,
7,Short Inactivity,laptop,Normal,0.0,1.0,0.9778,0.018,0.5642,False,trust-compliant,False,
8,Short Inactivity,phone,Normal,0.0,1.0,0.9541,0.018,0.57,False,trust-compliant,False,
8,Short Inactivity,laptop,Normal,0.0,1.0,0.9709,0.018,0.5659,False,trust-compliant,False,
9,Short Inactivity,phone,Normal,0.0,1.0,0.9008,0.018,0.583,False,trust-compliant,False,
9,Short Inactivity,laptop,Normal,0.0,1.0,0.9821,0.018,0.5631,False,trust-compliant,False,
10,Short Inactivity,phone,Normal,0.0,1.0,0.9325,0.018,0.5753,False,trust-compliant,False,
10,Short Inactivity,laptop,Normal,0.0,1.0,0.9862,0.018,0.5621,False,trust-compliant,False,
11,Short Inactivity,phone,Normal,0.0,1.0,0.9371,0.018,0.5742,False,Device is trust-compliant.,False,
11,Short Inactivity,laptop,Normal,0.0,1.0,0.9894,0.018,0.5613,False,Device is trust-compliant.,False,
12,Short Inactivity,phone,Normal,0.0,1.0,0.9572,0.018,0.5693,False,Device is trust-compliant.,False,
12,Short Inactivity,laptop,Normal,0.0,1.0,0.9918,0.018,0.5607,True,Inactivity timer expired (Epoch Gap: 5 >= 5),True,12
13,Short Inactivity,phone,Normal,0.0,1.0,0.9709,0.018,0.5659,False,Device is trust-compliant.,False,
14,Short Inactivity,phone,Normal,0.0,1.0,0.9797,0.018,0.5637,False,Device is trust-compliant.,False,
15,Short Inactivity,phone,Normal,0.0,1.0,0.9685,0.018,0.5665,False,Device is trust-compliant.,False,
16,Short Inactivity,phone,Normal,0.0,1.0,0.9781,0.018,0.5641,False,Device is trust-compliant.,False,
17,Short Inactivity,phone,Normal,0.0,1.0,0.9851,0.018,0.5624,False,Device is trust-compliant.,False,
18,Short Inactivity,phone,Normal,0.0,1.0,0.9896,0.018,0.5613,False,Device is trust-compliant.,False,
19,Short Inactivity,phone,Normal,0.0028,0.9972,0.9925,0.018,0.5616,False,Device is trust-compliant.,False,
20,Short Inactivity,phone,Normal,0.0,1.0,0.9949,0.018,0.56,False,Device is trust-compliant.,False,
21,Short Inactivity,phone,Normal,0.0,1.0,0.9965,0.018,0.5596,False,Device is trust-compliant.,False,
22,Short Inactivity,phone,Normal,0.0,1.0,0.9976,0.018,0.5593,False,Device is trust-compliant.,False,
23,Short Inactivity,phone,Normal,0.0,1.0,0.9984,0.018,0.5591,False,Device is trust-compliant.,False,
24,Short Inactivity,phone,Normal,0.0,1.0,0.9989,0.018,0.559,False,Device is trust-compliant.,False,
25,Short Inactivity,phone,Normal,0.0,1.0,0.9993,0.018,0.5589,False,Device is trust-compliant.,False,
26,Short Inactivity,phone,Normal,0.0,1.0,0.9995,0.018,0.5589,False,Device is trust-compliant.,False,
27,Short Inactivity,phone,Normal,0.0,1.0,0.9317,0.018,0.5755,False,Device is trust-compliant.,False,
28,Short Inactivity,phone,Normal,0.0,1.0,0.9536,0.018,0.5701,False,Device is trust-compliant.,False,
29,Short Inactivity,phone,Normal,0.0,1.0,0.9004,0.018,0.5831,False,Device is trust-compliant.,False,
30,Short Inactivity,phone,Normal,0.0,1.0,0.8643,0.018,0.5919,False,Device is trust-compliant.,False,
31,Short Inactivity,phone,Normal,0.0,1.0,0.9077,0.018,0.5813,False,Device is trust-compliant.,False,
32,Short Inactivity,phone,Normal,0.0,1.0,0.9372,0.018,0.5741,False,Device is trust-compliant.,False,
33,Short Inactivity,phone,Normal,0.0,1.0,0.9573,0.018,0.5692,False,Device is trust-compliant.,False,
34,Short Inactivity,phone,Normal,0.0,1.0,0.971,0.018,0.5659,False,Device is trust-compliant.,False,
35,Short Inactivity,phone,Normal,0.0,1.0,0.9803,0.018,0.5636,False,Device is trust-compliant.,False,
36,Short Inactivity,phone,Normal,0.0,1.0,0.9866,0.018,0.562,False,Device is trust-compliant.,False,
37,Short Inactivity,phone,Normal,0.0,1.0,0.9229,0.018,0.5776,False,Device is trust-compliant.,False,
38,Short Inactivity,phone,Normal,0.0,1.0,0.9476,0.018,0.5716,False,Device is trust-compliant.,False,
39,Short Inactivity,phone,Normal,0.0,1.0,0.9474,0.018,0.5717,False,Device is trust-compliant.,False,
40,Short Inactivity,phone,Normal,0.0,1.0,0.9642,0.018,0.5675,False,Device is trust-compliant.,False,
1,Long Inactivity,phone,Suspicious,0.4987,0.5013,0.92,0.0725,0.3282,False,trust-compliant,False,
1,Long Inactivity,laptop,Normal,0.042,0.958,1.0,0.0401,0.0412,False,trust-compliant,False,
2,Long Inactivity,phone,Normal,0.0,1.0,0.9269,0.018,0.5767,False,trust-compliant,False,
2,Long Inactivity,laptop,Idle,0.0,1.0,0.9846,0.018,0.5625,False,trust-compliant,False,
3,Long Inactivity,phone,Normal,0.0,1.0,0.9317,0.018,0.5755,False,trust-compliant,False,
3,Long Inactivity,laptop,Normal,0.0,1.0,0.9905,0.018,0.5611,False,trust-compliant,False,
4,Long Inactivity,phone,Normal,0.0,1.0,0.9351,0.018,0.5747,False,trust-compliant,False,
4,Long Inactivity,laptop,Idle,0.0,1.0,0.9787,0.018,0.564,False,trust-compliant,False,
5,Long Inactivity,phone,Idle,0.0,1.0,0.9374,0.018,0.5741,False,trust-compliant,False,
5,Long Inactivity,laptop,Idle,0.0,1.0,0.9715,0.018,0.5657,False,trust-compliant,False,
6,Long Inactivity,phone,Idle,0.0,1.0,0.939,0.018,0.5737,False,trust-compliant,False,
6,Long Inactivity,laptop,Normal,0.0,1.0,0.9824,0.018,0.5631,False,trust-compliant,False,
7,Long Inactivity,phone,Normal,0.0,1.0,0.8879,0.018,0.5862,False,trust-compliant,False,
7,Long Inactivity,laptop,Normal,0.0,1.0,0.9892,0.018,0.5614,False,trust-compliant,False,
8,Long Inactivity,phone,Normal,0.0,1.0,0.9046,0.018,0.5821,False,trust-compliant,False,
8,Long Inactivity,laptop,Normal,0.0,1.0,0.9779,0.018,0.5642,False,trust-compliant,False,
9,Long Inactivity,phone,Normal,0.0,1.0,0.9336,0.018,0.575,False,trust-compliant,False,
9,Long Inactivity,laptop,Normal,0.0,1.0,0.971,0.018,0.5659,False,trust-compliant,False,
10,Long Inactivity,phone,Normal,0.0,1.0,0.9538,0.018,0.5701,False,trust-compliant,False,
10,Long Inactivity,laptop,Normal,0.0,1.0,0.9777,0.018,0.5642,False,trust-compliant,False,
11,Long Inactivity,phone,Normal,0.0,1.0,0.9504,0.018,0.5709,False,Device is trust-compliant.,False,
11,Long Inactivity,laptop,Normal,0.0,1.0,0.9828,0.018,0.563,False,Device is trust-compliant.,False,
12,Long Inactivity,phone,Normal,0.0,1.0,0.9655,0.018,0.5672,False,Device is trust-compliant.,False,
12,Long Inactivity,laptop,Normal,0.0,1.0,0.9868,0.018,0.562,False,Device is trust-compliant.,False,
13,Long Inactivity,phone,Normal,0.0,1.0,0.976,0.018,0.5646,False,Device is trust-compliant.,False,
13,Long Inactivity,laptop,Normal,0.0,1.0,0.9898,0.018,0.5612,True,Inactivity timer expired (Epoch Gap: 5 >= 5),True,13
14,Long Inactivity,phone,Normal,0.0,1.0,0.9833,0.018,0.5628,False,Device is trust-compliant.,False,
15,Long Inactivity,phone,Normal,0.0,1.0,0.971,0.018,0.5659,False,Device is trust-compliant.,False,
16,Long Inactivity,phone,Normal,0.0,1.0,0.9798,0.018,0.5637,False,Device is trust-compliant.,False,
17,Long Inactivity,phone,Normal,0.0,1.0,0.9685,0.018,0.5665,False,Device is trust-compliant.,False,
18,Long Inactivity,phone,Normal,0.0,1.0,0.9607,0.018,0.5684,False,Device is trust-compliant.,False,
19,Long Inactivity,phone,Normal,0.0,1.0,0.9552,0.018,0.5697,False,Device is trust-compliant.,False,
20,Long Inactivity,phone,Normal,0.0,1.0,0.9688,0.018,0.5664,False,Device is trust-compliant.,False,
21,Long Inactivity,phone,Normal,0.0,1.0,0.9783,0.018,0.5641,False,Device is trust-compliant.,False,
22,Long Inactivity,phone,Normal,0.0,1.0,0.9852,0.018,0.5624,False,Device is trust-compliant.,False,
23,Long Inactivity,phone,Normal,0.0,1.0,0.9729,0.018,0.5654,False,Device is trust-compliant.,False,
24,Long Inactivity,phone,Normal,0.0,1.0,0.9646,0.018,0.5674,False,Device is trust-compliant.,False,
25,Long Inactivity,phone,Normal,0.0,1.0,0.9589,0.018,0.5688,False,Device is trust-compliant.,False,
26,Long Inactivity,phone,Normal,0.0,1.0,0.9551,0.018,0.5698,False,Device is trust-compliant.,False,
27,Long Inactivity,phone,Normal,0.0,1.0,0.9525,0.018,0.5704,False,Device is trust-compliant.,False,
28,Long Inactivity,phone,Idle,0.0,1.0,0.9507,0.018,0.5708,False,Device is trust-compliant.,False,
29,Long Inactivity,phone,Idle,0.0,1.0,0.9665,0.018,0.567,False,Device is trust-compliant.,False,
30,Long Inactivity,phone,Normal,0.0,1.0,0.9602,0.018,0.5685,False,Device is trust-compliant.,False,
31,Long Inactivity,phone,Normal,0.0,1.0,0.9729,0.018,0.5654,False,Device is trust-compliant.,False,
32,Long Inactivity,phone,Normal,0.0,1.0,0.9816,0.018,0.5633,False,Device is trust-compliant.,False,
33,Long Inactivity,phone,Normal,0.0,1.0,0.9875,0.018,0.5618,False,Device is trust-compliant.,False,
34,Long Inactivity,phone,Normal,0.0,1.0,0.9745,0.018,0.565,False,Device is trust-compliant.,False,
35,Long Inactivity,phone,Normal,0.0,1.0,0.9827,0.018,0.563,False,Device is trust-compliant.,False,
36,Long Inactivity,phone,Normal,0.0,1.0,0.988,0.018,0.5617,False,Device is trust-compliant.,False,
37,Long Inactivity,phone,Normal,0.0,1.0,0.9916,0.018,0.5608,False,Device is trust-compliant.,False,
38,Long Inactivity,phone,Normal,0.0,1.0,0.9942,0.018,0.5602,False,Device is trust-compliant.,False,
39,Long Inactivity,phone,Normal,0.0,1.0,0.996,0.018,0.5597,False,Device is trust-compliant.,False,
40,Long Inactivity,phone,Normal,0.0,1.0,0.9972,0.018,0.5594,False,Device is trust-compliant.,False,
1,Long Inactivity,phone,Idle,0.0936,0.9064,0.98,0.069,0.0838,False,trust-compliant,False,
1,Long Inactivity,laptop,Idle,0.079,0.921,0.98,0.0235,0.0568,False,trust-compliant,False,
2,Long Inactivity,phone,Normal,0.0,1.0,0.9165,0.018,0.5792,False,trust-compliant,False,
2,Long Inactivity,laptop,Idle,0.0,1.0,0.9723,0.018,0.5655,False,trust-compliant,False,
3,Long Inactivity,phone,Idle,0.0,1.0,0.9245,0.018,0.5773,False,trust-compliant,False,
3,Long Inactivity,laptop,Normal,0.0,1.0,0.9675,0.018,0.5667,False,trust-compliant,False,
4,Long Inactivity,phone,Idle,0.0,1.0,0.9301,0.018,0.5759,False,trust-compliant,False,
4,Long Inactivity,laptop,Normal,0.0,1.0,0.9646,0.018,0.5674,False,trust-compliant,False,
5,Long Inactivity,phone,Normal,0.0,1.0,0.9339,0.018,0.575,False,trust-compliant,False,
5,Long Inactivity,laptop,Normal,0.0,1.0,0.9628,0.018,0.5679,False,trust-compliant,False,
6,Long Inactivity,phone,Normal,0.0,1.0,0.9366,0.018,0.5743,False,trust-compliant,False,
6,Long Inactivity,laptop,Normal,0.0,1.0,0.9617,0.018,0.5681,False,trust-compliant,False,
7,Long Inactivity,phone,Normal,0.0,1.0,0.9559,0.018,0.5696,False,trust-compliant,False,
7,Long Inactivity,laptop,Normal,0.0,1.0,0.9764,0.018,0.5645,False,trust-compliant,False,
8,Long Inactivity,phone,Normal,0.0,1.0,0.9519,0.018,0.5706,False,trust-compliant,False,
8,Long Inactivity,laptop,Normal,0.0,1.0,0.9855,0.018,0.5623,False,trust-compliant,False,
9,Long Inactivity,phone,Normal,0.0,1.0,0.9665,0.018,0.567,False,trust-compliant,False,
9,Long Inactivity,laptop,Normal,0.0,1.0,0.9913,0.018,0.5609,False,trust-compliant,False,
10,Long Inactivity,phone,Normal,0.0,1.0,0.9767,0.018,0.5645,False,trust-compliant,False,
10,Long Inactivity,laptop,Normal,0.0,1.0,0.9935,0.018,0.5603,False,trust-compliant,False,
11,Long Inactivity,phone,Normal,0.0,1.0,0.9664,0.018,0.567,False,Device is trust-compliant.,False,
11,Long Inactivity,laptop,Normal,0.0,1.0,0.9951,0.018,0.5599,False,Device is trust-compliant.,False,
12,Long Inactivity,phone,Normal,0.0,1.0,0.9766,0.018,0.5645,False,Device is trust-compliant.,False,
12,Long Inactivity,laptop,Normal,0.0,1.0,0.9963,0.018,0.5596,False,Device is trust-compliant.,False,
13,Long Inactivity,phone,Normal,0.0,1.0,0.9837,0.018,0.5627,False,Device is trust-compliant.,False,
13,Long Inactivity,laptop,Normal,0.0,1.0,0.9972,0.018,0.5594,True,Inactivity timer expired (Epoch Gap: 5 >= 5),True,13
14,Long Inactivity,phone,Normal,0.0,1.0,0.9887,0.018,0.5615,False,Device is trust-compliant.,False,
15,Long Inactivity,phone,Normal,0.0,1.0,0.9923,0.018,0.5606,False,Device is trust-compliant.,False,
16,Long Inactivity,phone,Normal,0.0,1.0,0.9948,0.018,0.56,False,Device is trust-compliant.,False,
17,Long Inactivity,phone,Normal,0.0,1.0,0.9964,0.018,0.5596,False,Device is trust-compliant.,False,
18,Long Inactivity,phone,Normal,0.0,1.0,0.9975,0.018,0.5593,False,Device is trust-compliant.,False,
19,Long Inactivity,phone,Normal,0.0,1.0,0.9983,0.018,0.5591,False,Device is trust-compliant.,False,
20,Long Inactivity,phone,Normal,0.0,1.0,0.9814,0.018,0.5633,False,Device is trust-compliant.,False,
21,Long Inactivity,phone,Normal,0.0,1.0,0.9871,0.018,0.5619,False,Device is trust-compliant.,False,
22,Long Inactivity,phone,Normal,0.0,1.0,0.9214,0.018,0.578,False,Device is trust-compliant.,False,
23,Long Inactivity,phone,Normal,0.0,1.0,0.9453,0.018,0.5722,False,Device is trust-compliant.,False,
24,Long Inactivity,phone,Normal,0.0,1.0,0.9445,0.018,0.5724,False,Device is trust-compliant.,False,
25,Long Inactivity,phone,Idle,0.0,1.0,0.944,0.018,0.5725,False,Device is trust-compliant.,False,
26,Long Inactivity,phone,Idle,0.0,1.0,0.9436,0.018,0.5726,False,Device is trust-compliant.,False,
27,Long Inactivity,phone,Idle,0.0,1.0,0.9607,0.018,0.5684,False,Device is trust-compliant.,False,
28,Long Inactivity,phone,Normal,0.0,1.0,0.9552,0.018,0.5697,False,Device is trust-compliant.,False,
29,Long Inactivity,phone,Idle,0.0,1.0,0.9514,0.018,0.5707,False,Device is trust-compliant.,False,
30,Long Inactivity,phone,Normal,0.0,1.0,0.9662,0.018,0.567,False,Device is trust-compliant.,False,
31,Long Inactivity,phone,Normal,0.0,1.0,0.9591,0.018,0.5688,False,Device is trust-compliant.,False,
32,Long Inactivity,phone,Normal,0.0,1.0,0.9541,0.018,0.57,False,Device is trust-compliant.,False,
33,Long Inactivity,phone,Normal,0.0,1.0,0.9688,0.018,0.5664,False,Device is trust-compliant.,False,
34,Long Inactivity,phone,Normal,0.0,1.0,0.9783,0.018,0.5641,False,Device is trust-compliant.,False,
35,Long Inactivity,phone,Normal,0.0,1.0,0.9675,0.018,0.5667,False,Device is trust-compliant.,False,
36,Long Inactivity,phone,Normal,0.0,1.0,0.9774,0.018,0.5643,False,Device is trust-compliant.,False,
37,Long Inactivity,phone,Normal,0.0,1.0,0.9846,0.018,0.5625,False,Device is trust-compliant.,False,
38,Long Inactivity,phone,Normal,0.0,1.0,0.9895,0.018,0.5613,False,Device is trust-compliant.,False,
39,Long Inactivity,phone,Normal,0.0,1.0,0.9759,0.018,0.5647,False,Device is trust-compliant.,False,
40,Long Inactivity,phone,Normal,0.0,1.0,0.9836,0.018,0.5628,False,Device is trust-compliant.,False,
1,Long Inactivity,phone,Idle,0.0505,0.9495,0.98,0.0391,0.0459,False,trust-compliant,False,
1,Long Inactivity,laptop,Suspicious,0.4418,0.5582,0.92,0.0492,0.2848,False,trust-compliant,False,
2,Long Inactivity,phone,Normal,0.0,1.0,0.9687,0.018,0.5664,False,trust-compliant,False,
2,Long Inactivity,laptop,Normal,0.0,1.0,0.9353,0.018,0.5746,False,trust-compliant,False,
3,Long Inactivity,phone,Normal,0.0,1.0,0.9608,0.018,0.5684,False,trust-compliant,False,
3,Long Inactivity,laptop,Normal,0.0,1.0,0.9447,0.018,0.5723,False,trust-compliant,False,
4,Long Inactivity,phone,Normal,0.0,1.0,0.9553,0.018,0.5697,False,trust-compliant,False,
4,Long Inactivity,laptop,Normal,0.0,1.0,0.9505,0.018,0.5709,False,trust-compliant,False,
5,Long Inactivity,phone,Idle,0.0,1.0,0.9515,0.018,0.5706,False,trust-compliant,False,
5,Long Inactivity,laptop,Idle,0.0,1.0,0.9541,0.018,0.57,False,trust-compliant,False,
6,Long Inactivity,phone,Normal,0.0,1.0,0.9488,0.018,0.5713,False,trust-compliant,False,
6,Long Inactivity,laptop,Normal,0.0,1.0,0.9563,0.018,0.5695,False,trust-compliant,False,
7,Long Inactivity,phone,Normal,0.0,1.0,0.947,0.018,0.5718,False,trust-compliant,False,
7,Long Inactivity,laptop,Normal,0.0,1.0,0.9577,0.018,0.5691,False,trust-compliant,False,
8,Long Inactivity,phone,Normal,0.0,1.0,0.9457,0.018,0.5721,False,trust-compliant,False,
8,Long Inactivity,laptop,Normal,0.0,1.0,0.9585,0.018,0.5689,False,trust-compliant,False,
9,Long Inactivity,phone,Normal,0.0,1.0,0.9622,0.018,0.568,False,trust-compliant,False,
9,Long Inactivity,laptop,Normal,0.0,1.0,0.9744,0.018,0.565,False,trust-compliant,False,
10,Long Inactivity,phone,Normal,0.0,1.0,0.9737,0.018,0.5652,False,trust-compliant,False,
10,Long Inactivity,laptop,Normal,0.0,1.0,0.9803,0.018,0.5636,False,trust-compliant,False,
11,Long Inactivity,phone,Normal,0.0,1.0,0.9121,0.018,0.5803,False,Device is trust-compliant.,False,
11,Long Inactivity,laptop,Normal,0.0,1.0,0.9848,0.018,0.5625,False,Device is trust-compliant.,False,
12,Long Inactivity,phone,Normal,0.0,1.0,0.9402,0.018,0.5734,False,Device is trust-compliant.,False,
12,Long Inactivity,laptop,Normal,0.0,1.0,0.9883,0.018,0.5616,False,Device is trust-compliant.,False,
13,Long Inactivity,phone,Normal,0.0,1.0,0.9593,0.018,0.5687,False,Device is trust-compliant.,False,
13,Long Inactivity,laptop,Normal,0.0,1.0,0.991,0.018,0.5609,True,Inactivity timer expired (Epoch Gap: 5 >= 5),True,13
14,Long Inactivity,phone,Normal,0.0,1.0,0.9723,0.018,0.5655,False,Device is trust-compliant.,False,
15,Long Inactivity,phone,Normal,0.0012,0.9988,0.981,0.018,0.5638,False,Device is trust-compliant.,False,
16,Long Inactivity,phone,Normal,0.0,1.0,0.9191,0.018,0.5786,False,Device is trust-compliant.,False,
17,Long Inactivity,phone,Normal,0.0,1.0,0.877,0.018,0.5888,False,Device is trust-compliant.,False,
18,Long Inactivity,phone,Normal,0.0,1.0,0.8484,0.018,0.5957,False,Device is trust-compliant.,False,
19,Long Inactivity,phone,Normal,0.0,1.0,0.8969,0.018,0.584,False,Device is trust-compliant.,False,
20,Long Inactivity,phone,Normal,0.0,1.0,0.9299,0.018,0.5759,False,Device is trust-compliant.,False,
21,Long Inactivity,phone,Normal,0.0,1.0,0.9523,0.018,0.5705,False,Device is trust-compliant.,False,
22,Long Inactivity,phone,Normal,0.0,1.0,0.9676,0.018,0.5667,False,Device is trust-compliant.,False,
23,Long Inactivity,phone,Normal,0.0,1.0,0.978,0.018,0.5641,False,Device is trust-compliant.,False,
24,Long Inactivity,phone,Normal,0.0,1.0,0.968,0.018,0.5666,False,Device is trust-compliant.,False,
25,Long Inactivity,phone,Normal,0.0,1.0,0.9102,0.018,0.5807,False,Device is trust-compliant.,False,
26,Long Inactivity,phone,Normal,0.0,1.0,0.9219,0.018,0.5779,False,Device is trust-compliant.,False,
27,Long Inactivity,phone,Normal,0.0,1.0,0.9469,0.018,0.5718,False,Device is trust-compliant.,False,
28,Long Inactivity,phone,Normal,0.0,1.0,0.9639,0.018,0.5676,False,Device is trust-compliant.,False,
29,Long Inactivity,phone,Normal,0.0,1.0,0.9755,0.018,0.5648,False,Device is trust-compliant.,False,
30,Long Inactivity,phone,Normal,0.0,1.0,0.9153,0.018,0.5795,False,Device is trust-compliant.,False,
31,Long Inactivity,phone,Normal,0.0,1.0,0.9424,0.018,0.5729,False,Device is trust-compliant.,False,
32,Long Inactivity,phone,Normal,0.0,1.0,0.9608,0.018,0.5684,False,Device is trust-compliant.,False,
33,Long Inactivity,phone,Normal,0.0,1.0,0.9727,0.018,0.5654,False,Device is trust-compliant.,False,
34,Long Inactivity,phone,Normal,0.0,1.0,0.981,0.018,0.5634,False,Device is trust-compliant.,False,
35,Long Inactivity,phone,Normal,0.0,1.0,0.9694,0.018,0.5663,False,Device is trust-compliant.,False,
36,Long Inactivity,phone,Normal,0.0,1.0,0.9792,0.018,0.5638,False,Device is trust-compliant.,False,
37,Long Inactivity,phone,Normal,0.0,1.0,0.9855,0.018,0.5623,False,Device is trust-compliant.,False,
38,Long Inactivity,phone,Normal,0.0,1.0,0.9901,0.018,0.5612,False,Device is trust-compliant.,False,
39,Long Inactivity,phone,Normal,0.0,1.0,0.9931,0.018,0.5604,False,Device is trust-compliant.,False,
40,Long Inactivity,phone,Normal,0.0,1.0,0.9952,0.018,0.5599,False,Device is trust-compliant.,False,
1,Long Inactivity,phone,Idle,0.0631,0.9369,0.98,0.0635,0.0632,False,trust-compliant,False,
1,Long Inactivity,laptop,Idle,0.1146,0.8854,0.98,0.0274,0.0797,False,trust-compliant,False,
2,Long Inactivity,phone,Idle,0.0,1.0,0.9687,0.018,0.5664,False,trust-compliant,False,
2,Long Inactivity,laptop,Idle,0.0,1.0,0.9723,0.018,0.5655,False,trust-compliant,False,
3,Long Inactivity,phone,Idle,0.0,1.0,0.9608,0.018,0.5684,False,trust-compliant,False,
3,Long Inactivity,laptop,Normal,0.0,1.0,0.9675,0.018,0.5667,False,trust-compliant,False,
4,Long Inactivity,phone,Normal,0.0,1.0,0.9727,0.018,0.5654,False,trust-compliant,False,
4,Long Inactivity,laptop,Normal,0.0,1.0,0.9646,0.018,0.5674,False,trust-compliant,False,
5,Long Inactivity,phone,Idle,0.0,1.0,0.9636,0.018,0.5677,False,trust-compliant,False,
5,Long Inactivity,laptop,Normal,0.0,1.0,0.9628,0.018,0.5679,False,trust-compliant,False,
6,Long Inactivity,phone,Idle,0.0,1.0,0.9573,0.018,0.5692,False,trust-compliant,False,
6,Long Inactivity,laptop,Normal,0.0,1.0,0.9617,0.018,0.5681,False,trust-compliant,False,
7,Long Inactivity,phone,Normal,0.0,1.0,0.9529,0.018,0.5703,False,trust-compliant,False,
7,Long Inactivity,laptop,Normal,0.0,1.0,0.9764,0.018,0.5645,False,trust-compliant,False,
8,Long Inactivity,phone,Normal,0.0,1.0,0.9498,0.018,0.5711,False,trust-compliant,False,
8,Long Inactivity,laptop,Normal,0.0,1.0,0.9855,0.018,0.5623,False,trust-compliant,False,
9,Long Inactivity,phone,Normal,0.0,1.0,0.9651,0.018,0.5673,False,trust-compliant,False,
9,Long Inactivity,laptop,Normal,0.0,1.0,0.9911,0.018,0.5609,False,trust-compliant,False,
10,Long Inactivity,phone,Normal,0.0,1.0,0.9583,0.018,0.569,False,trust-compliant,False,
10,Long Inactivity,laptop,Normal,0.0,1.0,0.9931,0.018,0.5604,False,trust-compliant,False,
11,Long Inactivity,phone,Normal,0.0,1.0,0.971,0.018,0.5659,False,Device is trust-compliant.,False,
11,Long Inactivity,laptop,Normal,0.0,1.0,0.9947,0.018,0.56,False,Device is trust-compliant.,False,
12,Long Inactivity,phone,Normal,0.0,1.0,0.9624,0.018,0.568,False,Device is trust-compliant.,False,
12,Long Inactivity,laptop,Normal,0.0,1.0,0.9959,0.018,0.5597,False,Device is trust-compliant.,False,
13,Long Inactivity,phone,Normal,0.0,1.0,0.9744,0.018,0.565,False,Device is trust-compliant.,False,
13,Long Inactivity,laptop,Normal,0.0,1.0,0.9968,0.018,0.5595,True,Inactivity timer expired (Epoch Gap: 5 >= 5),True,13
14,Long Inactivity,phone,Normal,0.0,1.0,0.9822,0.018,0.5631,False,Device is trust-compliant.,False,
15,Long Inactivity,phone,Normal,0.0,1.0,0.918,0.018,0.5788,False,Device is trust-compliant.,False,
16,Long Inactivity,phone,Normal,0.0,1.0,0.9429,0.018,0.5728,False,Device is trust-compliant.,False,
17,Long Inactivity,phone,Normal,0.0,1.0,0.9603,0.018,0.5685,False,Device is trust-compliant.,False,
18,Long Inactivity,phone,Normal,0.0,1.0,0.9724,0.018,0.5655,False,Device is trust-compliant.,False,
19,Long Inactivity,phone,Normal,0.0,1.0,0.9812,0.018,0.5634,False,Device is trust-compliant.,False,
20,Long Inactivity,phone,Normal,0.0,1.0,0.9872,0.018,0.5619,False,Device is trust-compliant.,False,
21,Long Inactivity,phone,Normal,0.0,1.0,0.9913,0.018,0.5609,False,Device is trust-compliant.,False,
22,Long Inactivity,phone,Normal,0.0,1.0,0.9939,0.018,0.5602,False,Device is trust-compliant.,False,
23,Long Inactivity,phone,Normal,0.0,1.0,0.9958,0.018,0.5598,False,Device is trust-compliant.,False,
24,Long Inactivity,phone,Normal,0.0,1.0,0.9797,0.018,0.5637,False,Device is trust-compliant.,False,
25,Long Inactivity,phone,Normal,0.0,1.0,0.9685,0.018,0.5665,False,Device is trust-compliant.,False,
26,Long Inactivity,phone,Normal,0.0,1.0,0.9607,0.018,0.5684,False,Device is trust-compliant.,False,
27,Long Inactivity,phone,Idle,0.0,1.0,0.9552,0.018,0.5697,False,Device is trust-compliant.,False,
28,Long Inactivity,phone,Normal,0.0,1.0,0.9514,0.018,0.5707,False,Device is trust-compliant.,False,
29,Long Inactivity,phone,Normal,0.0,1.0,0.9488,0.018,0.5713,False,Device is trust-compliant.,False,
30,Long Inactivity,phone,Idle,0.0,1.0,0.947,0.018,0.5718,False,Device is trust-compliant.,False,
31,Long Inactivity,phone,Normal,0.0,1.0,0.9457,0.018,0.5721,False,Device is trust-compliant.,False,
32,Long Inactivity,phone,Normal,0.0,1.0,0.9622,0.018,0.568,False,Device is trust-compliant.,False,
33,Long Inactivity,phone,Normal,0.0,1.0,0.9743,0.018,0.5651,False,Device is trust-compliant.,False,
34,Long Inactivity,phone,Normal,0.0,1.0,0.9825,0.018,0.563,False,Device is trust-compliant.,False,
35,Long Inactivity,phone,Normal,0.0,1.0,0.9711,0.018,0.5658,False,Device is trust-compliant.,False,
36,Long Inactivity,phone,Normal,0.0,1.0,0.9799,0.018,0.5637,False,Device is trust-compliant.,False,
37,Long Inactivity,phone,Normal,0.0,1.0,0.9863,0.018,0.5621,False,Device is trust-compliant.,False,
38,Long Inactivity,phone,Normal,0.0,1.0,0.9907,0.018,0.561,False,Device is trust-compliant.,False,
39,Long Inactivity,phone,Normal,0.0,1.0,0.9937,0.018,0.5603,False,Device is trust-compliant.,False,
40,Long Inactivity,phone,Normal,0.0,1.0,0.9957,0.018,0.5598,False,Device is trust-compliant.,False,
1,Long Inactivity,phone,Idle,0.1475,0.8525,0.98,0.0748,0.1184,False,trust-compliant,False,
1,Long Inactivity,laptop,Normal,0.0303,0.9697,1.0,0.045,0.0362,False,trust-compliant,False,
2,Long Inactivity,phone,Normal,0.0,1.0,0.9687,0.018,0.5664,False,trust-compliant,False,
2,Long Inactivity,laptop,Normal,0.0,1.0,1.0,0.018,0.5587,False,trust-compliant,False,
3,Long Inactivity,phone,Normal,0.0,1.0,0.9782,0.018,0.5641,False,trust-compliant,False,
3,Long Inactivity,laptop,Normal,0.0,1.0,0.9846,0.018,0.5625,False,trust-compliant,False,
4,Long Inactivity,phone,Idle,0.0,1.0,0.9674,0.018,0.5667,False,trust-compliant,False,
4,Long Inactivity,laptop,Normal,0.0,1.0,0.9905,0.018,0.5611,False,trust-compliant,False,
5,Long Inactivity,phone,Normal,0.0,1.0,0.9599,0.018,0.5686,False,trust-compliant,False,
5,Long Inactivity,laptop,Normal,0.0,1.0,0.9787,0.018,0.564,False,trust-compliant,False,
6,Long Inactivity,phone,Normal,0.0,1.0,0.9547,0.018,0.5699,False,trust-compliant,False,
6,Long Inactivity,laptop,Normal,0.0,1.0,0.9715,0.018,0.5657,False,trust-compliant,False,
7,Long Inactivity,phone,Normal,0.0,1.0,0.9511,0.018,0.5707,False,trust-compliant,False,
7,Long Inactivity,laptop,Normal,0.0,1.0,0.9824,0.018,0.5631,False,trust-compliant,False,
8,Long Inactivity,phone,Normal,0.0,1.0,0.8964,0.018,0.5841,False,trust-compliant,False,
8,Long Inactivity,laptop,Normal,0.0,1.0,0.9738,0.018,0.5652,False,trust-compliant,False,
9,Long Inactivity,phone,Normal,0.0,1.0,0.9296,0.018,0.576,False,trust-compliant,False,
9,Long Inactivity,laptop,Normal,0.0,1.0,0.9843,0.018,0.5626,False,trust-compliant,False,
10,Long Inactivity,phone,Normal,0.0,1.0,0.9521,0.018,0.5705,False,trust-compliant,False,
10,Long Inactivity,laptop,Normal,0.0,1.0,0.9882,0.018,0.5616,False,trust-compliant,False,
11,Long Inactivity,phone,Normal,0.0,1.0,0.8971,0.018,0.5839,False,Device is trust-compliant.,False,
11,Long Inactivity,laptop,Normal,0.0,1.0,0.9911,0.018,0.5609,False,Device is trust-compliant.,False,
12,Long Inactivity,phone,Normal,0.0,1.0,0.93,0.018,0.5759,False,Device is trust-compliant.,False,
12,Long Inactivity,laptop,Normal,0.0,1.0,0.9933,0.018,0.5604,True,Inactivity timer expired (Epoch Gap: 5 >= 5),True,12
13,Long Inactivity,phone,Normal,0.0,1.0,0.9524,0.018,0.5704,False,Device is trust-compliant.,False,
14,Long Inactivity,phone,Normal,0.0,1.0,0.9676,0.018,0.5667,False,Device is trust-compliant.,False,
15,Long Inactivity,phone,Normal,0.0,1.0,0.978,0.018,0.5641,False,Device is trust-compliant.,False,
16,Long Inactivity,phone,Normal,0.0,1.0,0.985,0.018,0.5624,False,Device is trust-compliant.,False,
17,Long Inactivity,phone,Normal,0.0,1.0,0.9898,0.018,0.5612,False,Device is trust-compliant.,False,
18,Long Inactivity,phone,Normal,0.0,1.0,0.9251,0.018,0.5771,False,Device is trust-compliant.,False,
19,Long Inactivity,phone,Normal,0.0,1.0,0.9491,0.018,0.5712,False,Device is trust-compliant.,False,
20,Long Inactivity,phone,Normal,0.0,1.0,0.9484,0.018,0.5714,False,Device is trust-compliant.,False,
21,Long Inactivity,phone,Normal,0.0,1.0,0.9649,0.018,0.5674,False,Device is trust-compliant.,False,
22,Long Inactivity,phone,Normal,0.0,1.0,0.9761,0.018,0.5646,False,Device is trust-compliant.,False,
23,Long Inactivity,phone,Normal,0.0,1.0,0.9837,0.018,0.5627,False,Device is trust-compliant.,False,
24,Long Inactivity,phone,Idle,0.0,1.0,0.9719,0.018,0.5656,False,Device is trust-compliant.,False,
25,Long Inactivity,phone,Idle,0.0,1.0,0.9639,0.018,0.5676,False,Device is trust-compliant.,False,
26,Long Inactivity,phone,Normal,0.0,1.0,0.9585,0.018,0.5689,False,Device is trust-compliant.,False,
27,Long Inactivity,phone,Idle,0.0,1.0,0.9548,0.018,0.5698,False,Device is trust-compliant.,False,
28,Long Inactivity,phone,Idle,0.0,1.0,0.9693,0.018,0.5663,False,Device is trust-compliant.,False,
29,Long Inactivity,phone,Normal,0.0,1.0,0.9621,0.018,0.5681,False,Device is trust-compliant.,False,
30,Long Inactivity,phone,Idle,0.0,1.0,0.9572,0.018,0.5693,False,Device is trust-compliant.,False,
31,Long Inactivity,phone,Normal,0.0,1.0,0.9539,0.018,0.5701,False,Device is trust-compliant.,False,
32,Long Inactivity,phone,Normal,0.0,1.0,0.9517,0.018,0.5706,False,Device is trust-compliant.,False,
33,Long Inactivity,phone,Normal,0.0,1.0,0.9502,0.018,0.571,False,Device is trust-compliant.,False,
34,Long Inactivity,phone,Normal,0.0,1.0,0.9661,0.018,0.5671,False,Device is trust-compliant.,False,
35,Long Inactivity,phone,Normal,0.0,1.0,0.9599,0.018,0.5686,False,Device is trust-compliant.,False,
36,Long Inactivity,phone,Normal,0.0,1.0,0.9557,0.018,0.5696,False,Device is trust-compliant.,False,
37,Long Inactivity,phone,Normal,0.0,1.0,0.9529,0.018,0.5703,False,Device is trust-compliant.,False,
38,Long Inactivity,phone,Normal,0.0,1.0,0.951,0.018,0.5708,False,Device is trust-compliant.,False,
39,Long Inactivity,phone,Normal,0.0,1.0,0.9497,0.018,0.5711,False,Device is trust-compliant.,False,
40,Long Inactivity,phone,Normal,0.0,1.0,0.9658,0.018,0.5671,False,Device is trust-compliant.,False,
1,Long Inactivity,phone,Idle,0.0893,0.9107,0.98,0.0486,0.073,False,trust-compliant,False,
1,Long Inactivity,laptop,Idle,0.097,0.903,0.98,0.027,0.069,False,trust-compliant,False,
2,Long Inactivity,phone,Normal,0.0,1.0,0.9687,0.018,0.5664,False,trust-compliant,False,
2,Long Inactivity,laptop,Normal,0.0,1.0,0.9723,0.018,0.5655,False,trust-compliant,False,
3,Long Inactivity,phone,Normal,0.0,1.0,0.9608,0.018,0.5684,False,trust-compliant,False,
3,Long Inactivity,laptop,Idle,0.0,1.0,0.9829,0.018,0.5629,False,trust-compliant,False,
4,Long Inactivity,phone,Idle,0.0,1.0,0.9553,0.018,0.5697,False,trust-compliant,False,
4,Long Inactivity,laptop,Idle,0.0,1.0,0.9741,0.018,0.5651,False,trust-compliant,False,
5,Long Inactivity,phone,Idle,0.0,1.0,0.9515,0.018,0.5706,False,trust-compliant,False,
5,Long Inactivity,laptop,Normal,0.0,1.0,0.9686,0.018,0.5665,False,trust-compliant,False,
6,Long Inactivity,phone,Normal,0.0,1.0,0.9488,0.018,0.5713,False,trust-compliant,False,
6,Long Inactivity,laptop,Normal,0.0,1.0,0.9653,0.018,0.5673,False,trust-compliant,False,
7,Long Inactivity,phone,Normal,0.0,1.0,0.9644,0.018,0.5675,False,trust-compliant,False,
7,Long Inactivity,laptop,Normal,0.0,1.0,0.9792,0.018,0.5638,False,trust-compliant,False,
8,Long Inactivity,phone,Normal,0.0,1.0,0.9752,0.018,0.5648,False,trust-compliant,False,
8,Long Inactivity,laptop,Normal,0.0,1.0,0.9875,0.018,0.5618,False,trust-compliant,False,
9,Long Inactivity,phone,Normal,0.0,1.0,0.9831,0.018,0.5629,False,trust-compliant,False,
9,Long Inactivity,laptop,Normal,0.0,1.0,0.9775,0.018,0.5643,False,trust-compliant,False,
10,Long Inactivity,phone,Normal,0.0,1.0,0.9882,0.018,0.5616,False,trust-compliant,False,
10,Long Inactivity,laptop,Normal,0.0,1.0,0.9831,0.018,0.5629,False,trust-compliant,False,
11,Long Inactivity,phone,Normal,0.0,1.0,0.9918,0.018,0.5607,False,Device is trust-compliant.,False,
11,Long Inactivity,laptop,Normal,0.0,1.0,0.9873,0.018,0.5619,False,Device is trust-compliant.,False,
12,Long Inactivity,phone,Normal,0.0,1.0,0.9943,0.018,0.5601,False,Device is trust-compliant.,False,
12,Long Inactivity,laptop,Normal,0.0,1.0,0.9905,0.018,0.5611,True,Inactivity timer expired (Epoch Gap: 5 >= 5),True,12
13,Long Inactivity,phone,Normal,0.0,1.0,0.9961,0.018,0.5597,False,Device is trust-compliant.,False,
14,Long Inactivity,phone,Normal,0.0,1.0,0.9973,0.018,0.5594,False,Device is trust-compliant.,False,
15,Long Inactivity,phone,Normal,0.0,1.0,0.9982,0.018,0.5592,False,Device is trust-compliant.,False,
16,Long Inactivity,phone,Normal,0.0,1.0,0.9987,0.018,0.559,False,Device is trust-compliant.,False,
17,Long Inactivity,phone,Normal,0.0,1.0,0.9991,0.018,0.5589,False,Device is trust-compliant.,False,
18,Long Inactivity,phone,Normal,0.0,1.0,0.9994,0.018,0.5589,False,Device is trust-compliant.,False,
19,Long Inactivity,phone,Normal,0.0,1.0,0.9996,0.018,0.5588,False,Device is trust-compliant.,False,
20,Long Inactivity,phone,Normal,0.0,1.0,0.9997,0.018,0.5588,False,Device is trust-compliant.,False,
21,Long Inactivity,phone,Normal,0.0,1.0,0.9998,0.018,0.5588,False,Device is trust-compliant.,False,
22,Long Inactivity,phone,Normal,0.0,1.0,0.9999,0.018,0.5588,False,Device is trust-compliant.,False,
23,Long Inactivity,phone,Normal,0.0,1.0,0.9999,0.018,0.5588,False,Device is trust-compliant.,False,
24,Long Inactivity,phone,Normal,0.0,1.0,0.9829,0.018,0.5629,False,Device is trust-compliant.,False,
25,Long Inactivity,phone,Idle,0.0,1.0,0.9714,0.018,0.5658,False,Device is trust-compliant.,False,
26,Long Inactivity,phone,Idle,0.0,1.0,0.9636,0.018,0.5677,False,Device is trust-compliant.,False,
27,Long Inactivity,phone,Normal,0.0,1.0,0.9582,0.018,0.569,False,Device is trust-compliant.,False,
28,Long Inactivity,phone,Normal,0.0,1.0,0.9546,0.018,0.5699,False,Device is trust-compliant.,False,
29,Long Inactivity,phone,Idle,0.0,1.0,0.9521,0.018,0.5705,False,Device is trust-compliant.,False,
30,Long Inactivity,phone,Idle,0.0,1.0,0.9504,0.018,0.5709,False,Device is trust-compliant.,False,
31,Long Inactivity,phone,Normal,0.0,1.0,0.9663,0.018,0.567,False,Device is trust-compliant.,False,
32,Long Inactivity,phone,Normal,0.0,1.0,0.9601,0.018,0.5685,False,Device is trust-compliant.,False,
33,Long Inactivity,phone,Normal,0.0,1.0,0.9548,0.018,0.5698,False,Device is trust-compliant.,False,
34,Long Inactivity,phone,Normal,0.0,1.0,0.9685,0.018,0.5665,False,Device is trust-compliant.,False,
35,Long Inactivity,phone,Normal,0.0,1.0,0.9786,0.018,0.564,False,Device is trust-compliant.,False,
36,Long Inactivity,phone,Normal,0.0,1.0,0.9684,0.018,0.5665,False,Device is trust-compliant.,False,
37,Long Inactivity,phone,Normal,0.0,1.0,0.9785,0.018,0.564,False,Device is trust-compliant.,False,
38,Long Inactivity,phone,Normal,0.0,1.0,0.9854,0.018,0.5623,False,Device is trust-compliant.,False,
39,Long Inactivity,phone,Normal,0.0,1.0,0.9901,0.018,0.5612,False,Device is trust-compliant.,False,
40,Long Inactivity,phone,Normal,0.0,1.0,0.9763,0.018,0.5646,False,Device is trust-compliant.,False,
1,Long Inactivity,phone,Normal,0.0688,0.9312,1.0,0.1235,0.0906,False,trust-compliant,False,
1,Long Inactivity,laptop,Idle,0.1338,0.8662,0.98,0.0673,0.1072,False,trust-compliant,False,
2,Long Inactivity,phone,Normal,0.0,1.0,1.0,0.018,0.5587,False,trust-compliant,False,
2,Long Inactivity,laptop,Normal,0.0,1.0,0.9723,0.018,0.5655,False,trust-compliant,False,
3,Long Inactivity,phone,Normal,0.0,1.0,1.0,0.018,0.5587,False,trust-compliant,False,
3,Long Inactivity,laptop,Idle,0.0,1.0,0.9675,0.018,0.5667,False,trust-compliant,False,
4,Long Inactivity,phone,Normal,0.0,1.0,0.932,0.018,0.5754,False,trust-compliant,False,
4,Long Inactivity,laptop,Idle,0.0,1.0,0.9646,0.018,0.5674,False,trust-compliant,False,
5,Long Inactivity,phone,Normal,0.0,1.0,0.8858,0.018,0.5867,False,trust-compliant,False,
5,Long Inactivity,laptop,Normal,0.0,1.0,0.9628,0.018,0.5679,False,trust-compliant,False,
6,Long Inactivity,phone,Normal,0.0,1.0,0.8543,0.018,0.5943,False,trust-compliant,False,
6,Long Inactivity,laptop,Idle,0.0,1.0,0.9617,0.018,0.5681,False,trust-compliant,False,
7,Long Inactivity,phone,Normal,0.0,1.0,0.9009,0.018,0.583,False,trust-compliant,False,
7,Long Inactivity,laptop,Normal,0.0,1.0,0.961,0.018,0.5683,False,trust-compliant,False,
8,Long Inactivity,phone,Normal,0.0,1.0,0.9156,0.018,0.5794,False,trust-compliant,False,
8,Long Inactivity,laptop,Normal,0.0,1.0,0.9606,0.018,0.5684,False,trust-compliant,False,
9,Long Inactivity,phone,Normal,0.0,1.0,0.9426,0.018,0.5728,False,trust-compliant,False,
9,Long Inactivity,laptop,Normal,0.0,1.0,0.9757,0.018,0.5647,False,trust-compliant,False,
10,Long Inactivity,phone,Normal,0.0,1.0,0.893,0.018,0.5849,False,trust-compliant,False,
10,Long Inactivity,laptop,Normal,0.0,1.0,0.9813,0.018,0.5633,False,trust-compliant,False,
11,Long Inactivity,phone,Normal,0.0,1.0,0.9272,0.018,0.5766,False,Device is trust-compliant.,False,
11,Long Inactivity,laptop,Normal,0.0,1.0,0.9856,0.018,0.5623,False,Device is trust-compliant.,False,
12,Long Inactivity,phone,Normal,0.0,1.0,0.8825,0.018,0.5875,False,Device is trust-compliant.,False,
12,Long Inactivity,laptop,Normal,0.0,1.0,0.9889,0.018,0.5615,False,Device is trust-compliant.,False,
13,Long Inactivity,phone,Normal,0.0,1.0,0.9201,0.018,0.5783,False,Device is trust-compliant.,False,
13,Long Inactivity,laptop,Normal,0.0,1.0,0.9915,0.018,0.5608,True,Inactivity timer expired (Epoch Gap: 5 >= 5),True,13
14,Long Inactivity,phone,Normal,0.0,1.0,0.9457,0.018,0.5721,False,Device is trust-compliant.,False,
15,Long Inactivity,phone,Normal,0.0,1.0,0.9631,0.018,0.5678,False,Device is trust-compliant.,False,
16,Long Inactivity,phone,Normal,0.0,1.0,0.9743,0.018,0.5651,False,Device is trust-compliant.,False,
17,Long Inactivity,phone,Normal,0.0,1.0,0.9821,0.018,0.5631,False,Device is trust-compliant.,False,
18,Long Inactivity,phone,Normal,0.0,1.0,0.9875,0.018,0.5618,False,Device is trust-compliant.,False,
19,Long Inactivity,phone,Normal,0.0,1.0,0.9915,0.018,0.5608,False,Device is trust-compliant.,False,
20,Long Inactivity,phone,Normal,0.0,1.0,0.9941,0.018,0.5602,False,Device is trust-compliant.,False,
21,Long Inactivity,phone,Normal,0.0,1.0,0.9959,0.018,0.5597,False,Device is trust-compliant.,False,
22,Long Inactivity,phone,Normal,0.0,1.0,0.9972,0.018,0.5594,False,Device is trust-compliant.,False,
23,Long Inactivity,phone,Normal,0.0,1.0,0.9811,0.018,0.5634,False,Device is trust-compliant.,False,
24,Long Inactivity,phone,Idle,0.0,1.0,0.9701,0.018,0.5661,False,Device is trust-compliant.,False,
25,Long Inactivity,phone,Normal,0.0749,0.9251,0.9004,0.018,0.6102,False,Device is trust-compliant.,False,
26,Long Inactivity,phone,Normal,0.0,1.0,0.8643,0.018,0.5919,False,Device is trust-compliant.,False,
27,Long Inactivity,phone,Normal,0.0,1.0,0.9077,0.018,0.5813,False,Device is trust-compliant.,False,
28,Long Inactivity,phone,Normal,0.0,1.0,0.9372,0.018,0.5741,False,Device is trust-compliant.,False,
29,Long Inactivity,phone,Normal,0.0,1.0,0.9573,0.018,0.5692,False,Device is trust-compliant.,False,
30,Long Inactivity,phone,Normal,0.0,1.0,0.903,0.018,0.5825,False,Device is trust-compliant.,False,
31,Long Inactivity,phone,Normal,0.0,1.0,0.934,0.018,0.5749,False,Device is trust-compliant.,False,
32,Long Inactivity,phone,Normal,0.0,1.0,0.9551,0.018,0.5698,False,Device is trust-compliant.,False,
33,Long Inactivity,phone,Normal,0.0,1.0,0.9015,0.018,0.5829,False,Device is trust-compliant.,False,
34,Long Inactivity,phone,Normal,0.0,1.0,0.933,0.018,0.5752,False,Device is trust-compliant.,False,
35,Long Inactivity,phone,Normal,0.0,1.0,0.8864,0.018,0.5865,False,Device is trust-compliant.,False,
36,Long Inactivity,phone,Normal,0.0,1.0,0.9228,0.018,0.5777,False,Device is trust-compliant.,False,
37,Long Inactivity,phone,Normal,0.0,1.0,0.9305,0.018,0.5758,False,Device is trust-compliant.,False,
38,Long Inactivity,phone,Normal,0.0,1.0,0.9527,0.018,0.5704,False,Device is trust-compliant.,False,
39,Long Inactivity,phone,Normal,0.0,1.0,0.8998,0.018,0.5833,False,Device is trust-compliant.,False,
40,Long Inactivity,phone,Normal,0.0,1.0,0.9319,0.018,0.5754,False,Device is trust-compliant.,False,
1,Long Inactivity,phone,Idle,0.0852,0.9148,0.98,0.0139,0.0567,False,trust-compliant,False,
1,Long Inactivity,laptop,Idle,0.0557,0.9443,0.98,0.017,0.0402,False,trust-compliant,False,
2,Long Inactivity,phone,Idle,0.0,1.0,0.9687,0.018,0.5664,False,trust-compliant,False,
2,Long Inactivity,laptop,Normal,0.0,1.0,0.9723,0.018,0.5655,False,trust-compliant,False,
3,Long Inactivity,phone,Idle,0.0,1.0,0.9608,0.018,0.5684,False,trust-compliant,False,
3,Long Inactivity,laptop,Normal,0.0,1.0,0.9675,0.018,0.5667,False,trust-compliant,False,
4,Long Inactivity,phone,Idle,0.0,1.0,0.9553,0.018,0.5697,False,trust-compliant,False,
4,Long Inactivity,laptop,Idle,0.0,1.0,0.9646,0.018,0.5674,False,trust-compliant,False,
5,Long Inactivity,phone,Idle,0.0,1.0,0.9515,0.018,0.5706,False,trust-compliant,False,
5,Long Inactivity,laptop,Idle,0.0,1.0,0.9782,0.018,0.5641,False,trust-compliant,False,
6,Long Inactivity,phone,Normal,0.0,1.0,0.9488,0.018,0.5713,False,trust-compliant,False,
6,Long Inactivity,laptop,Normal,0.0,1.0,0.9712,0.018,0.5658,False,trust-compliant,False,
7,Long Inactivity,phone,Normal,0.0,1.0,0.947,0.018,0.5718,False,trust-compliant,False,
7,Long Inactivity,laptop,Normal,0.0,1.0,0.9823,0.018,0.5631,False,trust-compliant,False,
8,Long Inactivity,phone,Normal,0.0,1.0,0.9631,0.018,0.5678,False,trust-compliant,False,
8,Long Inactivity,laptop,Normal,0.0,1.0,0.9275,0.018,0.5765,False,trust-compliant,False,
9,Long Inactivity,phone,Normal,0.0,1.0,0.9069,0.018,0.5815,False,trust-compliant,False,
9,Long Inactivity,laptop,Normal,0.0,1.0,0.9565,0.018,0.5694,False,trust-compliant,False,
10,Long Inactivity,phone,Normal,0.0,1.0,0.9367,0.018,0.5743,False,trust-compliant,False,
10,Long Inactivity,laptop,Normal,0.0,1.0,0.9674,0.018,0.5667,False,trust-compliant,False,
11,Long Inactivity,phone,Normal,0.0,1.0,0.9559,0.018,0.5696,False,Device is trust-compliant.,False,
11,Long Inactivity,laptop,Normal,0.0,1.0,0.9756,0.018,0.5647,False,Device is trust-compliant.,False,
12,Long Inactivity,phone,Normal,0.0,1.0,0.9519,0.018,0.5706,False,Device is trust-compliant.,False,
12,Long Inactivity,laptop,Normal,0.0,1.0,0.9817,0.018,0.5632,True,Inactivity timer expired (Epoch Gap: 5 >= 5),True,12
13,Long Inactivity,phone,Normal,0.0,1.0,0.9673,0.018,0.5668,False,Device is trust-compliant.,False,
14,Long Inactivity,phone,Normal,0.0,1.0,0.9772,0.018,0.5643,False,Device is trust-compliant.,False,
15,Long Inactivity,phone,Normal,0.0,1.0,0.9841,0.018,0.5626,False,Device is trust-compliant.,False,
16,Long Inactivity,phone,Normal,0.0,1.0,0.9889,0.018,0.5615,False,Device is trust-compliant.,False,
17,Long Inactivity,phone,Normal,0.0,1.0,0.9923,0.018,0.5606,False,Device is trust-compliant.,False,
18,Long Inactivity,phone,Normal,0.0,1.0,0.9772,0.018,0.5643,False,Device is trust-compliant.,False,
19,Long Inactivity,phone,Normal,0.0,1.0,0.9841,0.018,0.5626,False,Device is trust-compliant.,False,
20,Long Inactivity,phone,Normal,0.0,1.0,0.9889,0.018,0.5615,False,Device is trust-compliant.,False,
21,Long Inactivity,phone,Normal,0.0,1.0,0.9925,0.018,0.5606,False,Device is trust-compliant.,False,
22,Long Inactivity,phone,Normal,0.0,1.0,0.9949,0.018,0.56,False,Device is trust-compliant.,False,
23,Long Inactivity,phone,Normal,0.0,1.0,0.9795,0.018,0.5638,False,Device is trust-compliant.,False,
24,Long Inactivity,phone,Normal,0.0,1.0,0.9691,0.018,0.5663,False,Device is trust-compliant.,False,
25,Long Inactivity,phone,Normal,0.0,1.0,0.962,0.018,0.5681,False,Device is trust-compliant.,False,
26,Long Inactivity,phone,Normal,0.0,1.0,0.9572,0.018,0.5693,False,Device is trust-compliant.,False,
27,Long Inactivity,phone,Idle,0.0,1.0,0.9709,0.018,0.5659,False,Device is trust-compliant.,False,
28,Long Inactivity,phone,Idle,0.0,1.0,0.9632,0.018,0.5678,False,Device is trust-compliant.,False,
29,Long Inactivity,phone,Normal,0.0,1.0,0.958,0.018,0.5691,False,Device is trust-compliant.,False,
30,Long Inactivity,phone,Idle,0.0,1.0,0.9544,0.018,0.5699,False,Device is trust-compliant.,False,
31,Long Inactivity,phone,Normal,0.0,1.0,0.969,0.018,0.5664,False,Device is trust-compliant.,False,
32,Long Inactivity,phone,Normal,0.0,1.0,0.9619,0.018,0.5681,False,Device is trust-compliant.,False,
33,Long Inactivity,phone,Normal,0.0,1.0,0.9741,0.018,0.5651,False,Device is trust-compliant.,False,
34,Long Inactivity,phone,Normal,0.0,1.0,0.9654,0.018,0.5672,False,Device is trust-compliant.,False,
35,Long Inactivity,phone,Normal,0.0,1.0,0.9595,0.018,0.5687,False,Device is trust-compliant.,False,
36,Long Inactivity,phone,Normal,0.0,1.0,0.9555,0.018,0.5697,False,Device is trust-compliant.,False,
37,Long Inactivity,phone,Normal,0.0,1.0,0.9527,0.018,0.5704,False,Device is trust-compliant.,False,
38,Long Inactivity,phone,Normal,0.0,1.0,0.9508,0.018,0.5708,False,Device is trust-compliant.,False,
39,Long Inactivity,phone,Normal,0.0,1.0,0.9665,0.018,0.567,False,Device is trust-compliant.,False,
40,Long Inactivity,phone,Normal,0.0,1.0,0.9602,0.018,0.5685,False,Device is trust-compliant.,False,
1,Long Inactivity,phone,Idle,0.0974,0.9026,0.98,0.0701,0.0865,False,trust-compliant,False,
1,Long Inactivity,laptop,Idle,0.109,0.891,0.98,0.0647,0.0913,False,trust-compliant,False,
2,Long Inactivity,phone,Normal,0.0,1.0,0.9687,0.018,0.5664,False,trust-compliant,False,
2,Long Inactivity,laptop,Idle,0.0,1.0,0.9877,0.018,0.5618,False,trust-compliant,False,
3,Long Inactivity,phone,Idle,0.0,1.0,0.9608,0.018,0.5684,False,trust-compliant,False,
3,Long Inactivity,laptop,Idle,0.0,1.0,0.977,0.018,0.5644,False,trust-compliant,False,
4,Long Inactivity,phone,Idle,0.0,1.0,0.9553,0.018,0.5697,False,trust-compliant,False,
4,Long Inactivity,laptop,Idle,0.0,1.0,0.9704,0.018,0.566,False,trust-compliant,False,
5,Long Inactivity,phone,Normal,0.0,1.0,0.9515,0.018,0.5706,False,trust-compliant,False,
5,Long Inactivity,laptop,Normal,0.0,1.0,0.9664,0.018,0.567,False,trust-compliant,False,
6,Long Inactivity,phone,Normal,0.0,1.0,0.9488,0.018,0.5713,False,trust-compliant,False,
6,Long Inactivity,laptop,Normal,0.0,1.0,0.9639,0.018,0.5676,False,trust-compliant,False,
7,Long Inactivity,phone,Normal,0.0,1.0,0.947,0.018,0.5718,False,trust-compliant,False,
7,Long Inactivity,laptop,Normal,0.0,1.0,0.9624,0.018,0.568,False,trust-compliant,False,
8,Long Inactivity,phone,Normal,0.0,1.0,0.9457,0.018,0.5721,False,trust-compliant,False,
8,Long Inactivity,laptop,Normal,0.0,1.0,0.9614,0.018,0.5682,False,trust-compliant,False,
9,Long Inactivity,phone,Normal,0.0,1.0,0.9622,0.018,0.568,False,trust-compliant,False,
9,Long Inactivity,laptop,Normal,0.0,1.0,0.9608,0.018,0.5684,False,trust-compliant,False,
10,Long Inactivity,phone,Normal,0.0,1.0,0.9737,0.018,0.5652,False,trust-compliant,False,
10,Long Inactivity,laptop,Normal,0.0,1.0,0.9698,0.018,0.5662,False,trust-compliant,False,
11,Long Inactivity,phone,Normal,0.0,1.0,0.9817,0.018,0.5632,False,Device is trust-compliant.,False,
11,Long Inactivity,laptop,Normal,0.0,1.0,0.9767,0.018,0.5645,False,Device is trust-compliant.,False,
12,Long Inactivity,phone,Normal,0.0,1.0,0.9876,0.018,0.5618,False,Device is trust-compliant.,False,
12,Long Inactivity,laptop,Normal,0.0,1.0,0.9821,0.018,0.5631,False,Device is trust-compliant.,False,
13,Long Inactivity,phone,Normal,0.0,1.0,0.9916,0.018,0.5608,False,Device is trust-compliant.,False,
13,Long Inactivity,laptop,Normal,0.0,1.0,0.9862,0.018,0.5621,True,Inactivity timer expired (Epoch Gap: 5 >= 5),True,13
14,Long Inactivity,phone,Normal,0.0,1.0,0.9943,0.018,0.5601,False,Device is trust-compliant.,False,
15,Long Inactivity,phone,Normal,0.0,1.0,0.9961,0.018,0.5597,False,Device is trust-compliant.,False,
16,Long Inactivity,phone,Normal,0.0,1.0,0.9803,0.018,0.5636,False,Device is trust-compliant.,False,
17,Long Inactivity,phone,Normal,0.0,1.0,0.9863,0.018,0.5621,False,Device is trust-compliant.,False,
18,Long Inactivity,phone,Normal,0.0,1.0,0.9905,0.018,0.5611,False,Device is trust-compliant.,False,
19,Long Inactivity,phone,Normal,0.0,1.0,0.9934,0.018,0.5604,False,Device is trust-compliant.,False,
20,Long Inactivity,phone,Normal,0.0,1.0,0.978,0.018,0.5641,False,Device is trust-compliant.,False,
21,Long Inactivity,phone,Normal,0.0,1.0,0.985,0.018,0.5624,False,Device is trust-compliant.,False,
22,Long Inactivity,phone,Normal,0.0021,0.9979,0.9895,0.018,0.5621,False,Device is trust-compliant.,False,
23,Long Inactivity,phone,Normal,0.0,1.0,0.9929,0.018,0.5605,False,Device is trust-compliant.,False,
24,Long Inactivity,phone,Normal,0.0,1.0,0.9272,0.018,0.5766,False,Device is trust-compliant.,False,
25,Long Inactivity,phone,Normal,0.0,1.0,0.8825,0.018,0.5875,False,Device is trust-compliant.,False,
26,Long Inactivity,phone,Normal,0.0,1.0,0.8521,0.018,0.5948,False,Device is trust-compliant.,False,
27,Long Inactivity,phone,Normal,0.0,1.0,0.8994,0.018,0.5834,False,Device is trust-compliant.,False,
28,Long Inactivity,phone,Normal,0.0,1.0,0.9316,0.018,0.5755,False,Device is trust-compliant.,False,
29,Long Inactivity,phone,Normal,0.0,1.0,0.9535,0.018,0.5702,False,Device is trust-compliant.,False,
30,Long Inactivity,phone,Normal,0.0,1.0,0.9684,0.018,0.5665,False,Device is trust-compliant.,False,
31,Long Inactivity,phone,Normal,0.0,1.0,0.9105,0.018,0.5807,False,Device is trust-compliant.,False,
32,Long Inactivity,phone,Normal,0.0,1.0,0.9391,0.018,0.5737,False,Device is trust-compliant.,False,
33,Long Inactivity,phone,Normal,0.0,1.0,0.8906,0.018,0.5855,False,Device is trust-compliant.,False,
34,Long Inactivity,phone,Normal,0.0,1.0,0.9256,0.018,0.577,False,Device is trust-compliant.,False,
35,Long Inactivity,phone,Normal,0.0,1.0,0.9494,0.018,0.5712,False,Device is trust-compliant.,False,
36,Long Inactivity,phone,Normal,0.0,1.0,0.9656,0.018,0.5672,False,Device is trust-compliant.,False,
37,Long Inactivity,phone,Normal,0.0,1.0,0.9766,0.018,0.5645,False,Device is trust-compliant.,False,
38,Long Inactivity,phone,Normal,0.0,1.0,0.9161,0.018,0.5793,False,Device is trust-compliant.,False,
39,Long Inactivity,phone,Normal,0.0,1.0,0.9429,0.018,0.5728,False,Device is trust-compliant.,False,
40,Long Inactivity,phone,Normal,0.0,1.0,0.9612,0.018,0.5683,False,Device is trust-compliant.,False,
1,Long Inactivity,phone,Idle,0.123,0.877,0.98,0.0451,0.0919,False,trust-compliant,False,
1,Long Inactivity,laptop,Idle,0.0516,0.9484,0.98,0.0209,0.0393,False,trust-compliant,False,
2,Long Inactivity,phone,Normal,0.0,1.0,0.9687,0.018,0.5664,False,trust-compliant,False,
2,Long Inactivity,laptop,Idle,0.0,1.0,0.9723,0.018,0.5655,False,trust-compliant,False,
3,Long Inactivity,phone,Idle,0.0,1.0,0.9608,0.018,0.5684,False,trust-compliant,False,
3,Long Inactivity,laptop,Normal,0.0,1.0,0.9675,0.018,0.5667,False,trust-compliant,False,
4,Long Inactivity,phone,Normal,0.0,1.0,0.9553,0.018,0.5697,False,trust-compliant,False,
4,Long Inactivity,laptop,Normal,0.0,1.0,0.9646,0.018,0.5674,False,trust-compliant,False,
5,Long Inactivity,phone,Idle,0.0,1.0,0.9515,0.018,0.5706,False,trust-compliant,False,
5,Long Inactivity,laptop,Normal,0.0,1.0,0.9628,0.018,0.5679,False,trust-compliant,False,
6,Long Inactivity,phone,Idle,0.0,1.0,0.9488,0.018,0.5713,False,trust-compliant,False,
6,Long Inactivity,laptop,Idle,0.0,1.0,0.9617,0.018,0.5681,False,trust-compliant,False,
7,Long Inactivity,phone,Normal,0.0,1.0,0.8948,0.018,0.5845,False,trust-compliant,False,
7,Long Inactivity,laptop,Normal,0.0,1.0,0.961,0.018,0.5683,False,trust-compliant,False,
8,Long Inactivity,phone,Normal,0.0,1.0,0.9268,0.018,0.5767,False,trust-compliant,False,
8,Long Inactivity,laptop,Normal,0.0,1.0,0.9606,0.018,0.5684,False,trust-compliant,False,
9,Long Inactivity,phone,Normal,0.002,0.998,0.8819,0.018,0.5883,False,trust-compliant,False,
9,Long Inactivity,laptop,Normal,0.0,1.0,0.9757,0.018,0.5647,False,trust-compliant,False,
10,Long Inactivity,phone,Normal,0.0,1.0,0.9197,0.018,0.5784,False,trust-compliant,False,
10,Long Inactivity,laptop,Normal,0.0,1.0,0.9813,0.018,0.5633,False,trust-compliant,False,
11,Long Inactivity,phone,Normal,0.0,1.0,0.8774,0.018,0.5887,False,Device is trust-compliant.,False,
11,Long Inactivity,laptop,Normal,0.0,1.0,0.9856,0.018,0.5623,False,Device is trust-compliant.,False,
12,Long Inactivity,phone,Normal,0.0,1.0,0.9166,0.018,0.5792,False,Device is trust-compliant.,False,
12,Long Inactivity,laptop,Normal,0.0,1.0,0.9889,0.018,0.5615,False,Device is trust-compliant.,False,
13,Long Inactivity,phone,Normal,0.0,1.0,0.9433,0.018,0.5727,False,Device is trust-compliant.,False,
13,Long Inactivity,laptop,Normal,0.0,1.0,0.9915,0.018,0.5608,True,Inactivity timer expired (Epoch Gap: 5 >= 5),True,13
14,Long Inactivity,phone,Normal,0.0,1.0,0.9614,0.018,0.5682,False,Device is trust-compliant.,False,
15,Long Inactivity,phone,Normal,0.0,1.0,0.9738,0.018,0.5652,False,Device is trust-compliant.,False,
16,Long Inactivity,phone,Normal,0.0,1.0,0.9142,0.018,0.5798,False,Device is trust-compliant.,False,
17,Long Inactivity,phone,Normal,0.0,1.0,0.9247,0.018,0.5772,False,Device is trust-compliant.,False,
18,Long Inactivity,phone,Normal,0.0,1.0,0.8808,0.018,0.5879,False,Device is trust-compliant.,False,
19,Long Inactivity,phone,Normal,0.0,1.0,0.8509,0.018,0.5951,False,Device is trust-compliant.,False,
20,Long Inactivity,phone,Normal,0.0,1.0,0.8986,0.018,0.5836,False,Device is trust-compliant.,False,
21,Long Inactivity,phone,Normal,0.0,1.0,0.863,0.018,0.5922,False,Device is trust-compliant.,False,
22,Long Inactivity,phone,Normal,0.0,1.0,0.8388,0.018,0.598,False,Device is trust-compliant.,False,
23,Long Inactivity,phone,Normal,0.0,1.0,0.8904,0.018,0.5856,False,Device is trust-compliant.,False,
24,Long Inactivity,phone,Normal,0.0,1.0,0.9255,0.018,0.577,False,Device is trust-compliant.,False,
25,Long Inactivity,phone,Normal,0.0,1.0,0.8813,0.018,0.5878,False,Device is trust-compliant.,False,
26,Long Inactivity,phone,Normal,0.0,1.0,0.9193,0.018,0.5785,False,Device is trust-compliant.,False,
27,Long Inactivity,phone,Normal,0.0,1.0,0.8771,0.018,0.5888,False,Device is trust-compliant.,False,
28,Long Inactivity,phone,Normal,0.0,1.0,0.9164,0.018,0.5792,False,Device is trust-compliant.,False,
29,Long Inactivity,phone,Normal,0.0,1.0,0.8752,0.018,0.5892,False,Device is trust-compliant.,False,
30,Long Inactivity,phone,Normal,0.0,1.0,0.8981,0.018,0.5837,False,Device is trust-compliant.,False,
31,Long Inactivity,phone,Normal,0.0,1.0,0.9307,0.018,0.5757,False,Device is trust-compliant.,False,
32,Long Inactivity,phone,Normal,0.0,1.0,0.9359,0.018,0.5745,False,Device is trust-compliant.,False,
33,Long Inactivity,phone,Normal,0.0,1.0,0.9394,0.018,0.5736,False,Device is trust-compliant.,False,
34,Long Inactivity,phone,Normal,0.0,1.0,0.9588,0.018,0.5689,False,Device is trust-compliant.,False,
35,Long Inactivity,phone,Normal,0.0,1.0,0.955,0.018,0.5698,False,Device is trust-compliant.,False,
36,Long Inactivity,phone,Normal,0.0,1.0,0.9524,0.018,0.5704,False,Device is trust-compliant.,False,
37,Long Inactivity,phone,Normal,0.0,1.0,0.9676,0.018,0.5667,False,Device is trust-compliant.,False,
38,Long Inactivity,phone,Normal,0.0,1.0,0.978,0.018,0.5641,False,Device is trust-compliant.,False,
39,Long Inactivity,phone,Normal,0.0,1.0,0.985,0.018,0.5624,False,Device is trust-compliant.,False,
40,Long Inactivity,phone,Normal,0.0,1.0,0.9896,0.018,0.5613,False,Device is trust-compliant.,False,
1,Battery Failure,phone,Idle,0.0676,0.9324,0.98,0.0176,0.0476,False,trust-compliant,False,
1,Battery Failure,laptop,Idle,0.0916,0.9084,0.98,0.065,0.0809,False,trust-compliant,False,
2,Battery Failure,phone,Normal,0.0,1.0,0.9861,0.018,0.5622,False,trust-compliant,False,
2,Battery Failure,laptop,Normal,0.0,1.0,0.9723,0.018,0.5655,False,trust-compliant,False,
3,Battery Failure,phone,Normal,0.0,1.0,0.9729,0.018,0.5654,False,trust-compliant,False,
3,Battery Failure,laptop,Idle,0.0,1.0,0.9675,0.018,0.5667,False,trust-compliant,False,
4,Battery Failure,phone,Normal,0.0,1.0,0.9637,0.018,0.5677,False,trust-compliant,False,
4,Battery Failure,laptop,Normal,0.0,1.0,0.9646,0.018,0.5674,False,trust-compliant,False,
5,Battery Failure,phone,Idle,0.0,1.0,0.9573,0.018,0.5692,False,trust-compliant,False,
5,Battery Failure,laptop,Idle,0.0,1.0,0.9628,0.018,0.5679,False,trust-compliant,False,
6,Battery Failure,phone,Normal,0.0,1.0,0.9529,0.018,0.5703,False,trust-compliant,False,
6,Battery Failure,laptop,Normal,0.0,1.0,0.9617,0.018,0.5681,False,trust-compliant,False,
7,Battery Failure,phone,Normal,0.0,1.0,0.9498,0.018,0.5711,False,trust-compliant,False,
7,Battery Failure,laptop,Normal,0.0,1.0,0.9764,0.018,0.5645,False,trust-compliant,False,
8,Battery Failure,phone,Normal,0.0,1.0,0.9651,0.018,0.5673,False,trust-compliant,False,
8,Battery Failure,laptop,Normal,0.0,1.0,0.9855,0.018,0.5623,False,trust-compliant,False,
9,Battery Failure,phone,Normal,0.0,1.0,0.9061,0.018,0.5817,False,trust-compliant,False,
9,Battery Failure,laptop,Normal,0.0,1.0,0.9757,0.018,0.5647,False,trust-compliant,False,
10,Battery Failure,phone,Normal,0.0,1.0,0.9346,0.018,0.5748,False,trust-compliant,False,
10,Battery Failure,laptop,Normal,0.0,1.0,0.985,0.018,0.5624,False,trust-compliant,False,
11,Battery Failure,phone,Normal,0.0,1.0,0.9545,0.018,0.5699,False,Device is trust-compliant.,False,
11,Battery Failure,laptop,Normal,0.0,1.0,0.9908,0.018,0.561,False,Device is trust-compliant.,False,
12,Battery Failure,phone,Normal,0.0,1.0,0.9691,0.018,0.5663,False,Device is trust-compliant.,False,
12,Battery Failure,laptop,Normal,0.0,1.0,0.9789,0.018,0.5639,False,Device is trust-compliant.,False,
13,Battery Failure,phone,Normal,0.0,1.0,0.8515,0.018,0.595,False,Device is trust-compliant.,False,
13,Battery Failure,laptop,Normal,0.0,1.0,0.9873,0.018,0.5619,False,Device is trust-compliant.,False,
14,Battery Failure,phone,Normal,0.0,1.0,0.8966,0.018,0.584,False,Device is trust-compliant.,False,
14,Battery Failure,laptop,Normal,0.0,1.0,0.9924,0.018,0.5606,False,Device is trust-compliant.,False,
15,Battery Failure,phone,Normal,0.0,1.0,0.91,0.018,0.5808,False,Device is trust-compliant.,False,
15,Battery Failure,laptop,Normal,0.0003,0.9997,0.9954,0.018,0.56,False,Device is trust-compliant.,False,
16,Battery Failure,phone,Normal,0.0,1.0,0.9217,0.018,0.5779,False,Device is trust-compliant.,False,
16,Battery Failure,laptop,Normal,0.0,1.0,0.9972,0.018,0.5594,False,Device is trust-compliant.,False,
17,Battery Failure,phone,Normal,0.0,1.0,0.9319,0.018,0.5754,False,Device is trust-compliant.,False,
17,Battery Failure,laptop,Normal,0.0,1.0,0.9983,0.018,0.5591,False,Device is trust-compliant.,False,
18,Battery Failure,phone,Normal,0.0,1.0,0.9408,0.018,0.5733,False,Device is trust-compliant.,False,
18,Battery Failure,laptop,Normal,0.0,1.0,0.999,0.018,0.559,False,Device is trust-compliant.,False,
19,Battery Failure,phone,Normal,0.0,1.0,0.9597,0.018,0.5686,False,Device is trust-compliant.,False,
19,Battery Failure,laptop,Normal,0.0,1.0,0.9994,0.018,0.5589,False,Device is trust-compliant.,False,
20,Battery Failure,phone,Normal,0.0,1.0,0.972,0.018,0.5656,False,Device is trust-compliant.,False,
20,Battery Failure,laptop,Normal,0.0,1.0,0.9396,0.018,0.5736,False,Device is trust-compliant.,False,
21,Battery Failure,phone,Normal,0.0,1.0,0.9805,0.018,0.5635,False,Device is trust-compliant.,False,
21,Battery Failure,laptop,Normal,0.0,1.0,0.9488,0.018,0.5713,False,Device is trust-compliant.,False,
22,Battery Failure,phone,Normal,0.0,1.0,0.9864,0.018,0.5621,False,Device is trust-compliant.,False,
22,Battery Failure,laptop,Normal,0.0,1.0,0.9693,0.018,0.5663,False,Device is trust-compliant.,False,
23,Battery Failure,phone,Normal,0.0,1.0,0.9905,0.018,0.5611,False,Device is trust-compliant.,False,
23,Battery Failure,laptop,Normal,0.0,1.0,0.9816,0.018,0.5633,False,Device is trust-compliant.,False,
24,Battery Failure,phone,Idle,0.0,1.0,0.9238,0.018,0.5774,False,Device is trust-compliant.,False,
24,Battery Failure,laptop,Normal,0.0,1.0,0.974,0.018,0.5651,False,Device is trust-compliant.,False,
25,Battery Failure,phone,Idle,0.0,1.0,0.9296,0.018,0.576,False,Device is trust-compliant.,False,
25,Battery Failure,laptop,Normal,0.0,1.0,0.9694,0.018,0.5663,False,Device is trust-compliant.,False,
26,Battery Failure,phone,Idle,0.0,1.0,0.9336,0.018,0.575,False,Device is trust-compliant.,False,
26,Battery Failure,laptop,Normal,0.0,1.0,0.9666,0.018,0.5669,False,Device is trust-compliant.,False,
27,Battery Failure,phone,Normal,0.0,1.0,0.9538,0.018,0.5701,False,Device is trust-compliant.,False,
27,Battery Failure,laptop,Normal,0.0,1.0,0.965,0.018,0.5673,False,Device is trust-compliant.,False,
28,Battery Failure,phone,Idle,0.0,1.0,0.9504,0.018,0.5709,False,Device is trust-compliant.,False,
28,Battery Failure,laptop,Normal,0.0,1.0,0.964,0.018,0.5676,False,Device is trust-compliant.,False,
29,Battery Failure,phone,Idle,0.0,1.0,0.9655,0.018,0.5672,False,Device is trust-compliant.,False,
29,Battery Failure,laptop,Normal,0.0,1.0,0.9634,0.018,0.5677,False,Device is trust-compliant.,False,
30,Battery Failure,phone,Idle,0.0,1.0,0.9586,0.018,0.5689,False,Device is trust-compliant.,False,
30,Battery Failure,laptop,Normal,0.0,1.0,0.963,0.018,0.5678,False,Device is trust-compliant.,False,
31,Battery Failure,phone,Normal,0.0,1.0,0.9538,0.018,0.5701,False,Device is trust-compliant.,False,
31,Battery Failure,laptop,Normal,0.0,1.0,0.9628,0.018,0.5679,False,Device is trust-compliant.,False,
32,Battery Failure,phone,Normal,0.0,1.0,0.8982,0.018,0.5837,False,Device is trust-compliant.,False,
32,Battery Failure,laptop,Normal,0.0,1.0,0.9627,0.018,0.5679,False,Device is trust-compliant.,False,
33,Battery Failure,phone,Normal,0.0,1.0,0.9308,0.018,0.5757,False,Device is trust-compliant.,False,
33,Battery Failure,laptop,Normal,0.0,1.0,0.9626,0.018,0.5679,False,Device is trust-compliant.,False,
34,Battery Failure,phone,Normal,0.0,1.0,0.9529,0.018,0.5703,False,Device is trust-compliant.,False,
34,Battery Failure,laptop,Normal,0.0,1.0,0.9626,0.018,0.5679,False,Device is trust-compliant.,False,
35,Battery Failure,phone,Normal,0.0,1.0,0.968,0.018,0.5666,False,Device is trust-compliant.,False,
35,Battery Failure,laptop,Normal,0.0,1.0,0.9626,0.018,0.5679,False,Device is trust-compliant.,False,
36,Battery Failure,phone,Normal,0.0,1.0,0.9782,0.018,0.5641,False,Device is trust-compliant.,False,
36,Battery Failure,laptop,Normal,0.0,1.0,0.9776,0.018,0.5642,False,Device is trust-compliant.,False,
37,Battery Failure,phone,Normal,0.0,1.0,0.9848,0.018,0.5625,False,Device is trust-compliant.,False,
37,Battery Failure,laptop,Normal,0.0,1.0,0.9266,0.018,0.5767,False,Device is trust-compliant.,False,
38,Battery Failure,phone,Normal,0.0,1.0,0.9894,0.018,0.5613,False,Device is trust-compliant.,False,
38,Battery Failure,laptop,Normal,0.0,1.0,0.956,0.018,0.5695,False,Device is trust-compliant.,False,
39,Battery Failure,phone,Normal,0.0,1.0,0.9928,0.018,0.5605,False,Device is trust-compliant.,False,
39,Battery Failure,laptop,Normal,0.0,1.0,0.9136,0.018,0.5799,False,Device is trust-compliant.,False,
40,Battery Failure,phone,Normal,0.0,1.0,0.9781,0.018,0.5641,False,Device is trust-compliant.,False,
40,Battery Failure,laptop,Normal,0.0,1.0,0.9482,0.018,0.5715,False,Device is trust-compliant.,False,
1,Battery Failure,phone,Idle,0.0845,0.9155,0.98,0.0334,0.064,False,trust-compliant,False,
1,Battery Failure,laptop,Idle,0.0534,0.9466,0.98,0.0436,0.0495,False,trust-compliant,False,
2,Battery Failure,phone,Normal,0.0,1.0,0.9687,0.018,0.5664,False,trust-compliant,False,
2,Battery Failure,laptop,Idle,0.0,1.0,0.9261,0.018,0.5769,False,trust-compliant,False,
3,Battery Failure,phone,Idle,0.0,1.0,0.9608,0.018,0.5684,False,trust-compliant,False,
3,Battery Failure,laptop,Idle,0.0,1.0,0.9391,0.018,0.5737,False,trust-compliant,False,
4,Battery Failure,phone,Normal,0.0,1.0,0.9553,0.018,0.5697,False,trust-compliant,False,
4,Battery Failure,laptop,Idle,0.0,1.0,0.9471,0.018,0.5717,False,trust-compliant,False,
5,Battery Failure,phone,Idle,0.0,1.0,0.9689,0.018,0.5664,False,trust-compliant,False,
5,Battery Failure,laptop,Idle,0.0,1.0,0.952,0.018,0.5705,False,trust-compliant,False,
6,Battery Failure,phone,Idle,0.0,1.0,0.9784,0.018,0.564,False,trust-compliant,False,
6,Battery Failure,laptop,Idle,0.0,1.0,0.9088,0.018,0.5811,False,trust-compliant,False,
7,Battery Failure,phone,Normal,0.0,1.0,0.985,0.018,0.5624,False,trust-compliant,False,
7,Battery Failure,laptop,Normal,0.0,1.0,0.9284,0.018,0.5763,False,trust-compliant,False,
8,Battery Failure,phone,Normal,0.0,1.0,0.9896,0.018,0.5613,False,trust-compliant,False,
8,Battery Failure,laptop,Normal,0.0,1.0,0.9405,0.018,0.5733,False,trust-compliant,False,
9,Battery Failure,phone,Normal,0.0,1.0,0.9928,0.018,0.5605,False,trust-compliant,False,
9,Battery Failure,laptop,Normal,0.0,1.0,0.9479,0.018,0.5715,False,trust-compliant,False,
10,Battery Failure,phone,Normal,0.0,1.0,0.995,0.018,0.56,False,trust-compliant,False,
10,Battery Failure,laptop,Normal,0.0,1.0,0.9679,0.018,0.5666,False,trust-compliant,False,
11,Battery Failure,phone,Normal,0.0,1.0,0.9269,0.018,0.5767,False,Device is trust-compliant.,False,
11,Battery Failure,laptop,Normal,0.0,1.0,0.9807,0.018,0.5635,False,Device is trust-compliant.,False,
12,Battery Failure,phone,Normal,0.0,1.0,0.9491,0.018,0.5712,False,Device is trust-compliant.,False,
12,Battery Failure,laptop,Normal,0.0,1.0,0.9884,0.018,0.5616,False,Device is trust-compliant.,False,
13,Battery Failure,phone,Normal,0.0,1.0,0.9646,0.018,0.5674,False,Device is trust-compliant.,False,
13,Battery Failure,laptop,Normal,0.0,1.0,0.9929,0.018,0.5605,False,Device is trust-compliant.,False,
14,Battery Failure,phone,Normal,0.0,1.0,0.9754,0.018,0.5648,False,Device is trust-compliant.,False,
14,Battery Failure,laptop,Normal,0.0,1.0,0.9957,0.018,0.5598,False,Device is trust-compliant.,False,
15,Battery Failure,phone,Normal,0.0,1.0,0.9786,0.018,0.564,False,Device is trust-compliant.,False,
15,Battery Failure,laptop,Normal,0.0,1.0,0.9824,0.018,0.5631,False,Device is trust-compliant.,False,
16,Battery Failure,phone,Normal,0.0,1.0,0.9814,0.018,0.5633,False,Device is trust-compliant.,False,
16,Battery Failure,laptop,Normal,0.0,1.0,0.9894,0.018,0.5613,False,Device is trust-compliant.,False,
17,Battery Failure,phone,Normal,0.0,1.0,0.9838,0.018,0.5627,False,Device is trust-compliant.,False,
17,Battery Failure,laptop,Normal,0.0,1.0,0.9936,0.018,0.5603,False,Device is trust-compliant.,False,
18,Battery Failure,phone,Normal,0.0,1.0,0.9859,0.018,0.5622,True,Inactivity timer expired (Epoch Gap: 5 >= 5),True,18
18,Battery Failure,laptop,Normal,0.0,1.0,0.9962,0.018,0.5597,False,Device is trust-compliant.,False,
19,Battery Failure,laptop,Normal,0.0,1.0,0.9977,0.018,0.5593,False,Device is trust-compliant.,False,
20,Battery Failure,laptop,Normal,0.0,1.0,0.9836,0.018,0.5628,False,Device is trust-compliant.,False,
21,Battery Failure,laptop,Normal,0.0,1.0,0.9899,0.018,0.5612,False,Device is trust-compliant.,False,
22,Battery Failure,laptop,Normal,0.0,1.0,0.9938,0.018,0.5603,False,Device is trust-compliant.,False,
23,Battery Failure,laptop,Normal,0.0,1.0,0.9963,0.018,0.5596,False,Device is trust-compliant.,False,
24,Battery Failure,laptop,Normal,0.0,1.0,0.9828,0.018,0.563,False,Device is trust-compliant.,False,
25,Battery Failure,laptop,Idle,0.0,1.0,0.9747,0.018,0.565,False,Device is trust-compliant.,False,
26,Battery Failure,laptop,Idle,0.0,1.0,0.9698,0.018,0.5662,False,Device is trust-compliant.,False,
27,Battery Failure,laptop,Normal,0.0,1.0,0.9669,0.018,0.5669,False,Device is trust-compliant.,False,
28,Battery Failure,laptop,Normal,0.0,1.0,0.9651,0.018,0.5673,False,Device is trust-compliant.,False,
29,Battery Failure,laptop,Normal,0.0,1.0,0.9641,0.018,0.5676,False,Device is trust-compliant.,False,
30,Battery Failure,laptop,Normal,0.0,1.0,0.9635,0.018,0.5677,False,Device is trust-compliant.,False,
31,Battery Failure,laptop,Normal,0.0,1.0,0.9631,0.018,0.5678,False,Device is trust-compliant.,False,
32,Battery Failure,laptop,Normal,0.0,1.0,0.9629,0.018,0.5679,False,Device is trust-compliant.,False,
33,Battery Failure,laptop,Normal,0.0,1.0,0.9627,0.018,0.5679,False,Device is trust-compliant.,False,
34,Battery Failure,laptop,Normal,0.0,1.0,0.977,0.018,0.5644,False,Device is trust-compliant.,False,
35,Battery Failure,laptop,Normal,0.0,1.0,0.9862,0.018,0.5621,False,Device is trust-compliant.,False,
36,Battery Failure,laptop,Normal,0.0,1.0,0.9917,0.018,0.5608,False,Device is trust-compliant.,False,
37,Battery Failure,laptop,Normal,0.0,1.0,0.995,0.018,0.56,False,Device is trust-compliant.,False,
38,Battery Failure,laptop,Normal,0.0,1.0,0.9969,0.018,0.5595,False,Device is trust-compliant.,False,
39,Battery Failure,laptop,Normal,0.0,1.0,0.9981,0.018,0.5592,False,Device is trust-compliant.,False,
40,Battery Failure,laptop,Normal,0.0,1.0,0.9988,0.018,0.559,False,Device is trust-compliant.,False,
1,Battery Failure,phone,Idle,0.0848,0.9152,0.98,0.0661,0.0773,False,trust-compliant,False,
1,Battery Failure,laptop,Idle,0.1348,0.8652,0.98,0.0171,0.0877,False,trust-compliant,False,
2,Battery Failure,phone,Idle,0.0,1.0,0.9687,0.018,0.5664,False,trust-compliant,False,
2,Battery Failure,laptop,Normal,0.0,1.0,0.9723,0.018,0.5655,False,trust-compliant,False,
3,Battery Failure,phone,Idle,0.0,1.0,0.9782,0.018,0.5641,False,trust-compliant,False,
3,Battery Failure,laptop,Idle,0.0,1.0,0.9829,0.018,0.5629,False,trust-compliant,False,
4,Battery Failure,phone,Normal,0.0,1.0,0.9674,0.018,0.5667,False,trust-compliant,False,
4,Battery Failure,laptop,Normal,0.0,1.0,0.9741,0.018,0.5651,False,trust-compliant,False,
5,Battery Failure,phone,Normal,0.0,1.0,0.9773,0.018,0.5643,False,trust-compliant,False,
5,Battery Failure,laptop,Normal,0.0,1.0,0.9686,0.018,0.5665,False,trust-compliant,False,
6,Battery Failure,phone,Idle,0.0,1.0,0.9668,0.018,0.5669,False,trust-compliant,False,
6,Battery Failure,laptop,Normal,0.0,1.0,0.9653,0.018,0.5673,False,trust-compliant,False,
7,Battery Failure,phone,Normal,0.0,1.0,0.9595,0.018,0.5687,False,trust-compliant,False,
7,Battery Failure,laptop,Normal,0.0,1.0,0.9632,0.018,0.5678,False,trust-compliant,False,
8,Battery Failure,phone,Normal,0.0,1.0,0.9544,0.018,0.5699,False,trust-compliant,False,
8,Battery Failure,laptop,Normal,0.0,1.0,0.9619,0.018,0.5681,False,trust-compliant,False,
9,Battery Failure,phone,Normal,0.0,1.0,0.9509,0.018,0.5708,False,trust-compliant,False,
9,Battery Failure,laptop,Normal,0.0,1.0,0.9771,0.018,0.5644,False,trust-compliant,False,
10,Battery Failure,phone,Normal,0.0,1.0,0.9658,0.018,0.5671,False,trust-compliant,False,
10,Battery Failure,laptop,Normal,0.0,1.0,0.9859,0.018,0.5622,False,trust-compliant,False,
11,Battery Failure,phone,Normal,0.0,1.0,0.9588,0.018,0.5689,False,Device is trust-compliant.,False,
11,Battery Failure,laptop,Normal,0.0,1.0,0.9913,0.018,0.5609,False,Device is trust-compliant.,False,
12,Battery Failure,phone,Normal,0.0,1.0,0.9017,0.018,0.5828,False,Device is trust-compliant.,False,
12,Battery Failure,laptop,Normal,0.0,1.0,0.9792,0.018,0.5638,False,Device is trust-compliant.,False,
13,Battery Failure,phone,Normal,0.0,1.0,0.9316,0.018,0.5755,False,Device is trust-compliant.,False,
13,Battery Failure,laptop,Normal,0.0,1.0,0.9872,0.018,0.5619,False,Device is trust-compliant.,False,
14,Battery Failure,phone,Normal,0.0,1.0,0.935,0.018,0.5747,False,Device is trust-compliant.,False,
14,Battery Failure,laptop,Normal,0.0,1.0,0.9923,0.018,0.5606,False,Device is trust-compliant.,False,
15,Battery Failure,phone,Normal,0.0,1.0,0.9435,0.018,0.5726,False,Device is trust-compliant.,False,
15,Battery Failure,laptop,Normal,0.0,1.0,0.9953,0.018,0.5599,False,Device is trust-compliant.,False,
16,Battery Failure,phone,Normal,0.0,1.0,0.9508,0.018,0.5708,False,Device is trust-compliant.,False,
16,Battery Failure,laptop,Normal,0.0,1.0,0.9972,0.018,0.5594,False,Device is trust-compliant.,False,
17,Battery Failure,phone,Normal,0.0,1.0,0.9572,0.018,0.5693,True,Inactivity timer expired (Epoch Gap: 5 >= 5),True,17
17,Battery Failure,laptop,Normal,0.0,1.0,0.9983,0.018,0.5591,False,Device is trust-compliant.,False,
18,Battery Failure,laptop,Normal,0.0,1.0,0.984,0.018,0.5627,False,Device is trust-compliant.,False,
19,Battery Failure,laptop,Normal,0.0,1.0,0.9904,0.018,0.5611,False,Device is trust-compliant.,False,
20,Battery Failure,laptop,Normal,0.0,1.0,0.9942,0.018,0.5602,False,Device is trust-compliant.,False,
21,Battery Failure,laptop,Normal,0.0,1.0,0.9965,0.018,0.5596,False,Device is trust-compliant.,False,
22,Battery Failure,laptop,Normal,0.0,1.0,0.9978,0.018,0.5593,False,Device is trust-compliant.,False,
23,Battery Failure,laptop,Normal,0.0,1.0,0.9986,0.018,0.5591,False,Device is trust-compliant.,False,
24,Battery Failure,laptop,Normal,0.0,1.0,0.9837,0.018,0.5627,False,Device is trust-compliant.,False,
25,Battery Failure,laptop,Idle,0.0,1.0,0.9746,0.018,0.565,False,Device is trust-compliant.,False,
26,Battery Failure,laptop,Normal,0.0,1.0,0.969,0.018,0.5664,False,Device is trust-compliant.,False,
27,Battery Failure,laptop,Idle,0.0,1.0,0.9655,0.018,0.5672,False,Device is trust-compliant.,False,
28,Battery Failure,laptop,Idle,0.0,1.0,0.9633,0.018,0.5678,False,Device is trust-compliant.,False,
29,Battery Failure,laptop,Idle,0.0,1.0,0.962,0.018,0.5681,False,Device is trust-compliant.,False,
30,Battery Failure,laptop,Idle,0.0,1.0,0.9612,0.018,0.5683,False,Device is trust-compliant.,False,
31,Battery Failure,laptop,Normal,0.0,1.0,0.9607,0.018,0.5684,False,Device is trust-compliant.,False,
32,Battery Failure,laptop,Normal,0.0,1.0,0.9604,0.018,0.5685,False,Device is trust-compliant.,False,
33,Battery Failure,laptop,Normal,0.0,1.0,0.9756,0.018,0.5647,False,Device is trust-compliant.,False,
34,Battery Failure,laptop,Normal,0.0,1.0,0.9696,0.018,0.5662,False,Device is trust-compliant.,False,
35,Battery Failure,laptop,Normal,0.0,1.0,0.9659,0.018,0.5671,False,Device is trust-compliant.,False,
36,Battery Failure,laptop,Normal,0.0,1.0,0.9795,0.018,0.5638,False,Device is trust-compliant.,False,
37,Battery Failure,laptop,Normal,0.0,1.0,0.9877,0.018,0.5618,False,Device is trust-compliant.,False,
38,Battery Failure,laptop,Normal,0.0,1.0,0.9926,0.018,0.5606,False,Device is trust-compliant.,False,
39,Battery Failure,laptop,Normal,0.0,1.0,0.9806,0.018,0.5635,False,Device is trust-compliant.,False,
40,Battery Failure,laptop,Normal,0.0,1.0,0.9884,0.018,0.5616,False,Device is trust-compliant.,False,
1,Battery Failure,phone,Normal,0.0251,0.9749,1.0,0.0204,0.0232,False,trust-compliant,False,
1,Battery Failure,laptop,Idle,0.1069,0.8931,0.98,0.0484,0.0835,False,trust-compliant,False,
2,Battery Failure,phone,Idle,0.0,1.0,0.9826,0.018,0.563,False,trust-compliant,False,
2,Battery Failure,laptop,Normal,0.0,1.0,0.9723,0.018,0.5655,False,trust-compliant,False,
3,Battery Failure,phone,Normal,0.0,1.0,0.9705,0.018,0.566,False,trust-compliant,False,
3,Battery Failure,laptop,Idle,0.0,1.0,0.9675,0.018,0.5667,False,trust-compliant,False,
4,Battery Failure,phone,Normal,0.0,1.0,0.9621,0.018,0.5681,False,trust-compliant,False,
4,Battery Failure,laptop,Idle,0.0,1.0,0.9646,0.018,0.5674,False,trust-compliant,False,
5,Battery Failure,phone,Normal,0.0,1.0,0.9562,0.018,0.5695,False,trust-compliant,False,
5,Battery Failure,laptop,Idle,0.0,1.0,0.9628,0.018,0.5679,False,trust-compliant,False,
6,Battery Failure,phone,Normal,0.0,1.0,0.9695,0.018,0.5662,False,trust-compliant,False,
6,Battery Failure,laptop,Normal,0.0,1.0,0.9617,0.018,0.5681,False,trust-compliant,False,
7,Battery Failure,phone,Normal,0.0,1.0,0.9614,0.018,0.5682,False,trust-compliant,False,
7,Battery Failure,laptop,Normal,0.0,1.0,0.961,0.018,0.5683,False,trust-compliant,False,
8,Battery Failure,phone,Normal,0.0,1.0,0.9557,0.018,0.5696,False,trust-compliant,False,
8,Battery Failure,laptop,Normal,0.0,1.0,0.976,0.018,0.5646,False,trust-compliant,False,
9,Battery Failure,phone,Normal,0.0,1.0,0.9518,0.018,0.5706,False,trust-compliant,False,
9,Battery Failure,laptop,Normal,0.0,1.0,0.9852,0.018,0.5624,False,trust-compliant,False,
10,Battery Failure,phone,Normal,0.0,1.0,0.9665,0.018,0.567,False,trust-compliant,False,
10,Battery Failure,laptop,Normal,0.0,1.0,0.9911,0.018,0.5609,False,trust-compliant,False,
11,Battery Failure,phone,Normal,0.0,1.0,0.9593,0.018,0.5687,False,Device is trust-compliant.,False,
11,Battery Failure,laptop,Normal,0.0,1.0,0.9347,0.018,0.5748,False,Device is trust-compliant.,False,
12,Battery Failure,phone,Normal,0.0,1.0,0.9543,0.018,0.57,False,Device is trust-compliant.,False,
12,Battery Failure,laptop,Normal,0.0,1.0,0.9608,0.018,0.5684,False,Device is trust-compliant.,False,
13,Battery Failure,phone,Normal,0.0,1.0,0.9682,0.018,0.5666,False,Device is trust-compliant.,False,
13,Battery Failure,laptop,Normal,0.0,1.0,0.9765,0.018,0.5645,False,Device is trust-compliant.,False,
14,Battery Failure,phone,Normal,0.0,1.0,0.9605,0.018,0.5684,False,Device is trust-compliant.,False,
14,Battery Failure,laptop,Normal,0.0,1.0,0.9709,0.018,0.5659,False,Device is trust-compliant.,False,
15,Battery Failure,phone,Normal,0.0,1.0,0.9656,0.018,0.5672,False,Device is trust-compliant.,False,
15,Battery Failure,laptop,Normal,0.0,1.0,0.9825,0.018,0.563,False,Device is trust-compliant.,False,
16,Battery Failure,phone,Normal,0.0,1.0,0.9701,0.018,0.5661,False,Device is trust-compliant.,False,
16,Battery Failure,laptop,Normal,0.0,1.0,0.9892,0.018,0.5614,False,Device is trust-compliant.,False,
17,Battery Failure,phone,Normal,0.0,1.0,0.974,0.018,0.5651,True,Inactivity timer expired (Epoch Gap: 5 >= 5),True,17
17,Battery Failure,laptop,Normal,0.0,1.0,0.9935,0.018,0.5603,False,Device is trust-compliant.,False,
18,Battery Failure,laptop,Normal,0.0,1.0,0.9961,0.018,0.5597,False,Device is trust-compliant.,False,
19,Battery Failure,laptop,Normal,0.0,1.0,0.9977,0.018,0.5593,False,Device is trust-compliant.,False,
20,Battery Failure,laptop,Normal,0.0,1.0,0.9836,0.018,0.5628,False,Device is trust-compliant.,False,
21,Battery Failure,laptop,Normal,0.0,1.0,0.9899,0.018,0.5612,False,Device is trust-compliant.,False,
22,Battery Failure,laptop,Normal,0.0,1.0,0.9938,0.018,0.5603,False,Device is trust-compliant.,False,
23,Battery Failure,laptop,Normal,0.0,1.0,0.9962,0.018,0.5597,False,Device is trust-compliant.,False,
24,Battery Failure,laptop,Idle,0.0,1.0,0.9823,0.018,0.5631,False,Device is trust-compliant.,False,
25,Battery Failure,laptop,Idle,0.0,1.0,0.9737,0.018,0.5652,False,Device is trust-compliant.,False,
26,Battery Failure,laptop,Idle,0.0,1.0,0.9684,0.018,0.5665,False,Device is trust-compliant.,False,
27,Battery Failure,laptop,Normal,0.0,1.0,0.9651,0.018,0.5673,False,Device is trust-compliant.,False,
28,Battery Failure,laptop,Normal,0.0,1.0,0.9631,0.018,0.5678,False,Device is trust-compliant.,False,
29,Battery Failure,laptop,Idle,0.0,1.0,0.9619,0.018,0.5681,False,Device is trust-compliant.,False,
30,Battery Failure,laptop,Normal,0.0,1.0,0.9611,0.018,0.5683,False,Device is trust-compliant.,False,
31,Battery Failure,laptop,Normal,0.0,1.0,0.9606,0.018,0.5684,False,Device is trust-compliant.,False,
32,Battery Failure,laptop,Normal,0.0,1.0,0.9757,0.018,0.5647,False,Device is trust-compliant.,False,
33,Battery Failure,laptop,Normal,0.0,1.0,0.9854,0.018,0.5623,False,Device is trust-compliant.,False,
34,Battery Failure,laptop,Normal,0.0,1.0,0.9912,0.018,0.5609,False,Device is trust-compliant.,False,
35,Battery Failure,laptop,Normal,0.0,1.0,0.9797,0.018,0.5637,False,Device is trust-compliant.,False,
36,Battery Failure,laptop,Normal,0.0,1.0,0.9878,0.018,0.5617,False,Device is trust-compliant.,False,
37,Battery Failure,laptop,Normal,0.0,1.0,0.9927,0.018,0.5605,False,Device is trust-compliant.,False,
38,Battery Failure,laptop,Normal,0.0,1.0,0.9956,0.018,0.5598,False,Device is trust-compliant.,False,
39,Battery Failure,laptop,Normal,0.0,1.0,0.9974,0.018,0.5594,False,Device is trust-compliant.,False,
40,Battery Failure,laptop,Normal,0.0,1.0,0.9984,0.018,0.5591,False,Device is trust-compliant.,False,
1,Battery Failure,phone,Normal,0.0603,0.9397,1.0,0.0203,0.0443,False,trust-compliant,False,
1,Battery Failure,laptop,Normal,0.05,0.95,1.0,0.0278,0.0411,False,trust-compliant,False,
2,Battery Failure,phone,Idle,0.0,1.0,0.9826,0.018,0.563,False,trust-compliant,False,
2,Battery Failure,laptop,Normal,0.0,1.0,0.9846,0.018,0.5625,False,trust-compliant,False,
3,Battery Failure,phone,Normal,0.0,1.0,0.9705,0.018,0.566,False,trust-compliant,False,
3,Battery Failure,laptop,Idle,0.0,1.0,0.9751,0.018,0.5649,False,trust-compliant,False,
4,Battery Failure,phone,Normal,0.0,1.0,0.9621,0.018,0.5681,False,trust-compliant,False,
4,Battery Failure,laptop,Idle,0.0,1.0,0.9847,0.018,0.5625,False,trust-compliant,False,
5,Battery Failure,phone,Idle,0.0,1.0,0.9562,0.018,0.5695,False,trust-compliant,False,
5,Battery Failure,laptop,Normal,0.0,1.0,0.9752,0.018,0.5648,False,trust-compliant,False,
6,Battery Failure,phone,Idle,0.0,1.0,0.9521,0.018,0.5705,False,trust-compliant,False,
6,Battery Failure,laptop,Normal,0.0,1.0,0.9693,0.018,0.5663,False,trust-compliant,False,
7,Battery Failure,phone,Normal,0.0,1.0,0.9667,0.018,0.5669,False,trust-compliant,False,
7,Battery Failure,laptop,Normal,0.0,1.0,0.9811,0.018,0.5634,False,trust-compliant,False,
8,Battery Failure,phone,Normal,0.0,1.0,0.9594,0.018,0.5687,False,trust-compliant,False,
8,Battery Failure,laptop,Normal,0.0,1.0,0.9884,0.018,0.5616,False,trust-compliant,False,
9,Battery Failure,phone,Normal,0.0,1.0,0.9717,0.018,0.5657,False,trust-compliant,False,
9,Battery Failure,laptop,Normal,0.0,1.0,0.9929,0.018,0.5605,False,trust-compliant,False,
10,Battery Failure,phone,Normal,0.0,1.0,0.9803,0.018,0.5636,False,trust-compliant,False,
10,Battery Failure,laptop,Normal,0.0,1.0,0.9802,0.018,0.5636,False,trust-compliant,False,
11,Battery Failure,phone,Normal,0.0,1.0,0.9689,0.018,0.5664,False,Device is trust-compliant.,False,
11,Battery Failure,laptop,Normal,0.0,1.0,0.9878,0.018,0.5617,False,Device is trust-compliant.,False,
12,Battery Failure,phone,Normal,0.0,1.0,0.9784,0.018,0.564,False,Device is trust-compliant.,False,
12,Battery Failure,laptop,Normal,0.0,1.0,0.9925,0.018,0.5606,False,Device is trust-compliant.,False,
13,Battery Failure,phone,Normal,0.0,1.0,0.9853,0.018,0.5623,False,Device is trust-compliant.,False,
13,Battery Failure,laptop,Normal,0.0,1.0,0.9955,0.018,0.5598,False,Device is trust-compliant.,False,
14,Battery Failure,phone,Normal,0.0,1.0,0.9898,0.018,0.5612,False,Device is trust-compliant.,False,
14,Battery Failure,laptop,Normal,0.0,1.0,0.9973,0.018,0.5594,False,Device is trust-compliant.,False,
15,Battery Failure,phone,Normal,0.0,1.0,0.9911,0.018,0.5609,False,Device is trust-compliant.,False,
15,Battery Failure,laptop,Normal,0.0,1.0,0.9984,0.018,0.5591,False,Device is trust-compliant.,False,
16,Battery Failure,phone,Normal,0.0,1.0,0.9923,0.018,0.5606,False,Device is trust-compliant.,False,
16,Battery Failure,laptop,Normal,0.0,1.0,0.999,0.018,0.559,False,Device is trust-compliant.,False,
17,Battery Failure,phone,Normal,0.0,1.0,0.9933,0.018,0.5604,False,Device is trust-compliant.,False,
17,Battery Failure,laptop,Normal,0.0,1.0,0.9994,0.018,0.5589,False,Device is trust-compliant.,False,
18,Battery Failure,phone,Normal,0.0,1.0,0.9942,0.018,0.5602,False,Device is trust-compliant.,False,
18,Battery Failure,laptop,Normal,0.0,1.0,0.9846,0.018,0.5625,False,Device is trust-compliant.,False,
19,Battery Failure,phone,Normal,0.0,1.0,0.996,0.018,0.5597,False,Device is trust-compliant.,False,
19,Battery Failure,laptop,Normal,0.0,1.0,0.9908,0.018,0.561,False,Device is trust-compliant.,False,
20,Battery Failure,phone,Normal,0.0,1.0,0.9798,0.018,0.5637,False,Device is trust-compliant.,False,
20,Battery Failure,laptop,Normal,0.0,1.0,0.9943,0.018,0.5601,False,Device is trust-compliant.,False,
21,Battery Failure,phone,Normal,0.0,1.0,0.9859,0.018,0.5622,False,Device is trust-compliant.,False,
21,Battery Failure,laptop,Normal,0.0,1.0,0.9349,0.018,0.5747,False,Device is trust-compliant.,False,
22,Battery Failure,phone,Normal,0.0,1.0,0.9728,0.018,0.5654,False,Device is trust-compliant.,False,
22,Battery Failure,laptop,Normal,0.0,1.0,0.9609,0.018,0.5683,False,Device is trust-compliant.,False,
23,Battery Failure,phone,Normal,0.0026,0.9974,0.9131,0.018,0.581,False,Device is trust-compliant.,False,
23,Battery Failure,laptop,Normal,0.0,1.0,0.9765,0.018,0.5645,False,Device is trust-compliant.,False,
24,Battery Failure,phone,Normal,0.0,1.0,0.9409,0.018,0.5732,False,Device is trust-compliant.,False,
24,Battery Failure,laptop,Idle,0.0,1.0,0.9709,0.018,0.5659,False,Device is trust-compliant.,False,
25,Battery Failure,phone,Normal,0.0,1.0,0.8918,0.018,0.5852,False,Device is trust-compliant.,False,
25,Battery Failure,laptop,Idle,0.0,1.0,0.9675,0.018,0.5667,False,Device is trust-compliant.,False,
26,Battery Failure,phone,Normal,0.0,1.0,0.8584,0.018,0.5933,False,Device is trust-compliant.,False,
26,Battery Failure,laptop,Normal,0.0,1.0,0.9805,0.018,0.5635,False,Device is trust-compliant.,False,
27,Battery Failure,phone,Normal,0.0,1.0,0.8867,0.018,0.5864,False,Device is trust-compliant.,False,
27,Battery Failure,laptop,Normal,0.0,1.0,0.9733,0.018,0.5653,False,Device is trust-compliant.,False,
28,Battery Failure,phone,Normal,0.0,1.0,0.855,0.018,0.5941,False,Device is trust-compliant.,False,
28,Battery Failure,laptop,Idle,0.0,1.0,0.984,0.018,0.5627,False,Device is trust-compliant.,False,
29,Battery Failure,phone,Normal,0.0,1.0,0.9014,0.018,0.5829,False,Device is trust-compliant.,False,
29,Battery Failure,laptop,Normal,0.0,1.0,0.9904,0.018,0.5611,False,Device is trust-compliant.,False,
30,Battery Failure,phone,Normal,0.0,1.0,0.865,0.018,0.5917,False,Device is trust-compliant.,False,
30,Battery Failure,laptop,Idle,0.0,1.0,0.9792,0.018,0.5638,False,Device is trust-compliant.,False,
31,Battery Failure,phone,Normal,0.0,1.0,0.9082,0.018,0.5812,False,Device is trust-compliant.,False,
31,Battery Failure,laptop,Normal,0.0,1.0,0.9725,0.018,0.5655,False,Device is trust-compliant.,False,
32,Battery Failure,phone,Normal,0.0,1.0,0.9376,0.018,0.5741,False,Device is trust-compliant.,False,
32,Battery Failure,laptop,Normal,0.0,1.0,0.9685,0.018,0.5665,False,Device is trust-compliant.,False,
33,Battery Failure,phone,Normal,0.0,1.0,0.9576,0.018,0.5692,False,Device is trust-compliant.,False,
33,Battery Failure,laptop,Normal,0.0,1.0,0.9806,0.018,0.5635,False,Device is trust-compliant.,False,
34,Battery Failure,phone,Normal,0.0,1.0,0.9032,0.018,0.5824,False,Device is trust-compliant.,False,
34,Battery Failure,laptop,Normal,0.0,1.0,0.988,0.018,0.5617,False,Device is trust-compliant.,False,
35,Battery Failure,phone,Normal,0.0,1.0,0.9342,0.018,0.5749,False,Device is trust-compliant.,False,
35,Battery Failure,laptop,Normal,0.0,1.0,0.9926,0.018,0.5606,False,Device is trust-compliant.,False,
36,Battery Failure,phone,Normal,0.0,1.0,0.9553,0.018,0.5697,False,Device is trust-compliant.,False,
36,Battery Failure,laptop,Normal,0.0,1.0,0.98,0.018,0.5637,False,Device is trust-compliant.,False,
37,Battery Failure,phone,Normal,0.0,1.0,0.9696,0.018,0.5662,False,Device is trust-compliant.,False,
37,Battery Failure,laptop,Normal,0.0,1.0,0.9723,0.018,0.5655,False,Device is trust-compliant.,False,
38,Battery Failure,phone,Normal,0.0,1.0,0.9113,0.018,0.5805,False,Device is trust-compliant.,False,
38,Battery Failure,laptop,Normal,0.0,1.0,0.9829,0.018,0.5629,False,Device is trust-compliant.,False,
39,Battery Failure,phone,Normal,0.0,1.0,0.9383,0.018,0.5739,False,Device is trust-compliant.,False,
39,Battery Failure,laptop,Normal,0.0,1.0,0.9895,0.018,0.5613,False,Device is trust-compliant.,False,
40,Battery Failure,phone,Normal,0.0,1.0,0.9571,0.018,0.5693,False,Device is trust-compliant.,False,
40,Battery Failure,laptop,Normal,0.0,1.0,0.9935,0.018,0.5603,False,Device is trust-compliant.,False,
1,Battery Failure,phone,Idle,0.07,0.93,0.98,0.0418,0.0587,False,trust-compliant,False,
1,Battery Failure,laptop,Normal,0.0594,0.9406,1.0,0.0675,0.0626,False,trust-compliant,False,
2,Battery Failure,phone,Idle,0.0,1.0,0.9687,0.018,0.5664,False,trust-compliant,False,
2,Battery Failure,laptop,Idle,0.0,1.0,0.9846,0.018,0.5625,False,trust-compliant,False,
3,Battery Failure,phone,Normal,0.0,1.0,0.9608,0.018,0.5684,False,trust-compliant,False,
3,Battery Failure,laptop,Idle,0.0,1.0,0.9751,0.018,0.5649,False,trust-compliant,False,
4,Battery Failure,phone,Idle,0.0,1.0,0.9553,0.018,0.5697,False,trust-compliant,False,
4,Battery Failure,laptop,Normal,0.0,1.0,0.9847,0.018,0.5625,False,trust-compliant,False,
5,Battery Failure,phone,Normal,0.0,1.0,0.9515,0.018,0.5706,False,trust-compliant,False,
5,Battery Failure,laptop,Normal,0.0,1.0,0.9752,0.018,0.5648,False,trust-compliant,False,
6,Battery Failure,phone,Normal,0.0,1.0,0.9488,0.018,0.5713,False,trust-compliant,False,
6,Battery Failure,laptop,Idle,0.0,1.0,0.9693,0.018,0.5663,False,trust-compliant,False,
7,Battery Failure,phone,Normal,0.0,1.0,0.947,0.018,0.5718,False,trust-compliant,False,
7,Battery Failure,laptop,Normal,0.0,1.0,0.9811,0.018,0.5634,False,trust-compliant,False,
8,Battery Failure,phone,Normal,0.0,1.0,0.964,0.018,0.5676,False,trust-compliant,False,
8,Battery Failure,laptop,Normal,0.0,1.0,0.9887,0.018,0.5615,False,trust-compliant,False,
9,Battery Failure,phone,Normal,0.0,1.0,0.9749,0.018,0.5649,False,trust-compliant,False,
9,Battery Failure,laptop,Normal,0.0,1.0,0.9932,0.018,0.5604,False,trust-compliant,False,
10,Battery Failure,phone,Normal,0.0,1.0,0.9829,0.018,0.5629,False,trust-compliant,False,
10,Battery Failure,laptop,Normal,0.0,1.0,0.9959,0.018,0.5597,False,trust-compliant,False,
11,Battery Failure,phone,Normal,0.0,1.0,0.9881,0.018,0.5617,False,Device is trust-compliant.,False,
11,Battery Failure,laptop,Normal,0.0,1.0,0.9821,0.018,0.5631,False,Device is trust-compliant.,False,
12,Battery Failure,phone,Normal,0.0,1.0,0.9919,0.018,0.5607,False,Device is trust-compliant.,False,
12,Battery Failure,laptop,Normal,0.0,1.0,0.9743,0.018,0.5651,False,Device is trust-compliant.,False,
13,Battery Failure,phone,Normal,0.0,1.0,0.9944,0.018,0.5601,False,Device is trust-compliant.,False,
13,Battery Failure,laptop,Normal,0.0,1.0,0.9846,0.018,0.5625,False,Device is trust-compliant.,False,
14,Battery Failure,phone,Normal,0.0,1.0,0.9787,0.018,0.564,False,Device is trust-compliant.,False,
14,Battery Failure,laptop,Normal,0.0,1.0,0.9908,0.018,0.561,False,Device is trust-compliant.,False,
15,Battery Failure,phone,Normal,0.0,1.0,0.9815,0.018,0.5633,False,Device is trust-compliant.,False,
15,Battery Failure,laptop,Normal,0.0,1.0,0.9945,0.018,0.5601,False,Device is trust-compliant.,False,
16,Battery Failure,phone,Normal,0.0,1.0,0.9839,0.018,0.5627,True,Inactivity timer expired (Epoch Gap: 5 >= 5),True,16
16,Battery Failure,laptop,Normal,0.0,1.0,0.9817,0.018,0.5632,False,Device is trust-compliant.,False,
17,Battery Failure,laptop,Normal,0.0,1.0,0.989,0.018,0.5614,False,Device is trust-compliant.,False,
18,Battery Failure,laptop,Normal,0.0,1.0,0.9934,0.018,0.5604,False,Device is trust-compliant.,False,
19,Battery Failure,laptop,Normal,0.0,1.0,0.981,0.018,0.5634,False,Device is trust-compliant.,False,
20,Battery Failure,laptop,Normal,0.0,1.0,0.9886,0.018,0.5615,False,Device is trust-compliant.,False,
21,Battery Failure,laptop,Normal,0.0,1.0,0.9932,0.018,0.5604,False,Device is trust-compliant.,False,
22,Battery Failure,laptop,Normal,0.0,1.0,0.9958,0.018,0.5598,False,Device is trust-compliant.,False,
23,Battery Failure,laptop,Normal,0.0,1.0,0.9974,0.018,0.5594,False,Device is trust-compliant.,False,
24,Battery Failure,laptop,Idle,0.0,1.0,0.983,0.018,0.5629,False,Device is trust-compliant.,False,
25,Battery Failure,laptop,Idle,0.0,1.0,0.9741,0.018,0.5651,False,Device is trust-compliant.,False,
26,Battery Failure,laptop,Idle,0.0,1.0,0.984,0.018,0.5627,False,Device is trust-compliant.,False,
27,Battery Failure,laptop,Normal,0.0,1.0,0.9747,0.018,0.565,False,Device is trust-compliant.,False,
28,Battery Failure,laptop,Idle,0.0,1.0,0.969,0.018,0.5664,False,Device is trust-compliant.,False,
29,Battery Failure,laptop,Idle,0.0,1.0,0.9809,0.018,0.5634,False,Device is trust-compliant.,False,
30,Battery Failure,laptop,Idle,0.0,1.0,0.9728,0.018,0.5654,False,Device is trust-compliant.,False,
31,Battery Failure,laptop,Normal,0.0,1.0,0.9678,0.018,0.5667,False,Device is trust-compliant.,False,
32,Battery Failure,laptop,Normal,0.0,1.0,0.9648,0.018,0.5674,False,Device is trust-compliant.,False,
33,Battery Failure,laptop,Normal,0.0,1.0,0.9789,0.018,0.5639,False,Device is trust-compliant.,False,
34,Battery Failure,laptop,Normal,0.0,1.0,0.9873,0.018,0.5619,False,Device is trust-compliant.,False,
35,Battery Failure,laptop,Normal,0.0,1.0,0.9924,0.018,0.5606,False,Device is trust-compliant.,False,
36,Battery Failure,laptop,Normal,0.0,1.0,0.9953,0.018,0.5599,False,Device is trust-compliant.,False,
37,Battery Failure,laptop,Normal,0.0,1.0,0.9972,0.018,0.5594,False,Device is trust-compliant.,False,
38,Battery Failure,laptop,Normal,0.0,1.0,0.9983,0.018,0.5591,False,Device is trust-compliant.,False,
39,Battery Failure,laptop,Normal,0.0,1.0,0.999,0.018,0.559,False,Device is trust-compliant.,False,
40,Battery Failure,laptop,Normal,0.0,1.0,0.9994,0.018,0.5589,False,Device is trust-compliant.,False,
1,Battery Failure,phone,Idle,0.1022,0.8978,0.98,0.0541,0.083,False,trust-compliant,False,
1,Battery Failure,laptop,Idle,0.1144,0.8856,0.98,0.0246,0.0785,False,trust-compliant,False,
2,Battery Failure,phone,Idle,0.0,1.0,0.9687,0.018,0.5664,False,trust-compliant,False,
2,Battery Failure,laptop,Normal,0.0,1.0,0.9723,0.018,0.5655,False,trust-compliant,False,
3,Battery Failure,phone,Normal,0.0,1.0,0.9608,0.018,0.5684,False,trust-compliant,False,
3,Battery Failure,laptop,Normal,0.0,1.0,0.9675,0.018,0.5667,False,trust-compliant,False,
4,Battery Failure,phone,Idle,0.0,1.0,0.9553,0.018,0.5697,False,trust-compliant,False,
4,Battery Failure,laptop,Idle,0.0,1.0,0.9646,0.018,0.5674,False,trust-compliant,False,
5,Battery Failure,phone,Normal,0.0,1.0,0.9515,0.018,0.5706,False,trust-compliant,False,
5,Battery Failure,laptop,Normal,0.0,1.0,0.9628,0.018,0.5679,False,trust-compliant,False,
6,Battery Failure,phone,Normal,0.0,1.0,0.9488,0.018,0.5713,False,trust-compliant,False,
6,Battery Failure,laptop,Idle,0.0,1.0,0.9617,0.018,0.5681,False,trust-compliant,False,
7,Battery Failure,phone,Normal,0.0,1.0,0.947,0.018,0.5718,False,trust-compliant,False,
7,Battery Failure,laptop,Normal,0.0,1.0,0.961,0.018,0.5683,False,trust-compliant,False,
8,Battery Failure,phone,Normal,0.0,1.0,0.9457,0.018,0.5721,False,trust-compliant,False,
8,Battery Failure,laptop,Normal,0.0,1.0,0.976,0.018,0.5646,False,trust-compliant,False,
9,Battery Failure,phone,Normal,0.0,1.0,0.9461,0.018,0.572,False,trust-compliant,False,
9,Battery Failure,laptop,Normal,0.0,1.0,0.9856,0.018,0.5623,False,trust-compliant,False,
10,Battery Failure,phone,Normal,0.0,1.0,0.9633,0.018,0.5678,False,trust-compliant,False,
10,Battery Failure,laptop,Normal,0.0,1.0,0.9314,0.018,0.5756,False,trust-compliant,False,
11,Battery Failure,phone,Normal,0.0,1.0,0.9745,0.018,0.565,False,Device is trust-compliant.,False,
11,Battery Failure,laptop,Normal,0.0,1.0,0.9438,0.018,0.5725,False,Device is trust-compliant.,False,
12,Battery Failure,phone,Normal,0.0,1.0,0.9827,0.018,0.563,False,Device is trust-compliant.,False,
12,Battery Failure,laptop,Normal,0.0,1.0,0.9663,0.018,0.567,False,Device is trust-compliant.,False,
13,Battery Failure,phone,Normal,0.0,1.0,0.988,0.018,0.5617,False,Device is trust-compliant.,False,
13,Battery Failure,laptop,Normal,0.0,1.0,0.9798,0.018,0.5637,False,Device is trust-compliant.,False,
14,Battery Failure,phone,Normal,0.0,1.0,0.9742,0.018,0.5651,False,Device is trust-compliant.,False,
14,Battery Failure,laptop,Normal,0.0,1.0,0.9879,0.018,0.5617,False,Device is trust-compliant.,False,
15,Battery Failure,phone,Normal,0.0,1.0,0.9776,0.018,0.5642,False,Device is trust-compliant.,False,
15,Battery Failure,laptop,Normal,0.0,1.0,0.9927,0.018,0.5605,False,Device is trust-compliant.,False,
16,Battery Failure,phone,Normal,0.0,1.0,0.9805,0.018,0.5635,True,Inactivity timer expired (Epoch Gap: 5 >= 5),True,16
16,Battery Failure,laptop,Normal,0.0,1.0,0.9956,0.018,0.5598,False,Device is trust-compliant.,False,
17,Battery Failure,laptop,Normal,0.0,1.0,0.9974,0.018,0.5594,False,Device is trust-compliant.,False,
18,Battery Failure,laptop,Normal,0.0,1.0,0.9984,0.018,0.5591,False,Device is trust-compliant.,False,
19,Battery Failure,laptop,Normal,0.0,1.0,0.999,0.018,0.559,False,Device is trust-compliant.,False,
20,Battery Failure,laptop,Normal,0.0,1.0,0.984,0.018,0.5627,False,Device is trust-compliant.,False,
21,Battery Failure,laptop,Normal,0.0,1.0,0.9904,0.018,0.5611,False,Device is trust-compliant.,False,
22,Battery Failure,laptop,Normal,0.0,1.0,0.9942,0.018,0.5602,False,Device is trust-compliant.,False,
23,Battery Failure,laptop,Normal,0.0,1.0,0.9964,0.018,0.5596,False,Device is trust-compliant.,False,
24,Battery Failure,laptop,Normal,0.0,1.0,0.9824,0.018,0.5631,False,Device is trust-compliant.,False,
25,Battery Failure,laptop,Normal,0.0,1.0,0.9892,0.018,0.5614,False,Device is trust-compliant.,False,
26,Battery Failure,laptop,Normal,0.0,1.0,0.9779,0.018,0.5642,False,Device is trust-compliant.,False,
27,Battery Failure,laptop,Normal,0.0,1.0,0.971,0.018,0.5659,False,Device is trust-compliant.,False,
28,Battery Failure,laptop,Idle,0.0,1.0,0.9667,0.018,0.5669,False,Device is trust-compliant.,False,
29,Battery Failure,laptop,Idle,0.0,1.0,0.9641,0.018,0.5676,False,Device is trust-compliant.,False,
30,Battery Failure,laptop,Idle,0.0,1.0,0.9625,0.018,0.568,False,Device is trust-compliant.,False,
31,Battery Failure,laptop,Normal,0.0,1.0,0.9615,0.018,0.5682,False,Device is trust-compliant.,False,
32,Battery Failure,laptop,Normal,0.0,1.0,0.9763,0.018,0.5646,False,Device is trust-compliant.,False,
33,Battery Failure,laptop,Normal,0.0,1.0,0.9854,0.018,0.5623,False,Device is trust-compliant.,False,
34,Battery Failure,laptop,Normal,0.0,1.0,0.9912,0.018,0.5609,False,Device is trust-compliant.,False,
35,Battery Failure,laptop,Normal,0.0,1.0,0.9946,0.018,0.5601,False,Device is trust-compliant.,False,
36,Battery Failure,laptop,Normal,0.0,1.0,0.9813,0.018,0.5633,False,Device is trust-compliant.,False,
37,Battery Failure,laptop,Normal,0.0,1.0,0.9885,0.018,0.5616,False,Device is trust-compliant.,False,
38,Battery Failure,laptop,Normal,0.0,1.0,0.9931,0.018,0.5604,False,Device is trust-compliant.,False,
39,Battery Failure,laptop,Normal,0.0,1.0,0.9959,0.018,0.5597,False,Device is trust-compliant.,False,
40,Battery Failure,laptop,Normal,0.0,1.0,0.9825,0.018,0.563,False,Device is trust-compliant.,False,
1,Battery Failure,phone,Idle,0.1297,0.8703,0.98,0.0224,0.0868,False,trust-compliant,False,
1,Battery Failure,laptop,Idle,0.1195,0.8805,0.98,0.0298,0.0836,False,trust-compliant,False,
2,Battery Failure,phone,Idle,0.0,1.0,0.9687,0.018,0.5664,False,trust-compliant,False,
2,Battery Failure,laptop,Idle,0.0,1.0,0.9723,0.018,0.5655,False,trust-compliant,False,
3,Battery Failure,phone,Idle,0.0,1.0,0.9608,0.018,0.5684,False,trust-compliant,False,
3,Battery Failure,laptop,Normal,0.0,1.0,0.9675,0.018,0.5667,False,trust-compliant,False,
4,Battery Failure,phone,Idle,0.0,1.0,0.9553,0.018,0.5697,False,trust-compliant,False,
4,Battery Failure,laptop,Idle,0.0,1.0,0.9646,0.018,0.5674,False,trust-compliant,False,
5,Battery Failure,phone,Normal,0.0,1.0,0.9515,0.018,0.5706,False,trust-compliant,False,
5,Battery Failure,laptop,Idle,0.0,1.0,0.9782,0.018,0.5641,False,trust-compliant,False,
6,Battery Failure,phone,Normal,0.0,1.0,0.9488,0.018,0.5713,False,trust-compliant,False,
6,Battery Failure,laptop,Normal,0.0,1.0,0.9866,0.018,0.562,False,trust-compliant,False,
7,Battery Failure,phone,Normal,0.0,1.0,0.947,0.018,0.5718,False,trust-compliant,False,
7,Battery Failure,laptop,Normal,0.0,1.0,0.9917,0.018,0.5608,False,trust-compliant,False,
8,Battery Failure,phone,Normal,0.0,1.0,0.9631,0.018,0.5678,False,trust-compliant,False,
8,Battery Failure,laptop,Normal,0.0,1.0,0.9949,0.018,0.56,False,trust-compliant,False,
9,Battery Failure,phone,Normal,0.0,1.0,0.9743,0.018,0.5651,False,trust-compliant,False,
9,Battery Failure,laptop,Normal,0.0,1.0,0.9969,0.018,0.5595,False,trust-compliant,False,
10,Battery Failure,phone,Normal,0.0,1.0,0.9647,0.018,0.5674,False,trust-compliant,False,
10,Battery Failure,laptop,Normal,0.0,1.0,0.9981,0.018,0.5592,False,trust-compliant,False,
11,Battery Failure,phone,Normal,0.0,1.0,0.976,0.018,0.5646,False,Device is trust-compliant.,False,
11,Battery Failure,laptop,Normal,0.0,1.0,0.9834,0.018,0.5628,False,Device is trust-compliant.,False,
12,Battery Failure,phone,Normal,0.0,1.0,0.9837,0.018,0.5627,False,Device is trust-compliant.,False,
12,Battery Failure,laptop,Normal,0.0,1.0,0.9898,0.018,0.5612,False,Device is trust-compliant.,False,
13,Battery Failure,phone,Normal,0.0,1.0,0.9719,0.018,0.5656,False,Device is trust-compliant.,False,
13,Battery Failure,laptop,Normal,0.0,1.0,0.9939,0.018,0.5602,False,Device is trust-compliant.,False,
14,Battery Failure,phone,Normal,0.0,1.0,0.9809,0.018,0.5634,False,Device is trust-compliant.,False,
14,Battery Failure,laptop,Normal,0.0,1.0,0.9813,0.018,0.5633,False,Device is trust-compliant.,False,
15,Battery Failure,phone,Normal,0.0,1.0,0.9838,0.018,0.5627,False,Device is trust-compliant.,False,
15,Battery Failure,laptop,Normal,0.0,1.0,0.9885,0.018,0.5616,False,Device is trust-compliant.,False,
16,Battery Failure,phone,Normal,0.0,1.0,0.9862,0.018,0.5621,False,Device is trust-compliant.,False,
16,Battery Failure,laptop,Normal,0.0,1.0,0.9929,0.018,0.5605,False,Device is trust-compliant.,False,
17,Battery Failure,phone,Normal,0.0,1.0,0.9883,0.018,0.5616,False,Device is trust-compliant.,False,
17,Battery Failure,laptop,Normal,0.0,1.0,0.9956,0.018,0.5598,False,Device is trust-compliant.,False,
18,Battery Failure,phone,Normal,0.0,1.0,0.9901,0.018,0.5612,False,Device is trust-compliant.,False,
18,Battery Failure,laptop,Normal,0.0,1.0,0.9973,0.018,0.5594,False,Device is trust-compliant.,False,
19,Battery Failure,phone,Normal,0.0,1.0,0.9933,0.018,0.5604,False,Device is trust-compliant.,False,
19,Battery Failure,laptop,Normal,0.0,1.0,0.9984,0.018,0.5591,False,Device is trust-compliant.,False,
20,Battery Failure,phone,Normal,0.0,1.0,0.9953,0.018,0.5599,False,Device is trust-compliant.,False,
20,Battery Failure,laptop,Normal,0.0,1.0,0.999,0.018,0.559,False,Device is trust-compliant.,False,
21,Battery Failure,phone,Normal,0.0,1.0,0.9967,0.018,0.5595,False,Device is trust-compliant.,False,
21,Battery Failure,laptop,Normal,0.0,1.0,0.9994,0.018,0.5589,False,Device is trust-compliant.,False,
22,Battery Failure,phone,Normal,0.0,1.0,0.9977,0.018,0.5593,False,Device is trust-compliant.,False,
22,Battery Failure,laptop,Normal,0.0,1.0,0.9996,0.018,0.5588,False,Device is trust-compliant.,False,
23,Battery Failure,phone,Normal,0.0,1.0,0.9984,0.018,0.5591,False,Device is trust-compliant.,False,
23,Battery Failure,laptop,Normal,0.0,1.0,0.9848,0.018,0.5625,False,Device is trust-compliant.,False,
24,Battery Failure,phone,Normal,0.0,1.0,0.9819,0.018,0.5632,False,Device is trust-compliant.,False,
24,Battery Failure,laptop,Normal,0.0,1.0,0.9759,0.018,0.5647,False,Device is trust-compliant.,False,
25,Battery Failure,phone,Idle,0.0,1.0,0.9707,0.018,0.5659,False,Device is trust-compliant.,False,
25,Battery Failure,laptop,Idle,0.0,1.0,0.9705,0.018,0.566,False,Device is trust-compliant.,False,
26,Battery Failure,phone,Normal,0.0,1.0,0.9631,0.018,0.5678,False,Device is trust-compliant.,False,
26,Battery Failure,laptop,Idle,0.0,1.0,0.9823,0.018,0.5631,False,Device is trust-compliant.,False,
27,Battery Failure,phone,Idle,0.0,1.0,0.9579,0.018,0.5691,False,Device is trust-compliant.,False,
27,Battery Failure,laptop,Idle,0.0,1.0,0.9744,0.018,0.565,False,Device is trust-compliant.,False,
28,Battery Failure,phone,Normal,0.0,1.0,0.9034,0.018,0.5824,False,Device is trust-compliant.,False,
28,Battery Failure,laptop,Idle,0.0,1.0,0.9696,0.018,0.5662,False,Device is trust-compliant.,False,
29,Battery Failure,phone,Idle,0.0,1.0,0.9173,0.018,0.579,False,Device is trust-compliant.,False,
29,Battery Failure,laptop,Idle,0.0,1.0,0.9668,0.018,0.5669,False,Device is trust-compliant.,False,
30,Battery Failure,phone,Normal,0.0,1.0,0.9268,0.018,0.5767,False,Device is trust-compliant.,False,
30,Battery Failure,laptop,Normal,0.0,1.0,0.9651,0.018,0.5673,False,Device is trust-compliant.,False,
31,Battery Failure,phone,Normal,0.0,1.0,0.9332,0.018,0.5751,False,Device is trust-compliant.,False,
31,Battery Failure,laptop,Normal,0.0,1.0,0.9641,0.018,0.5676,False,Device is trust-compliant.,False,
32,Battery Failure,phone,Normal,0.0,1.0,0.9546,0.018,0.5699,False,Device is trust-compliant.,False,
32,Battery Failure,laptop,Normal,0.0,1.0,0.9635,0.018,0.5677,False,Device is trust-compliant.,False,
33,Battery Failure,phone,Normal,0.0,1.0,0.9684,0.018,0.5665,False,Device is trust-compliant.,False,
33,Battery Failure,laptop,Normal,0.0,1.0,0.9621,0.018,0.5681,False,Device is trust-compliant.,False,
34,Battery Failure,phone,Normal,0.0,1.0,0.978,0.018,0.5641,False,Device is trust-compliant.,False,
34,Battery Failure,laptop,Normal,0.0,1.0,0.9151,0.018,0.5795,False,Device is trust-compliant.,False,
35,Battery Failure,phone,Normal,0.0,1.0,0.985,0.018,0.5624,False,Device is trust-compliant.,False,
35,Battery Failure,laptop,Normal,0.0,1.0,0.9477,0.018,0.5716,False,Device is trust-compliant.,False,
36,Battery Failure,phone,Normal,0.0,1.0,0.9728,0.018,0.5654,False,Device is trust-compliant.,False,
36,Battery Failure,laptop,Normal,0.0,1.0,0.9686,0.018,0.5665,False,Device is trust-compliant.,False,
37,Battery Failure,phone,Normal,0.0,1.0,0.9815,0.018,0.5633,False,Device is trust-compliant.,False,
37,Battery Failure,laptop,Normal,0.0,1.0,0.9812,0.018,0.5634,False,Device is trust-compliant.,False,
38,Battery Failure,phone,Normal,0.0,1.0,0.9874,0.018,0.5618,False,Device is trust-compliant.,False,
38,Battery Failure,laptop,Normal,0.0,1.0,0.9887,0.018,0.5615,False,Device is trust-compliant.,False,
39,Battery Failure,phone,Normal,0.0,1.0,0.9744,0.018,0.565,False,Device is trust-compliant.,False,
39,Battery Failure,laptop,Normal,0.0,1.0,0.9932,0.018,0.5604,False,Device is trust-compliant.,False,
40,Battery Failure,phone,Normal,0.0,1.0,0.9822,0.018,0.5631,False,Device is trust-compliant.,False,
40,Battery Failure,laptop,Normal,0.0,1.0,0.9809,0.018,0.5634,False,Device is trust-compliant.,False,
1,Battery Failure,phone,Idle,0.0733,0.9267,0.98,0.0283,0.0553,False,trust-compliant,False,
1,Battery Failure,laptop,Idle,0.092,0.908,0.98,0.0379,0.0704,False,trust-compliant,False,
2,Battery Failure,phone,Idle,0.0,1.0,0.9687,0.018,0.5664,False,trust-compliant,False,
2,Battery Failure,laptop,Idle,0.0,1.0,0.9723,0.018,0.5655,False,trust-compliant,False,
3,Battery Failure,phone,Idle,0.0,1.0,0.9608,0.018,0.5684,False,trust-compliant,False,
3,Battery Failure,laptop,Normal,0.0,1.0,0.9675,0.018,0.5667,False,trust-compliant,False,
4,Battery Failure,phone,Normal,0.0,1.0,0.9727,0.018,0.5654,False,trust-compliant,False,
4,Battery Failure,laptop,Normal,0.0,1.0,0.9646,0.018,0.5674,False,trust-compliant,False,
5,Battery Failure,phone,Normal,0.0,1.0,0.9636,0.018,0.5677,False,trust-compliant,False,
5,Battery Failure,laptop,Idle,0.0,1.0,0.9628,0.018,0.5679,False,trust-compliant,False,
6,Battery Failure,phone,Normal,0.0,1.0,0.9573,0.018,0.5692,False,trust-compliant,False,
6,Battery Failure,laptop,Normal,0.0,1.0,0.9617,0.018,0.5681,False,trust-compliant,False,
7,Battery Failure,phone,Normal,0.0,1.0,0.9703,0.018,0.566,False,trust-compliant,False,
7,Battery Failure,laptop,Normal,0.0,1.0,0.9764,0.018,0.5645,False,trust-compliant,False,
8,Battery Failure,phone,Normal,0.0,1.0,0.9793,0.018,0.5638,False,trust-compliant,False,
8,Battery Failure,laptop,Normal,0.0,1.0,0.9701,0.018,0.5661,False,trust-compliant,False,
9,Battery Failure,phone,Normal,0.0,1.0,0.9856,0.018,0.5623,False,trust-compliant,False,
9,Battery Failure,laptop,Normal,0.0,1.0,0.9816,0.018,0.5633,False,trust-compliant,False,
10,Battery Failure,phone,Normal,0.0,1.0,0.99,0.018,0.5612,False,trust-compliant,False,
10,Battery Failure,laptop,Normal,0.0,1.0,0.9887,0.018,0.5615,False,trust-compliant,False,
11,Battery Failure,phone,Normal,0.0,1.0,0.993,0.018,0.5605,False,Device is trust-compliant.,False,
11,Battery Failure,laptop,Normal,0.0,1.0,0.993,0.018,0.5605,False,Device is trust-compliant.,False,
12,Battery Failure,phone,Normal,0.0,1.0,0.9952,0.018,0.5599,False,Device is trust-compliant.,False,
12,Battery Failure,laptop,Normal,0.0,1.0,0.9957,0.018,0.5598,False,Device is trust-compliant.,False,
13,Battery Failure,phone,Normal,0.0,1.0,0.9797,0.018,0.5637,False,Device is trust-compliant.,False,
13,Battery Failure,laptop,Normal,0.0,1.0,0.9974,0.018,0.5594,False,Device is trust-compliant.,False,
14,Battery Failure,phone,Normal,0.0,1.0,0.9692,0.018,0.5663,False,Device is trust-compliant.,False,
14,Battery Failure,laptop,Normal,0.0,1.0,0.9984,0.018,0.5591,False,Device is trust-compliant.,False,
15,Battery Failure,phone,Normal,0.0,1.0,0.9738,0.018,0.5652,False,Device is trust-compliant.,False,
15,Battery Failure,laptop,Normal,0.0,1.0,0.999,0.018,0.559,False,Device is trust-compliant.,False,
16,Battery Failure,phone,Normal,0.0,1.0,0.9777,0.018,0.5642,False,Device is trust-compliant.,False,
16,Battery Failure,laptop,Normal,0.0,1.0,0.9994,0.018,0.5589,False,Device is trust-compliant.,False,
17,Battery Failure,phone,Normal,0.0,1.0,0.981,0.018,0.5634,False,Device is trust-compliant.,False,
17,Battery Failure,laptop,Normal,0.0,1.0,0.9996,0.018,0.5588,False,Device is trust-compliant.,False,
18,Battery Failure,phone,Normal,0.0,1.0,0.9839,0.018,0.5627,False,Device is trust-compliant.,False,
18,Battery Failure,laptop,Normal,0.0,1.0,0.9998,0.018,0.5588,False,Device is trust-compliant.,False,
19,Battery Failure,phone,Normal,0.0,1.0,0.9721,0.018,0.5656,False,Device is trust-compliant.,False,
19,Battery Failure,laptop,Normal,0.0,1.0,0.9999,0.018,0.5588,False,Device is trust-compliant.,False,
20,Battery Failure,phone,Normal,0.0,1.0,0.981,0.018,0.5634,False,Device is trust-compliant.,False,
20,Battery Failure,laptop,Normal,0.0,1.0,0.9999,0.018,0.5588,False,Device is trust-compliant.,False,
21,Battery Failure,phone,Normal,0.0,1.0,0.9701,0.018,0.5661,False,Device is trust-compliant.,False,
21,Battery Failure,laptop,Normal,0.0,1.0,0.9999,0.018,0.5588,False,Device is trust-compliant.,False,
22,Battery Failure,phone,Normal,0.0,1.0,0.9797,0.018,0.5637,False,Device is trust-compliant.,False,
22,Battery Failure,laptop,Normal,0.0,1.0,0.9999,0.018,0.5588,False,Device is trust-compliant.,False,
23,Battery Failure,phone,Normal,0.0,1.0,0.9859,0.018,0.5622,False,Device is trust-compliant.,False,
23,Battery Failure,laptop,Normal,0.0,1.0,0.9999,0.018,0.5588,False,Device is trust-compliant.,False,
24,Battery Failure,phone,Normal,0.0,1.0,0.9728,0.018,0.5654,False,Device is trust-compliant.,False,
24,Battery Failure,laptop,Normal,0.0,1.0,0.9849,0.018,0.5624,False,Device is trust-compliant.,False,
25,Battery Failure,phone,Normal,0.0,1.0,0.9637,0.018,0.5677,False,Device is trust-compliant.,False,
25,Battery Failure,laptop,Normal,0.0,1.0,0.9759,0.018,0.5647,False,Device is trust-compliant.,False,
26,Battery Failure,phone,Normal,0.0,1.0,0.9573,0.018,0.5692,False,Device is trust-compliant.,False,
26,Battery Failure,laptop,Normal,0.0,1.0,0.9705,0.018,0.566,False,Device is trust-compliant.,False,
27,Battery Failure,phone,Normal,0.0,1.0,0.9703,0.018,0.566,False,Device is trust-compliant.,False,
27,Battery Failure,laptop,Idle,0.0,1.0,0.9823,0.018,0.5631,False,Device is trust-compliant.,False,
28,Battery Failure,phone,Normal,0.0,1.0,0.9619,0.018,0.5681,False,Device is trust-compliant.,False,
28,Battery Failure,laptop,Idle,0.0,1.0,0.9744,0.018,0.565,False,Device is trust-compliant.,False,
29,Battery Failure,phone,Normal,0.0,1.0,0.9561,0.018,0.5695,False,Device is trust-compliant.,False,
29,Battery Failure,laptop,Normal,0.0,1.0,0.9696,0.018,0.5662,False,Device is trust-compliant.,False,
30,Battery Failure,phone,Normal,0.0,1.0,0.952,0.018,0.5705,False,Device is trust-compliant.,False,
30,Battery Failure,laptop,Idle,0.0,1.0,0.9668,0.018,0.5669,False,Device is trust-compliant.,False,
31,Battery Failure,phone,Normal,0.0,1.0,0.9492,0.018,0.5712,False,Device is trust-compliant.,False,
31,Battery Failure,laptop,Normal,0.0,1.0,0.9801,0.018,0.5636,False,Device is trust-compliant.,False,
32,Battery Failure,phone,Normal,0.0,1.0,0.9646,0.018,0.5674,False,Device is trust-compliant.,False,
32,Battery Failure,laptop,Normal,0.0,1.0,0.9731,0.018,0.5653,False,Device is trust-compliant.,False,
33,Battery Failure,phone,Normal,0.0,1.0,0.9754,0.018,0.5648,False,Device is trust-compliant.,False,
33,Battery Failure,laptop,Normal,0.0,1.0,0.9839,0.018,0.5627,False,Device is trust-compliant.,False,
34,Battery Failure,phone,Normal,0.0,1.0,0.9829,0.018,0.5629,False,Device is trust-compliant.,False,
34,Battery Failure,laptop,Normal,0.0,1.0,0.9903,0.018,0.5611,False,Device is trust-compliant.,False,
35,Battery Failure,phone,Normal,0.0,1.0,0.9884,0.018,0.5616,False,Device is trust-compliant.,False,
35,Battery Failure,laptop,Normal,0.0,1.0,0.9942,0.018,0.5602,False,Device is trust-compliant.,False,
36,Battery Failure,phone,Normal,0.0,1.0,0.9919,0.018,0.5607,False,Device is trust-compliant.,False,
36,Battery Failure,laptop,Normal,0.0,1.0,0.9964,0.018,0.5596,False,Device is trust-compliant.,False,
37,Battery Failure,phone,Normal,0.0,1.0,0.9944,0.018,0.5601,False,Device is trust-compliant.,False,
37,Battery Failure,laptop,Normal,0.0,1.0,0.9978,0.018,0.5593,False,Device is trust-compliant.,False,
38,Battery Failure,phone,Normal,0.0,1.0,0.9787,0.018,0.564,False,Device is trust-compliant.,False,
38,Battery Failure,laptop,Normal,0.0,1.0,0.9987,0.018,0.559,False,Device is trust-compliant.,False,
39,Battery Failure,phone,Normal,0.0,1.0,0.9852,0.018,0.5624,False,Device is trust-compliant.,False,
39,Battery Failure,laptop,Normal,0.0,1.0,0.9992,0.018,0.5589,False,Device is trust-compliant.,False,
40,Battery Failure,phone,Normal,0.0,1.0,0.9899,0.018,0.5612,False,Device is trust-compliant.,False,
40,Battery Failure,laptop,Normal,0.0,1.0,0.9995,0.018,0.5589,False,Device is trust-compliant.,False,
1,Battery Failure,phone,Idle,0.091,0.909,0.98,0.0216,0.0632,False,trust-compliant,False,
1,Battery Failure,laptop,Normal,0.0392,0.9608,1.0,0.0234,0.0329,False,trust-compliant,False,
2,Battery Failure,phone,Normal,0.0,1.0,0.9687,0.018,0.5664,False,trust-compliant,False,
2,Battery Failure,laptop,Idle,0.0,1.0,0.9846,0.018,0.5625,False,trust-compliant,False,
3,Battery Failure,phone,Normal,0.0,1.0,0.9608,0.018,0.5684,False,trust-compliant,False,
3,Battery Failure,laptop,Idle,0.0,1.0,0.9905,0.018,0.5611,False,trust-compliant,False,
4,Battery Failure,phone,Idle,0.0,1.0,0.9553,0.018,0.5697,False,trust-compliant,False,
4,Battery Failure,laptop,Idle,0.0,1.0,0.9787,0.018,0.564,False,trust-compliant,False,
5,Battery Failure,phone,Normal,0.0,1.0,0.9689,0.018,0.5664,False,trust-compliant,False,
5,Battery Failure,laptop,Normal,0.0,1.0,0.9715,0.018,0.5657,False,trust-compliant,False,
6,Battery Failure,phone,Idle,0.0,1.0,0.9784,0.018,0.564,False,trust-compliant,False,
6,Battery Failure,laptop,Idle,0.0,1.0,0.967,0.018,0.5668,False,trust-compliant,False,
7,Battery Failure,phone,Normal,0.0,1.0,0.9676,0.018,0.5667,False,trust-compliant,False,
7,Battery Failure,laptop,Normal,0.0,1.0,0.9797,0.018,0.5637,False,trust-compliant,False,
8,Battery Failure,phone,Normal,0.0,1.0,0.96,0.018,0.5686,False,trust-compliant,False,
8,Battery Failure,laptop,Normal,0.0,1.0,0.9721,0.018,0.5656,False,trust-compliant,False,
9,Battery Failure,phone,Normal,0.0,1.0,0.9548,0.018,0.5698,False,trust-compliant,False,
9,Battery Failure,laptop,Normal,0.0,1.0,0.9828,0.018,0.563,False,trust-compliant,False,
10,Battery Failure,phone,Normal,0.0,1.0,0.9511,0.018,0.5707,False,trust-compliant,False,
10,Battery Failure,laptop,Normal,0.0,1.0,0.9897,0.018,0.5613,False,trust-compliant,False,
11,Battery Failure,phone,Normal,0.0,1.0,0.966,0.018,0.5671,False,Device is trust-compliant.,False,
11,Battery Failure,laptop,Normal,0.0,1.0,0.9938,0.018,0.5603,False,Device is trust-compliant.,False,
12,Battery Failure,phone,Normal,0.0,1.0,0.9763,0.018,0.5646,False,Device is trust-compliant.,False,
12,Battery Failure,laptop,Normal,0.0,1.0,0.9962,0.018,0.5597,False,Device is trust-compliant.,False,
13,Battery Failure,phone,Normal,0.0,1.0,0.9835,0.018,0.5628,False,Device is trust-compliant.,False,
13,Battery Failure,laptop,Normal,0.0,1.0,0.9977,0.018,0.5593,False,Device is trust-compliant.,False,
14,Battery Failure,phone,Normal,0.0,1.0,0.9711,0.018,0.5658,False,Device is trust-compliant.,False,
14,Battery Failure,laptop,Normal,0.0,1.0,0.9986,0.018,0.5591,False,Device is trust-compliant.,False,
15,Battery Failure,phone,Normal,0.0,1.0,0.9749,0.018,0.5649,False,Device is trust-compliant.,False,
15,Battery Failure,laptop,Normal,0.0,1.0,0.9992,0.018,0.5589,False,Device is trust-compliant.,False,
16,Battery Failure,phone,Normal,0.0,1.0,0.9782,0.018,0.5641,True,Inactivity timer expired (Epoch Gap: 5 >= 5),True,16
16,Battery Failure,laptop,Normal,0.0,1.0,0.9995,0.018,0.5589,False,Device is trust-compliant.,False,
17,Battery Failure,laptop,Normal,0.0,1.0,0.9997,0.018,0.5588,False,Device is trust-compliant.,False,
18,Battery Failure,laptop,Normal,0.0,1.0,0.9998,0.018,0.5588,False,Device is trust-compliant.,False,
19,Battery Failure,laptop,Normal,0.0,1.0,0.9999,0.018,0.5588,False,Device is trust-compliant.,False,
20,Battery Failure,laptop,Normal,0.0,1.0,0.9845,0.018,0.5625,False,Device is trust-compliant.,False,
21,Battery Failure,laptop,Normal,0.0,1.0,0.9751,0.018,0.5649,False,Device is trust-compliant.,False,
22,Battery Failure,laptop,Normal,0.0,1.0,0.9847,0.018,0.5625,False,Device is trust-compliant.,False,
23,Battery Failure,laptop,Normal,0.0,1.0,0.9906,0.018,0.561,False,Device is trust-compliant.,False,
24,Battery Failure,laptop,Normal,0.0,1.0,0.9788,0.018,0.5639,False,Device is trust-compliant.,False,
25,Battery Failure,laptop,Idle,0.0,1.0,0.9715,0.018,0.5657,False,Device is trust-compliant.,False,
26,Battery Failure,laptop,Idle,0.0,1.0,0.967,0.018,0.5668,False,Device is trust-compliant.,False,
27,Battery Failure,laptop,Idle,0.0,1.0,0.9643,0.018,0.5675,False,Device is trust-compliant.,False,
28,Battery Failure,laptop,Idle,0.0,1.0,0.9626,0.018,0.5679,False,Device is trust-compliant.,False,
29,Battery Failure,laptop,Normal,0.0,1.0,0.977,0.018,0.5644,False,Device is trust-compliant.,False,
30,Battery Failure,laptop,Idle,0.0,1.0,0.9704,0.018,0.566,False,Device is trust-compliant.,False,
31,Battery Failure,laptop,Normal,0.0,1.0,0.9818,0.018,0.5632,False,Device is trust-compliant.,False,
32,Battery Failure,laptop,Normal,0.0,1.0,0.9272,0.018,0.5766,False,Device is trust-compliant.,False,
33,Battery Failure,laptop,Normal,0.0,1.0,0.9552,0.018,0.5697,False,Device is trust-compliant.,False,
34,Battery Failure,laptop,Normal,0.0,1.0,0.957,0.018,0.5693,False,Device is trust-compliant.,False,
35,Battery Failure,laptop,Normal,0.0,1.0,0.9742,0.018,0.5651,False,Device is trust-compliant.,False,
36,Battery Failure,laptop,Normal,0.0,1.0,0.9841,0.018,0.5626,False,Device is trust-compliant.,False,
37,Battery Failure,laptop,Normal,0.0,1.0,0.9902,0.018,0.5611,False,Device is trust-compliant.,False,
38,Battery Failure,laptop,Normal,0.0,1.0,0.9941,0.018,0.5602,False,Device is trust-compliant.,False,
39,Battery Failure,laptop,Normal,0.0,1.0,0.9965,0.018,0.5596,False,Device is trust-compliant.,False,
40,Battery Failure,laptop,Normal,0.0,1.0,0.9829,0.018,0.5629,False,Device is trust-compliant.,False,
1,Network Instability,phone,Suspicious,0.4783,0.5217,0.92,0.0794,0.3187,False,trust-compliant,False,
1,Network Instability,laptop,Normal,0.0324,0.9676,1.0,0.0558,0.0418,False,trust-compliant,False,
2,Network Instability,phone,Normal,0.0,1.0,0.9443,0.018,0.5724,False,trust-compliant,False,
2,Network Instability,laptop,Idle,0.0,1.0,0.9846,0.018,0.5625,False,trust-compliant,False,
3,Network Instability,phone,Idle,0.0,1.0,0.9438,0.018,0.5725,False,trust-compliant,False,
3,Network Instability,laptop,Idle,0.0,1.0,0.9751,0.018,0.5649,False,trust-compliant,False,
4,Network Instability,phone,Normal,0.0,1.0,0.9435,0.018,0.5726,False,trust-compliant,False,
4,Network Instability,laptop,Idle,0.0,1.0,0.9693,0.018,0.5663,False,trust-compliant,False,
5,Network Instability,phone,Normal,0.0,1.0,0.9433,0.018,0.5727,False,trust-compliant,False,
5,Network Instability,laptop,Idle,0.0,1.0,0.9657,0.018,0.5672,False,trust-compliant,False,
6,Network Instability,phone,Idle,0.0,1.0,0.9431,0.018,0.5727,False,trust-compliant,False,
6,Network Instability,laptop,Normal,0.0,1.0,0.9789,0.018,0.5639,False,trust-compliant,False,
7,Network Instability,phone,Normal,0.0,1.0,0.9604,0.018,0.5685,False,trust-compliant,False,
7,Network Instability,laptop,Normal,0.0,1.0,0.987,0.018,0.5619,False,trust-compliant,False,
8,Network Instability,phone,Normal,0.0,1.0,0.955,0.018,0.5698,False,trust-compliant,False,
8,Network Instability,laptop,Normal,0.0,1.0,0.9766,0.018,0.5645,False,trust-compliant,False,
9,Network Instability,phone,Normal,0.0,1.0,0.9513,0.018,0.5707,False,trust-compliant,False,
9,Network Instability,laptop,Normal,0.0,1.0,0.986,0.018,0.5622,False,trust-compliant,False,
10,Network Instability,phone,Normal,0.0,1.0,0.9661,0.018,0.5671,False,trust-compliant,False,
10,Network Instability,laptop,Normal,0.0,1.0,0.9316,0.018,0.5755,False,trust-compliant,False,
11,Network Instability,phone,Normal,0.0,1.0,0.9769,0.018,0.5644,False,Device is trust-compliant.,False,
11,Network Instability,laptop,Normal,0.0,1.0,0.944,0.018,0.5725,False,Device is trust-compliant.,False,
12,Network Instability,phone,Normal,0.0,1.0,0.9843,0.018,0.5626,False,Device is trust-compliant.,False,
12,Network Instability,laptop,Normal,0.0,1.0,0.9664,0.018,0.567,False,Device is trust-compliant.,False,
13,Network Instability,phone,Normal,0.0,1.0,0.9893,0.018,0.5614,False,Device is trust-compliant.,False,
13,Network Instability,laptop,Normal,0.0,1.0,0.9648,0.018,0.5674,False,Device is trust-compliant.,False,
14,Network Instability,phone,Normal,0.0,1.0,0.9926,0.018,0.5606,False,Device is trust-compliant.,False,
14,Network Instability,laptop,Normal,0.0,1.0,0.9783,0.018,0.5641,False,Device is trust-compliant.,False,
15,Network Instability,phone,Normal,0.0,1.0,0.9948,0.018,0.56,False,Device is trust-compliant.,False,
15,Network Instability,laptop,Normal,0.0,1.0,0.9866,0.018,0.562,False,Device is trust-compliant.,False,
16,Network Instability,phone,Normal,0.0,1.0,0.979,0.018,0.5639,False,Device is trust-compliant.,False,
16,Network Instability,laptop,Normal,0.0,1.0,0.9763,0.018,0.5646,False,Device is trust-compliant.,False,
17,Network Instability,phone,Normal,0.0,1.0,0.9857,0.018,0.5623,False,Device is trust-compliant.,False,
17,Network Instability,laptop,Normal,0.0,1.0,0.97,0.018,0.5661,False,Device is trust-compliant.,False,
18,Network Instability,phone,Normal,0.0,1.0,0.9733,0.018,0.5653,False,Device is trust-compliant.,False,
18,Network Instability,laptop,Normal,0.0,1.0,0.9815,0.018,0.5633,False,Device is trust-compliant.,False,
19,Network Instability,phone,Normal,0.0,1.0,0.9818,0.018,0.5632,False,Device is trust-compliant.,False,
19,Network Instability,laptop,Normal,0.0,1.0,0.9732,0.018,0.5653,False,Device is trust-compliant.,False,
20,Network Instability,phone,Normal,0.0,1.0,0.9706,0.018,0.566,False,Device is trust-compliant.,False,
20,Network Instability,laptop,Normal,0.0,1.0,0.9835,0.018,0.5628,False,Device is trust-compliant.,False,
21,Network Instability,phone,Normal,0.0,1.0,0.963,0.018,0.5678,False,Device is trust-compliant.,False,
21,Network Instability,laptop,Normal,0.0,1.0,0.9744,0.018,0.565,False,Device is trust-compliant.,False,
22,Network Instability,phone,Normal,0.0,1.0,0.9742,0.018,0.5651,False,Device is trust-compliant.,False,
22,Network Instability,laptop,Normal,0.0,1.0,0.9842,0.018,0.5626,False,Device is trust-compliant.,False,
23,Network Instability,phone,Normal,0.0,1.0,0.982,0.018,0.5632,False,Device is trust-compliant.,False,
23,Network Instability,laptop,Normal,0.0,1.0,0.9903,0.018,0.5611,False,Device is trust-compliant.,False,
24,Network Instability,phone,Normal,0.0,1.0,0.9701,0.018,0.5661,False,Device is trust-compliant.,False,
24,Network Instability,laptop,Normal,0.0,1.0,0.9786,0.018,0.564,False,Device is trust-compliant.,False,
25,Network Instability,phone,Idle,0.0,1.0,0.9618,0.018,0.5681,False,Device is trust-compliant.,False,
25,Network Instability,laptop,Idle,0.0,1.0,0.9714,0.018,0.5658,False,Device is trust-compliant.,False,
26,Network Instability,phone,Normal,0.0,1.0,0.956,0.018,0.5695,False,Device is trust-compliant.,False,
26,Network Instability,laptop,Idle,0.0,1.0,0.967,0.018,0.5668,False,Device is trust-compliant.,False,
27,Network Instability,phone,Idle,0.0,1.0,0.8998,0.018,0.5833,False,Device is trust-compliant.,False,
27,Network Instability,laptop,Idle,0.0,1.0,0.9643,0.018,0.5675,False,Device is trust-compliant.,False,
28,Network Instability,phone,Idle,0.0,1.0,0.9129,0.018,0.5801,False,Device is trust-compliant.,False,
28,Network Instability,laptop,Idle,0.0,1.0,0.9626,0.018,0.5679,False,Device is trust-compliant.,False,
29,Network Instability,phone,Idle,0.0,1.0,0.922,0.018,0.5779,False,Device is trust-compliant.,False,
29,Network Instability,laptop,Idle,0.0,1.0,0.9616,0.018,0.5682,False,Device is trust-compliant.,False,
30,Network Instability,phone,Idle,0.0,1.0,0.9283,0.018,0.5763,False,Device is trust-compliant.,False,
30,Network Instability,laptop,Normal,0.0,1.0,0.9609,0.018,0.5683,False,Device is trust-compliant.,False,
31,Network Instability,phone,Normal,0.0,1.0,0.9327,0.018,0.5752,False,Device is trust-compliant.,False,
31,Network Instability,laptop,Normal,0.0,1.0,0.9605,0.018,0.5684,False,Device is trust-compliant.,False,
32,Network Instability,phone,Normal,0.0,1.0,0.9358,0.018,0.5745,False,Device is trust-compliant.,False,
32,Network Instability,laptop,Normal,0.0,1.0,0.9757,0.018,0.5647,False,Device is trust-compliant.,False,
33,Network Instability,phone,Normal,0.0,1.0,0.9563,0.018,0.5695,False,Device is trust-compliant.,False,
33,Network Instability,laptop,Normal,0.0,1.0,0.9854,0.018,0.5623,False,Device is trust-compliant.,False,
34,Network Instability,phone,Normal,0.0,1.0,0.9703,0.018,0.566,False,Device is trust-compliant.,False,
34,Network Instability,laptop,Normal,0.0,1.0,0.991,0.018,0.5609,False,Device is trust-compliant.,False,
35,Network Instability,phone,Normal,0.0,1.0,0.9798,0.018,0.5637,False,Device is trust-compliant.,False,
35,Network Instability,laptop,Normal,0.0,1.0,0.9945,0.018,0.5601,False,Device is trust-compliant.,False,
36,Network Instability,phone,Normal,0.0,1.0,0.9863,0.018,0.5621,False,Device is trust-compliant.,False,
36,Network Instability,laptop,Normal,0.0,1.0,0.9966,0.018,0.5596,False,Device is trust-compliant.,False,
37,Network Instability,phone,Normal,0.0,1.0,0.9905,0.018,0.5611,False,Device is trust-compliant.,False,
37,Network Instability,laptop,Normal,0.0,1.0,0.9979,0.018,0.5592,False,Device is trust-compliant.,False,
38,Network Instability,phone,Normal,0.0,1.0,0.9935,0.018,0.5603,False,Device is trust-compliant.,False,
38,Network Instability,laptop,Normal,0.0,1.0,0.9987,0.018,0.559,False,Device is trust-compliant.,False,
39,Network Instability,phone,Normal,0.0,1.0,0.9956,0.018,0.5598,False,Device is trust-compliant.,False,
39,Network Instability,laptop,Normal,0.0,1.0,0.9992,0.018,0.5589,False,Device is trust-compliant.,False,
40,Network Instability,phone,Normal,0.0,1.0,0.9969,0.018,0.5595,False,Device is trust-compliant.,False,
40,Network Instability,laptop,Normal,0.0,1.0,0.9845,0.018,0.5625,False,Device is trust-compliant.,False,
1,Network Instability,phone,Idle,0.1437,0.8563,0.98,0.048,0.1054,False,trust-compliant,False,
1,Network Instability,laptop,Idle,0.1403,0.8597,0.98,0.0668,0.1109,False,trust-compliant,False,
2,Network Instability,phone,Idle,0.0,1.0,0.9687,0.018,0.5664,False,trust-compliant,False,
2,Network Instability,laptop,Normal,0.0,1.0,0.9723,0.018,0.5655,False,trust-compliant,False,
3,Network Instability,phone,Idle,0.0,1.0,0.9608,0.018,0.5684,False,trust-compliant,False,
3,Network Instability,laptop,Idle,0.0,1.0,0.9675,0.018,0.5667,False,trust-compliant,False,
4,Network Instability,phone,Idle,0.0,1.0,0.9553,0.018,0.5697,False,trust-compliant,False,
4,Network Instability,laptop,Idle,0.0,1.0,0.9646,0.018,0.5674,False,trust-compliant,False,
5,Network Instability,phone,Normal,0.0,1.0,0.9515,0.018,0.5706,False,trust-compliant,False,
5,Network Instability,laptop,Normal,0.0,1.0,0.9782,0.018,0.5641,False,trust-compliant,False,
6,Network Instability,phone,Normal,0.0,1.0,0.9488,0.018,0.5713,False,trust-compliant,False,
6,Network Instability,laptop,Normal,0.0,1.0,0.9712,0.018,0.5658,False,trust-compliant,False,
7,Network Instability,phone,Normal,0.0,1.0,0.9644,0.018,0.5675,False,trust-compliant,False,
7,Network Instability,laptop,Normal,0.0,1.0,0.9823,0.018,0.5631,False,trust-compliant,False,
8,Network Instability,phone,Normal,0.0,1.0,0.9056,0.018,0.5819,False,trust-compliant,False,
8,Network Instability,laptop,Normal,0.0,1.0,0.9275,0.018,0.5765,False,trust-compliant,False,
9,Network Instability,phone,Normal,0.0,1.0,0.9358,0.018,0.5745,False,trust-compliant,False,
9,Network Instability,laptop,Normal,0.0,1.0,0.9553,0.018,0.5697,False,trust-compliant,False,
10,Network Instability,phone,Normal,0.0,1.0,0.9563,0.018,0.5695,False,trust-compliant,False,
10,Network Instability,laptop,Normal,0.0,1.0,0.9732,0.018,0.5653,False,trust-compliant,False,
11,Network Instability,phone,Normal,0.0,1.0,0.9533,0.018,0.5702,False,Device is trust-compliant.,False,
11,Network Instability,laptop,Normal,0.0,1.0,0.9839,0.018,0.5627,False,Device is trust-compliant.,False,
12,Network Instability,phone,Normal,0.0,1.0,0.9675,0.018,0.5667,False,Device is trust-compliant.,False,
12,Network Instability,laptop,Normal,0.0,1.0,0.9901,0.018,0.5612,False,Device is trust-compliant.,False,
13,Network Instability,phone,Normal,0.0,1.0,0.9774,0.018,0.5643,False,Device is trust-compliant.,False,
13,Network Instability,laptop,Normal,0.0,1.0,0.9939,0.018,0.5602,False,Device is trust-compliant.,False,
14,Network Instability,phone,Normal,0.0,1.0,0.9846,0.018,0.5625,False,Device is trust-compliant.,False,
14,Network Instability,laptop,Normal,0.0,1.0,0.9962,0.018,0.5597,False,Device is trust-compliant.,False,
15,Network Instability,phone,Normal,0.0,1.0,0.9895,0.018,0.5613,False,Device is trust-compliant.,False,
15,Network Instability,laptop,Normal,0.0,1.0,0.9977,0.018,0.5593,False,Device is trust-compliant.,False,
16,Network Instability,phone,Normal,0.0,1.0,0.9929,0.018,0.5605,False,Device is trust-compliant.,False,
16,Network Instability,laptop,Normal,0.0,1.0,0.9986,0.018,0.5591,False,Device is trust-compliant.,False,
17,Network Instability,phone,Normal,0.0,1.0,0.9952,0.018,0.5599,False,Device is trust-compliant.,False,
17,Network Instability,laptop,Normal,0.0,1.0,0.9992,0.018,0.5589,False,Device is trust-compliant.,False,
18,Network Instability,phone,Normal,0.0,1.0,0.9797,0.018,0.5637,False,Device is trust-compliant.,False,
18,Network Instability,laptop,Normal,0.0,1.0,0.9995,0.018,0.5589,False,Device is trust-compliant.,False,
19,Network Instability,phone,Normal,0.0,1.0,0.9859,0.018,0.5622,False,Device is trust-compliant.,False,
19,Network Instability,laptop,Normal,0.0,1.0,0.9997,0.018,0.5588,False,Device is trust-compliant.,False,
20,Network Instability,phone,Normal,0.0,1.0,0.9902,0.018,0.5611,False,Device is trust-compliant.,False,
20,Network Instability,laptop,Normal,0.0,1.0,0.9998,0.018,0.5588,False,Device is trust-compliant.,False,
21,Network Instability,phone,Normal,0.0,1.0,0.9933,0.018,0.5604,False,Device is trust-compliant.,False,
21,Network Instability,laptop,Normal,0.0,1.0,0.9999,0.018,0.5588,False,Device is trust-compliant.,False,
22,Network Instability,phone,Normal,0.0,1.0,0.9779,0.018,0.5642,False,Device is trust-compliant.,False,
22,Network Instability,laptop,Normal,0.0,1.0,0.9999,0.018,0.5588,False,Device is trust-compliant.,False,
23,Network Instability,phone,Normal,0.0,1.0,0.9846,0.018,0.5625,False,Device is trust-compliant.,False,
23,Network Instability,laptop,Normal,0.0,1.0,0.9845,0.018,0.5625,False,Device is trust-compliant.,False,
24,Network Instability,phone,Normal,0.0,1.0,0.9719,0.018,0.5656,False,Device is trust-compliant.,False,
24,Network Instability,laptop,Normal,0.0,1.0,0.9751,0.018,0.5649,False,Device is trust-compliant.,False,
25,Network Instability,phone,Normal,0.0,1.0,0.963,0.018,0.5678,False,Device is trust-compliant.,False,
25,Network Instability,laptop,Idle,0.0,1.0,0.9693,0.018,0.5663,False,Device is trust-compliant.,False,
26,Network Instability,phone,Normal,0.0,1.0,0.9568,0.018,0.5694,False,Device is trust-compliant.,False,
26,Network Instability,laptop,Idle,0.0,1.0,0.9657,0.018,0.5672,False,Device is trust-compliant.,False,
27,Network Instability,phone,Idle,0.0,1.0,0.9525,0.018,0.5704,False,Device is trust-compliant.,False,
27,Network Instability,laptop,Normal,0.0,1.0,0.9635,0.018,0.5677,False,Device is trust-compliant.,False,
28,Network Instability,phone,Normal,0.0,1.0,0.9495,0.018,0.5711,False,Device is trust-compliant.,False,
28,Network Instability,laptop,Idle,0.0,1.0,0.9621,0.018,0.5681,False,Device is trust-compliant.,False,
29,Network Instability,phone,Idle,0.0,1.0,0.9475,0.018,0.5716,False,Device is trust-compliant.,False,
29,Network Instability,laptop,Idle,0.0,1.0,0.9613,0.018,0.5682,False,Device is trust-compliant.,False,
30,Network Instability,phone,Idle,0.0,1.0,0.9461,0.018,0.572,False,Device is trust-compliant.,False,
30,Network Instability,laptop,Idle,0.0,1.0,0.9608,0.018,0.5684,False,Device is trust-compliant.,False,
31,Network Instability,phone,Normal,0.0,1.0,0.9625,0.018,0.568,False,Device is trust-compliant.,False,
31,Network Instability,laptop,Normal,0.0,1.0,0.9765,0.018,0.5645,False,Device is trust-compliant.,False,
32,Network Instability,phone,Normal,0.0,1.0,0.9739,0.018,0.5652,False,Device is trust-compliant.,False,
32,Network Instability,laptop,Normal,0.0,1.0,0.9709,0.018,0.5659,False,Device is trust-compliant.,False,
33,Network Instability,phone,Normal,0.0,1.0,0.9823,0.018,0.5631,False,Device is trust-compliant.,False,
33,Network Instability,laptop,Normal,0.0,1.0,0.9821,0.018,0.5631,False,Device is trust-compliant.,False,
34,Network Instability,phone,Normal,0.0,1.0,0.9877,0.018,0.5618,False,Device is trust-compliant.,False,
34,Network Instability,laptop,Normal,0.0,1.0,0.989,0.018,0.5614,False,Device is trust-compliant.,False,
35,Network Instability,phone,Normal,0.0,1.0,0.9914,0.018,0.5608,False,Device is trust-compliant.,False,
35,Network Instability,laptop,Normal,0.0,1.0,0.9932,0.018,0.5604,False,Device is trust-compliant.,False,
36,Network Instability,phone,Normal,0.0,1.0,0.994,0.018,0.5602,False,Device is trust-compliant.,False,
36,Network Instability,laptop,Normal,0.0,1.0,0.9959,0.018,0.5597,False,Device is trust-compliant.,False,
37,Network Instability,phone,Normal,0.0,1.0,0.9959,0.018,0.5597,False,Device is trust-compliant.,False,
37,Network Instability,laptop,Normal,0.0,1.0,0.9975,0.018,0.5593,False,Device is trust-compliant.,False,
38,Network Instability,phone,Normal,0.0,1.0,0.9292,0.018,0.5761,False,Device is trust-compliant.,False,
38,Network Instability,laptop,Normal,0.0,1.0,0.9985,0.018,0.5591,False,Device is trust-compliant.,False,
39,Network Instability,phone,Normal,0.0,1.0,0.9507,0.018,0.5708,False,Device is trust-compliant.,False,
39,Network Instability,laptop,Normal,0.0,1.0,0.9991,0.018,0.5589,False,Device is trust-compliant.,False,
40,Network Instability,phone,Normal,0.0,1.0,0.9483,0.018,0.5714,False,Device is trust-compliant.,False,
40,Network Instability,laptop,Normal,0.0,1.0,0.9995,0.018,0.5589,False,Device is trust-compliant.,False,
1,Network Instability,phone,Idle,0.0674,0.9326,0.98,0.0608,0.0648,False,trust-compliant,False,
1,Network Instability,laptop,Idle,0.1216,0.8784,0.98,0.064,0.0985,False,trust-compliant,False,
2,Network Instability,phone,Idle,0.0,1.0,0.9687,0.018,0.5664,False,trust-compliant,False,
2,Network Instability,laptop,Idle,0.0,1.0,0.9877,0.018,0.5618,False,trust-compliant,False,
3,Network Instability,phone,Idle,0.0,1.0,0.9608,0.018,0.5684,False,trust-compliant,False,
3,Network Instability,laptop,Normal,0.0,1.0,0.977,0.018,0.5644,False,trust-compliant,False,
4,Network Instability,phone,Normal,0.0,1.0,0.9727,0.018,0.5654,False,trust-compliant,False,
4,Network Instability,laptop,Idle,0.0,1.0,0.9704,0.018,0.566,False,trust-compliant,False,
5,Network Instability,phone,Normal,0.0,1.0,0.9636,0.018,0.5677,False,trust-compliant,False,
5,Network Instability,laptop,Normal,0.0,1.0,0.9664,0.018,0.567,False,trust-compliant,False,
6,Network Instability,phone,Normal,0.0,1.0,0.9573,0.018,0.5692,False,trust-compliant,False,
6,Network Instability,laptop,Normal,0.0,1.0,0.9639,0.018,0.5676,False,trust-compliant,False,
7,Network Instability,phone,Normal,0.0,1.0,0.9529,0.018,0.5703,False,trust-compliant,False,
7,Network Instability,laptop,Normal,0.0,1.0,0.9624,0.018,0.568,False,trust-compliant,False,
8,Network Instability,phone,Normal,0.0,1.0,0.9498,0.018,0.5711,False,trust-compliant,False,
8,Network Instability,laptop,Normal,0.0,1.0,0.9614,0.018,0.5682,False,trust-compliant,False,
9,Network Instability,phone,Normal,0.0,1.0,0.9659,0.018,0.5671,False,trust-compliant,False,
9,Network Instability,laptop,Normal,0.0,1.0,0.9146,0.018,0.5797,False,trust-compliant,False,
10,Network Instability,phone,Normal,0.0,1.0,0.9763,0.018,0.5646,False,trust-compliant,False,
10,Network Instability,laptop,Normal,0.0,1.0,0.9488,0.018,0.5713,False,trust-compliant,False,
11,Network Instability,phone,Normal,0.0,1.0,0.9139,0.018,0.5798,False,Device is trust-compliant.,False,
11,Network Instability,laptop,Normal,0.0,1.0,0.9685,0.018,0.5665,False,Device is trust-compliant.,False,
12,Network Instability,phone,Normal,0.0,1.0,0.9245,0.018,0.5773,False,Device is trust-compliant.,False,
12,Network Instability,laptop,Normal,0.0,1.0,0.9806,0.018,0.5635,False,Device is trust-compliant.,False,
13,Network Instability,phone,Normal,0.0,1.0,0.9487,0.018,0.5713,False,Device is trust-compliant.,False,
13,Network Instability,laptop,Normal,0.0,1.0,0.9284,0.018,0.5763,False,Device is trust-compliant.,False,
14,Network Instability,phone,Normal,0.0,1.0,0.9481,0.018,0.5715,False,Device is trust-compliant.,False,
14,Network Instability,laptop,Normal,0.0,1.0,0.9559,0.018,0.5696,False,Device is trust-compliant.,False,
15,Network Instability,phone,Normal,0.0,1.0,0.9477,0.018,0.5716,False,Device is trust-compliant.,False,
15,Network Instability,laptop,Normal,0.0,1.0,0.9574,0.018,0.5692,False,Device is trust-compliant.,False,
16,Network Instability,phone,Normal,0.0,1.0,0.9474,0.018,0.5717,False,Device is trust-compliant.,False,
16,Network Instability,laptop,Normal,0.0,1.0,0.9738,0.018,0.5652,False,Device is trust-compliant.,False,
17,Network Instability,phone,Normal,0.0,1.0,0.8962,0.018,0.5841,False,Device is trust-compliant.,False,
17,Network Instability,laptop,Normal,0.0,1.0,0.9843,0.018,0.5626,False,Device is trust-compliant.,False,
18,Network Instability,phone,Normal,0.0,1.0,0.8582,0.018,0.5933,False,Device is trust-compliant.,False,
18,Network Instability,laptop,Normal,0.0,1.0,0.9906,0.018,0.561,False,Device is trust-compliant.,False,
19,Network Instability,phone,Normal,0.0,1.0,0.9036,0.018,0.5823,False,Device is trust-compliant.,False,
19,Network Instability,laptop,Normal,0.0,1.0,0.9942,0.018,0.5602,False,Device is trust-compliant.,False,
20,Network Instability,phone,Normal,0.0,1.0,0.9344,0.018,0.5748,False,Device is trust-compliant.,False,
20,Network Instability,laptop,Normal,0.0,1.0,0.9964,0.018,0.5596,False,Device is trust-compliant.,False,
21,Network Instability,phone,Normal,0.0,1.0,0.9543,0.018,0.57,False,Device is trust-compliant.,False,
21,Network Instability,laptop,Normal,0.0,1.0,0.9824,0.018,0.5631,False,Device is trust-compliant.,False,
22,Network Instability,phone,Normal,0.0,1.0,0.9508,0.018,0.5708,False,Device is trust-compliant.,False,
22,Network Instability,laptop,Normal,0.0,1.0,0.9892,0.018,0.5614,False,Device is trust-compliant.,False,
23,Network Instability,phone,Normal,0.0,1.0,0.9658,0.018,0.5671,False,Device is trust-compliant.,False,
23,Network Instability,laptop,Normal,0.0,1.0,0.9933,0.018,0.5604,False,Device is trust-compliant.,False,
24,Network Instability,phone,Normal,0.0,1.0,0.9588,0.018,0.5689,False,Device is trust-compliant.,False,
24,Network Instability,laptop,Idle,0.0,1.0,0.9959,0.018,0.5597,False,Device is trust-compliant.,False,
25,Network Instability,phone,Idle,0.0,1.0,0.9539,0.018,0.5701,False,Device is trust-compliant.,False,
25,Network Instability,laptop,Normal,0.0,1.0,0.9821,0.018,0.5631,False,Device is trust-compliant.,False,
26,Network Instability,phone,Normal,0.0,1.0,0.9505,0.018,0.5709,False,Device is trust-compliant.,False,
26,Network Instability,laptop,Normal,0.0,1.0,0.9736,0.018,0.5652,False,Device is trust-compliant.,False,
27,Network Instability,phone,Normal,0.0,1.0,0.9481,0.018,0.5715,False,Device is trust-compliant.,False,
27,Network Instability,laptop,Idle,0.0,1.0,0.9683,0.018,0.5665,False,Device is trust-compliant.,False,
28,Network Instability,phone,Normal,0.0,1.0,0.9639,0.018,0.5676,False,Device is trust-compliant.,False,
28,Network Instability,laptop,Idle,0.0,1.0,0.9651,0.018,0.5673,False,Device is trust-compliant.,False,
29,Network Instability,phone,Normal,0.0,1.0,0.9575,0.018,0.5692,False,Device is trust-compliant.,False,
29,Network Instability,laptop,Normal,0.0,1.0,0.9631,0.018,0.5678,False,Device is trust-compliant.,False,
30,Network Instability,phone,Idle,0.0,1.0,0.953,0.018,0.5703,False,Device is trust-compliant.,False,
30,Network Instability,laptop,Normal,0.0,1.0,0.9619,0.018,0.5681,False,Device is trust-compliant.,False,
31,Network Instability,phone,Normal,0.0,1.0,0.9673,0.018,0.5668,False,Device is trust-compliant.,False,
31,Network Instability,laptop,Normal,0.0,1.0,0.9765,0.018,0.5645,False,Device is trust-compliant.,False,
32,Network Instability,phone,Normal,0.0,1.0,0.9598,0.018,0.5686,False,Device is trust-compliant.,False,
32,Network Instability,laptop,Normal,0.0,1.0,0.9855,0.018,0.5623,False,Device is trust-compliant.,False,
33,Network Instability,phone,Normal,0.0,1.0,0.972,0.018,0.5656,False,Device is trust-compliant.,False,
33,Network Instability,laptop,Normal,0.0,1.0,0.9911,0.018,0.5609,False,Device is trust-compliant.,False,
34,Network Instability,phone,Normal,0.0,1.0,0.9805,0.018,0.5635,False,Device is trust-compliant.,False,
34,Network Instability,laptop,Normal,0.0,1.0,0.9329,0.018,0.5752,False,Device is trust-compliant.,False,
35,Network Instability,phone,Normal,0.0,1.0,0.969,0.018,0.5664,False,Device is trust-compliant.,False,
35,Network Instability,laptop,Normal,0.0,1.0,0.9587,0.018,0.5689,False,Device is trust-compliant.,False,
36,Network Instability,phone,Normal,0.0,1.0,0.9784,0.018,0.564,False,Device is trust-compliant.,False,
36,Network Instability,laptop,Normal,0.0,1.0,0.9746,0.018,0.565,False,Device is trust-compliant.,False,
37,Network Instability,phone,Normal,0.0,1.0,0.9853,0.018,0.5623,False,Device is trust-compliant.,False,
37,Network Instability,laptop,Normal,0.0,1.0,0.9848,0.018,0.5625,False,Device is trust-compliant.,False,
38,Network Instability,phone,Normal,0.0,1.0,0.9898,0.018,0.5612,False,Device is trust-compliant.,False,
38,Network Instability,laptop,Normal,0.0,1.0,0.9906,0.018,0.561,False,Device is trust-compliant.,False,
39,Network Instability,phone,Normal,0.0,1.0,0.9931,0.018,0.5604,False,Device is trust-compliant.,False,
39,Network Instability,laptop,Normal,0.0,1.0,0.9788,0.018,0.5639,False,Device is trust-compliant.,False,
40,Network Instability,phone,Normal,0.0,1.0,0.9953,0.018,0.5599,False,Device is trust-compliant.,False,
40,Network Instability,laptop,Normal,0.0,1.0,0.9873,0.018,0.5619,False,Device is trust-compliant.,False,
1,Network Instability,phone,Idle,0.1458,0.8542,0.98,0.0532,0.1088,False,trust-compliant,False,
1,Network Instability,laptop,Idle,0.0942,0.9058,0.98,0.0435,0.0739,False,trust-compliant,False,
2,Network Instability,phone,Idle,0.0,1.0,0.9687,0.018,0.5664,False,trust-compliant,False,
2,Network Instability,laptop,Idle,0.0,1.0,0.9877,0.018,0.5618,False,trust-compliant,False,
3,Network Instability,phone,Idle,0.0,1.0,0.9608,0.018,0.5684,False,trust-compliant,False,
3,Network Instability,laptop,Idle,0.0,1.0,0.977,0.018,0.5644,False,trust-compliant,False,
4,Network Instability,phone,Idle,0.0,1.0,0.9553,0.018,0.5697,False,trust-compliant,False,
4,Network Instability,laptop,Normal,0.0,1.0,0.9704,0.018,0.566,False,trust-compliant,False,
5,Network Instability,phone,Idle,0.0,1.0,0.9515,0.018,0.5706,False,trust-compliant,False,
5,Network Instability,laptop,Idle,0.0,1.0,0.9818,0.018,0.5632,False,trust-compliant,False,
6,Network Instability,phone,Idle,0.0,1.0,0.9488,0.018,0.5713,False,trust-compliant,False,
6,Network Instability,laptop,Idle,0.0,1.0,0.9734,0.018,0.5653,False,trust-compliant,False,
7,Network Instability,phone,Normal,0.0,1.0,0.947,0.018,0.5718,False,trust-compliant,False,
7,Network Instability,laptop,Normal,0.0,1.0,0.9682,0.018,0.5666,False,trust-compliant,False,
8,Network Instability,phone,Normal,0.0,1.0,0.9457,0.018,0.5721,False,trust-compliant,False,
8,Network Instability,laptop,Normal,0.0,1.0,0.9188,0.018,0.5786,False,trust-compliant,False,
9,Network Instability,phone,Normal,0.0,1.0,0.9448,0.018,0.5723,False,trust-compliant,False,
9,Network Instability,laptop,Normal,0.0,1.0,0.9513,0.018,0.5707,False,trust-compliant,False,
10,Network Instability,phone,Normal,0.0,1.0,0.9616,0.018,0.5682,False,trust-compliant,False,
10,Network Instability,laptop,Normal,0.0,1.0,0.9558,0.018,0.5696,False,trust-compliant,False,
11,Network Instability,phone,Normal,0.0,1.0,0.9739,0.018,0.5652,False,Device is trust-compliant.,False,
11,Network Instability,laptop,Normal,0.0,1.0,0.9728,0.018,0.5654,False,Device is trust-compliant.,False,
12,Network Instability,phone,Normal,0.0,1.0,0.9823,0.018,0.5631,False,Device is trust-compliant.,False,
12,Network Instability,laptop,Normal,0.0,1.0,0.9832,0.018,0.5629,False,Device is trust-compliant.,False,
13,Network Instability,phone,Normal,0.0,1.0,0.988,0.018,0.5617,False,Device is trust-compliant.,False,
13,Network Instability,laptop,Normal,0.0,1.0,0.9897,0.018,0.5613,False,Device is trust-compliant.,False,
14,Network Instability,phone,Normal,0.0,1.0,0.9918,0.018,0.5607,False,Device is trust-compliant.,False,
14,Network Instability,laptop,Normal,0.0,1.0,0.9937,0.018,0.5603,False,Device is trust-compliant.,False,
15,Network Instability,phone,Normal,0.0,1.0,0.9774,0.018,0.5643,False,Device is trust-compliant.,False,
15,Network Instability,laptop,Normal,0.0,1.0,0.9962,0.018,0.5597,False,Device is trust-compliant.,False,
16,Network Instability,phone,Normal,0.0,1.0,0.9676,0.018,0.5667,False,Device is trust-compliant.,False,
16,Network Instability,laptop,Normal,0.0,1.0,0.9977,0.018,0.5593,False,Device is trust-compliant.,False,
17,Network Instability,phone,Normal,0.0,1.0,0.978,0.018,0.5641,False,Device is trust-compliant.,False,
17,Network Instability,laptop,Normal,0.0,1.0,0.9986,0.018,0.5591,False,Device is trust-compliant.,False,
18,Network Instability,phone,Normal,0.0,1.0,0.9847,0.018,0.5625,False,Device is trust-compliant.,False,
18,Network Instability,laptop,Normal,0.0,1.0,0.9992,0.018,0.5589,False,Device is trust-compliant.,False,
19,Network Instability,phone,Normal,0.0,1.0,0.9894,0.018,0.5613,False,Device is trust-compliant.,False,
19,Network Instability,laptop,Normal,0.0,1.0,0.9995,0.018,0.5589,False,Device is trust-compliant.,False,
20,Network Instability,phone,Normal,0.0,1.0,0.9752,0.018,0.5648,False,Device is trust-compliant.,False,
20,Network Instability,laptop,Normal,0.0,1.0,0.9997,0.018,0.5588,False,Device is trust-compliant.,False,
21,Network Instability,phone,Normal,0.0,1.0,0.9827,0.018,0.563,False,Device is trust-compliant.,False,
21,Network Instability,laptop,Normal,0.0,1.0,0.9998,0.018,0.5588,False,Device is trust-compliant.,False,
22,Network Instability,phone,Normal,0.0,1.0,0.988,0.018,0.5617,False,Device is trust-compliant.,False,
22,Network Instability,laptop,Normal,0.0,1.0,0.9999,0.018,0.5588,False,Device is trust-compliant.,False,
23,Network Instability,phone,Normal,0.0,1.0,0.9742,0.018,0.5651,False,Device is trust-compliant.,False,
23,Network Instability,laptop,Normal,0.0,1.0,0.9999,0.018,0.5588,False,Device is trust-compliant.,False,
24,Network Instability,phone,Normal,0.0,1.0,0.9646,0.018,0.5674,False,Device is trust-compliant.,False,
24,Network Instability,laptop,Normal,0.0,1.0,0.9849,0.018,0.5624,False,Device is trust-compliant.,False,
25,Network Instability,phone,Idle,0.0,1.0,0.958,0.018,0.5691,False,Device is trust-compliant.,False,
25,Network Instability,laptop,Normal,0.0,1.0,0.9909,0.018,0.561,False,Device is trust-compliant.,False,
26,Network Instability,phone,Idle,0.0,1.0,0.9534,0.018,0.5702,False,Device is trust-compliant.,False,
26,Network Instability,laptop,Normal,0.0,1.0,0.9795,0.018,0.5638,False,Device is trust-compliant.,False,
27,Network Instability,phone,Normal,0.0,1.0,0.9502,0.018,0.571,False,Device is trust-compliant.,False,
27,Network Instability,laptop,Idle,0.0,1.0,0.9727,0.018,0.5654,False,Device is trust-compliant.,False,
28,Network Instability,phone,Normal,0.0,1.0,0.9479,0.018,0.5715,False,Device is trust-compliant.,False,
28,Network Instability,laptop,Idle,0.0,1.0,0.9686,0.018,0.5665,False,Device is trust-compliant.,False,
29,Network Instability,phone,Idle,0.0,1.0,0.9463,0.018,0.5719,False,Device is trust-compliant.,False,
29,Network Instability,laptop,Normal,0.0,1.0,0.9662,0.018,0.567,False,Device is trust-compliant.,False,
30,Network Instability,phone,Normal,0.0,1.0,0.9452,0.018,0.5722,False,Device is trust-compliant.,False,
30,Network Instability,laptop,Normal,0.0,1.0,0.9647,0.018,0.5674,False,Device is trust-compliant.,False,
31,Network Instability,phone,Normal,0.0,1.0,0.9619,0.018,0.5681,False,Device is trust-compliant.,False,
31,Network Instability,laptop,Normal,0.0139,0.9861,0.9153,0.018,0.5846,False,Device is trust-compliant.,False,
32,Network Instability,phone,Normal,0.0,1.0,0.9561,0.018,0.5695,False,Device is trust-compliant.,False,
32,Network Instability,laptop,Normal,0.0,1.0,0.9492,0.018,0.5712,False,Device is trust-compliant.,False,
33,Network Instability,phone,Normal,0.0,1.0,0.952,0.018,0.5705,False,Device is trust-compliant.,False,
33,Network Instability,laptop,Normal,0.0,1.0,0.9695,0.018,0.5662,False,Device is trust-compliant.,False,
34,Network Instability,phone,Normal,0.0,1.0,0.9666,0.018,0.5669,False,Device is trust-compliant.,False,
34,Network Instability,laptop,Normal,0.0,1.0,0.9817,0.018,0.5632,False,Device is trust-compliant.,False,
35,Network Instability,phone,Normal,0.0,1.0,0.9768,0.018,0.5644,False,Device is trust-compliant.,False,
35,Network Instability,laptop,Normal,0.0,1.0,0.989,0.018,0.5614,False,Device is trust-compliant.,False,
36,Network Instability,phone,Normal,0.0,1.0,0.9842,0.018,0.5626,False,Device is trust-compliant.,False,
36,Network Instability,laptop,Normal,0.0,1.0,0.9934,0.018,0.5604,False,Device is trust-compliant.,False,
37,Network Instability,phone,Normal,0.0,1.0,0.9893,0.018,0.5614,False,Device is trust-compliant.,False,
37,Network Instability,laptop,Normal,0.0,1.0,0.996,0.018,0.5597,False,Device is trust-compliant.,False,
38,Network Instability,phone,Normal,0.0,1.0,0.9927,0.018,0.5605,False,Device is trust-compliant.,False,
38,Network Instability,laptop,Normal,0.0,1.0,0.9376,0.018,0.5741,False,Device is trust-compliant.,False,
39,Network Instability,phone,Normal,0.0,1.0,0.995,0.018,0.56,False,Device is trust-compliant.,False,
39,Network Instability,laptop,Normal,0.0,1.0,0.9626,0.018,0.5679,False,Device is trust-compliant.,False,
40,Network Instability,phone,Normal,0.0,1.0,0.9966,0.018,0.5596,False,Device is trust-compliant.,False,
40,Network Instability,laptop,Normal,0.0,1.0,0.9176,0.018,0.5789,False,Device is trust-compliant.,False,
1,Network Instability,phone,Idle,0.0599,0.9401,0.98,0.0736,0.0654,False,trust-compliant,False,
1,Network Instability,laptop,Idle,0.1327,0.8673,0.98,0.0747,0.1095,False,trust-compliant,False,
2,Network Instability,phone,Idle,0.0,1.0,0.9687,0.018,0.5664,False,trust-compliant,False,
2,Network Instability,laptop,Idle,0.0,1.0,0.9723,0.018,0.5655,False,trust-compliant,False,
3,Network Instability,phone,Normal,0.0,1.0,0.9608,0.018,0.5684,False,trust-compliant,False,
3,Network Instability,laptop,Idle,0.0,1.0,0.9675,0.018,0.5667,False,trust-compliant,False,
4,Network Instability,phone,Normal,0.0,1.0,0.9553,0.018,0.5697,False,trust-compliant,False,
4,Network Instability,laptop,Normal,0.0,1.0,0.9646,0.018,0.5674,False,trust-compliant,False,
5,Network Instability,phone,Normal,0.0,1.0,0.9515,0.018,0.5706,False,trust-compliant,False,
5,Network Instability,laptop,Normal,0.0,1.0,0.9628,0.018,0.5679,False,trust-compliant,False,
6,Network Instability,phone,Normal,0.0,1.0,0.9488,0.018,0.5713,False,trust-compliant,False,
6,Network Instability,laptop,Idle,0.0,1.0,0.9617,0.018,0.5681,False,trust-compliant,False,
7,Network Instability,phone,Normal,0.0,1.0,0.9644,0.018,0.5675,False,trust-compliant,False,
7,Network Instability,laptop,Normal,0.0,1.0,0.961,0.018,0.5683,False,trust-compliant,False,
8,Network Instability,phone,Normal,0.0,1.0,0.9578,0.018,0.5691,False,trust-compliant,False,
8,Network Instability,laptop,Normal,0.0,1.0,0.976,0.018,0.5646,False,trust-compliant,False,
9,Network Instability,phone,Normal,0.0,1.0,0.9706,0.018,0.566,False,trust-compliant,False,
9,Network Instability,laptop,Normal,0.0,1.0,0.9856,0.018,0.5623,False,trust-compliant,False,
10,Network Instability,phone,Normal,0.0,1.0,0.9795,0.018,0.5638,False,trust-compliant,False,
10,Network Instability,laptop,Normal,0.0,1.0,0.9911,0.018,0.5609,False,trust-compliant,False,
11,Network Instability,phone,Normal,0.0,1.0,0.9857,0.018,0.5623,False,Device is trust-compliant.,False,
11,Network Instability,laptop,Normal,0.0,1.0,0.9947,0.018,0.56,False,Device is trust-compliant.,False,
12,Network Instability,phone,Normal,0.0,1.0,0.99,0.018,0.5612,False,Device is trust-compliant.,False,
12,Network Instability,laptop,Normal,0.0,1.0,0.9818,0.018,0.5632,False,Device is trust-compliant.,False,
13,Network Instability,phone,Normal,0.0,1.0,0.9932,0.018,0.5604,False,Device is trust-compliant.,False,
13,Network Instability,laptop,Normal,0.0,1.0,0.9891,0.018,0.5614,False,Device is trust-compliant.,False,
14,Network Instability,phone,Normal,0.0,1.0,0.9954,0.018,0.5599,False,Device is trust-compliant.,False,
14,Network Instability,laptop,Normal,0.0,1.0,0.9935,0.018,0.5603,False,Device is trust-compliant.,False,
15,Network Instability,phone,Normal,0.0,1.0,0.9968,0.018,0.5595,False,Device is trust-compliant.,False,
15,Network Instability,laptop,Normal,0.0,1.0,0.9961,0.018,0.5597,False,Device is trust-compliant.,False,
16,Network Instability,phone,Normal,0.0,1.0,0.9978,0.018,0.5593,False,Device is trust-compliant.,False,
16,Network Instability,laptop,Normal,0.0,1.0,0.9827,0.018,0.563,False,Device is trust-compliant.,False,
17,Network Instability,phone,Normal,0.0,1.0,0.9815,0.018,0.5633,False,Device is trust-compliant.,False,
17,Network Instability,laptop,Normal,0.0,1.0,0.9746,0.018,0.565,False,Device is trust-compliant.,False,
18,Network Instability,phone,Normal,0.0,1.0,0.9704,0.018,0.566,False,Device is trust-compliant.,False,
18,Network Instability,laptop,Normal,0.0,1.0,0.9848,0.018,0.5625,False,Device is trust-compliant.,False,
19,Network Instability,phone,Normal,0.0,1.0,0.9629,0.018,0.5679,False,Device is trust-compliant.,False,
19,Network Instability,laptop,Normal,0.0,1.0,0.9906,0.018,0.561,False,Device is trust-compliant.,False,
20,Network Instability,phone,Normal,0.0,1.0,0.9748,0.018,0.5649,False,Device is trust-compliant.,False,
20,Network Instability,laptop,Normal,0.0,1.0,0.9942,0.018,0.5602,False,Device is trust-compliant.,False,
21,Network Instability,phone,Normal,0.0094,0.9906,0.9815,0.018,0.5667,False,Device is trust-compliant.,False,
21,Network Instability,laptop,Normal,0.0,1.0,0.9964,0.018,0.5596,False,Device is trust-compliant.,False,
22,Network Instability,phone,Normal,0.0,1.0,0.9194,0.018,0.5785,False,Device is trust-compliant.,False,
22,Network Instability,laptop,Normal,0.002,0.998,0.9373,0.018,0.5749,False,Device is trust-compliant.,False,
23,Network Instability,phone,Normal,0.0,1.0,0.9452,0.018,0.5722,False,Device is trust-compliant.,False,
23,Network Instability,laptop,Normal,0.0,1.0,0.9024,0.018,0.5826,False,Device is trust-compliant.,False,
24,Network Instability,phone,Normal,0.0,1.0,0.9627,0.018,0.5679,False,Device is trust-compliant.,False,
24,Network Instability,laptop,Normal,0.0,1.0,0.9414,0.018,0.5731,False,Device is trust-compliant.,False,
25,Network Instability,phone,Normal,0.0,1.0,0.9746,0.018,0.565,False,Device is trust-compliant.,False,
25,Network Instability,laptop,Normal,0.0,1.0,0.9048,0.018,0.5821,False,Device is trust-compliant.,False,
26,Network Instability,phone,Normal,0.0,1.0,0.9827,0.018,0.563,False,Device is trust-compliant.,False,
26,Network Instability,laptop,Normal,0.0,1.0,0.9429,0.018,0.5728,False,Device is trust-compliant.,False,
27,Network Instability,phone,Normal,0.0,1.0,0.9202,0.018,0.5783,False,Device is trust-compliant.,False,
27,Network Instability,laptop,Normal,0.0,1.0,0.9657,0.018,0.5672,False,Device is trust-compliant.,False,
28,Network Instability,phone,Normal,0.0,1.0,0.9457,0.018,0.5721,False,Device is trust-compliant.,False,
28,Network Instability,laptop,Normal,0.0,1.0,0.9194,0.018,0.5785,False,Device is trust-compliant.,False,
29,Network Instability,phone,Normal,0.0,1.0,0.9631,0.018,0.5678,False,Device is trust-compliant.,False,
29,Network Instability,laptop,Normal,0.0,1.0,0.8916,0.018,0.5853,False,Device is trust-compliant.,False,
30,Network Instability,phone,Normal,0.0,1.0,0.9749,0.018,0.5649,False,Device is trust-compliant.,False,
30,Network Instability,laptop,Normal,0.0,1.0,0.935,0.018,0.5747,False,Device is trust-compliant.,False,
31,Network Instability,phone,Normal,0.0,1.0,0.9829,0.018,0.5629,False,Device is trust-compliant.,False,
31,Network Instability,laptop,Normal,0.0,1.0,0.961,0.018,0.5683,False,Device is trust-compliant.,False,
32,Network Instability,phone,Normal,0.0,1.0,0.9204,0.018,0.5783,False,Device is trust-compliant.,False,
32,Network Instability,laptop,Normal,0.0,1.0,0.9766,0.018,0.5645,False,Device is trust-compliant.,False,
33,Network Instability,phone,Normal,0.0,1.0,0.9459,0.018,0.572,False,Device is trust-compliant.,False,
33,Network Instability,laptop,Normal,0.0,1.0,0.986,0.018,0.5622,False,Device is trust-compliant.,False,
34,Network Instability,phone,Normal,0.0,1.0,0.8952,0.018,0.5844,False,Device is trust-compliant.,False,
34,Network Instability,laptop,Normal,0.0,1.0,0.9916,0.018,0.5608,False,Device is trust-compliant.,False,
35,Network Instability,phone,Normal,0.0,1.0,0.9287,0.018,0.5762,False,Device is trust-compliant.,False,
35,Network Instability,laptop,Normal,0.0,1.0,0.935,0.018,0.5747,False,Device is trust-compliant.,False,
36,Network Instability,phone,Normal,0.0,1.0,0.8835,0.018,0.5872,False,Device is trust-compliant.,False,
36,Network Instability,laptop,Normal,0.0,1.0,0.961,0.018,0.5683,False,Device is trust-compliant.,False,
37,Network Instability,phone,Normal,0.0,1.0,0.8528,0.018,0.5946,False,Device is trust-compliant.,False,
37,Network Instability,laptop,Normal,0.0,1.0,0.9766,0.018,0.5645,False,Device is trust-compliant.,False,
38,Network Instability,phone,Normal,0.0,1.0,0.8319,0.018,0.5997,False,Device is trust-compliant.,False,
38,Network Instability,laptop,Normal,0.0,1.0,0.986,0.018,0.5622,False,Device is trust-compliant.,False,
39,Network Instability,phone,Normal,0.0,1.0,0.8857,0.018,0.5867,False,Device is trust-compliant.,False,
39,Network Instability,laptop,Normal,0.0,1.0,0.9916,0.018,0.5608,False,Device is trust-compliant.,False,
40,Network Instability,phone,Normal,0.0,1.0,0.9223,0.018,0.5778,False,Device is trust-compliant.,False,
40,Network Instability,laptop,Normal,0.0,1.0,0.935,0.018,0.5747,False,Device is trust-compliant.,False,
1,Network Instability,phone,Idle,0.0693,0.9307,0.98,0.065,0.0676,False,trust-compliant,False,
1,Network Instability,laptop,Idle,0.0568,0.9432,0.98,0.0225,0.0431,False,trust-compliant,False,
2,Network Instability,phone,Idle,0.0,1.0,0.9687,0.018,0.5664,False,trust-compliant,False,
2,Network Instability,laptop,Idle,0.0,1.0,0.9723,0.018,0.5655,False,trust-compliant,False,
3,Network Instability,phone,Normal,0.0,1.0,0.9608,0.018,0.5684,False,trust-compliant,False,
3,Network Instability,laptop,Normal,0.0132,0.9868,0.9801,0.018,0.5685,False,trust-compliant,False,
4,Network Instability,phone,Normal,0.0,1.0,0.9553,0.018,0.5697,False,trust-compliant,False,
4,Network Instability,laptop,Normal,0.0,1.0,0.9881,0.018,0.5617,False,trust-compliant,False,
5,Network Instability,phone,Normal,0.0,1.0,0.9515,0.018,0.5706,False,trust-compliant,False,
5,Network Instability,laptop,Normal,0.0,1.0,0.9929,0.018,0.5605,False,trust-compliant,False,
6,Network Instability,phone,Normal,0.0,1.0,0.9488,0.018,0.5713,False,trust-compliant,False,
6,Network Instability,laptop,Normal,0.0,1.0,0.9957,0.018,0.5598,False,trust-compliant,False,
7,Network Instability,phone,Normal,0.0,1.0,0.947,0.018,0.5718,False,trust-compliant,False,
7,Network Instability,laptop,Normal,0.0,1.0,0.9974,0.018,0.5594,False,trust-compliant,False,
8,Network Instability,phone,Normal,0.0,1.0,0.9631,0.018,0.5678,False,trust-compliant,False,
8,Network Instability,laptop,Normal,0.0,1.0,0.9384,0.018,0.5739,False,trust-compliant,False,
9,Network Instability,phone,Normal,0.0,1.0,0.9749,0.018,0.5649,False,trust-compliant,False,
9,Network Instability,laptop,Normal,0.0,1.0,0.903,0.018,0.5825,False,trust-compliant,False,
10,Network Instability,phone,Normal,0.0,1.0,0.9829,0.018,0.5629,False,trust-compliant,False,
10,Network Instability,laptop,Normal,0.0,1.0,0.9418,0.018,0.573,False,trust-compliant,False,
11,Network Instability,phone,Normal,0.0,1.0,0.9881,0.018,0.5617,False,Device is trust-compliant.,False,
11,Network Instability,laptop,Normal,0.0,1.0,0.9651,0.018,0.5673,False,Device is trust-compliant.,False,
12,Network Instability,phone,Normal,0.0,1.0,0.9919,0.018,0.5607,False,Device is trust-compliant.,False,
12,Network Instability,laptop,Normal,0.0,1.0,0.9791,0.018,0.5639,False,Device is trust-compliant.,False,
13,Network Instability,phone,Normal,0.0,1.0,0.9775,0.018,0.5643,False,Device is trust-compliant.,False,
13,Network Instability,laptop,Normal,0.0,1.0,0.9275,0.018,0.5765,False,Device is trust-compliant.,False,
14,Network Instability,phone,Normal,0.0,1.0,0.9847,0.018,0.5625,False,Device is trust-compliant.,False,
14,Network Instability,laptop,Normal,0.0,1.0,0.9565,0.018,0.5694,False,Device is trust-compliant.,False,
15,Network Instability,phone,Normal,0.0,1.0,0.9896,0.018,0.5613,False,Device is trust-compliant.,False,
15,Network Instability,laptop,Normal,0.0,1.0,0.9139,0.018,0.5798,False,Device is trust-compliant.,False,
16,Network Instability,phone,Normal,0.0,1.0,0.9759,0.018,0.5647,False,Device is trust-compliant.,False,
16,Network Instability,laptop,Normal,0.0,1.0,0.9483,0.018,0.5714,False,Device is trust-compliant.,False,
17,Network Instability,phone,Normal,0.0,1.0,0.9832,0.018,0.5629,False,Device is trust-compliant.,False,
17,Network Instability,laptop,Normal,0.0,1.0,0.969,0.018,0.5664,False,Device is trust-compliant.,False,
18,Network Instability,phone,Normal,0.0,1.0,0.9886,0.018,0.5615,False,Device is trust-compliant.,False,
18,Network Instability,laptop,Normal,0.0,1.0,0.9809,0.018,0.5634,False,Device is trust-compliant.,False,
19,Network Instability,phone,Normal,0.0,1.0,0.9922,0.018,0.5606,False,Device is trust-compliant.,False,
19,Network Instability,laptop,Normal,0.0,1.0,0.9728,0.018,0.5654,False,Device is trust-compliant.,False,
20,Network Instability,phone,Normal,0.0,1.0,0.9946,0.018,0.5601,False,Device is trust-compliant.,False,
20,Network Instability,laptop,Normal,0.0,1.0,0.9832,0.018,0.5629,False,Device is trust-compliant.,False,
21,Network Instability,phone,Normal,0.0,1.0,0.9962,0.018,0.5597,False,Device is trust-compliant.,False,
21,Network Instability,laptop,Normal,0.0,1.0,0.9899,0.018,0.5612,False,Device is trust-compliant.,False,
22,Network Instability,phone,Normal,0.0,1.0,0.9974,0.018,0.5594,False,Device is trust-compliant.,False,
22,Network Instability,laptop,Normal,0.0,1.0,0.9939,0.018,0.5602,False,Device is trust-compliant.,False,
23,Network Instability,phone,Normal,0.0,1.0,0.9982,0.018,0.5592,False,Device is trust-compliant.,False,
23,Network Instability,laptop,Normal,0.0,1.0,0.9963,0.018,0.5596,False,Device is trust-compliant.,False,
24,Network Instability,phone,Normal,0.0,1.0,0.9818,0.018,0.5632,False,Device is trust-compliant.,False,
24,Network Instability,laptop,Normal,0.0,1.0,0.9828,0.018,0.563,False,Device is trust-compliant.,False,
25,Network Instability,phone,Idle,0.0,1.0,0.9706,0.018,0.566,False,Device is trust-compliant.,False,
25,Network Instability,laptop,Normal,0.0,1.0,0.9747,0.018,0.565,False,Device is trust-compliant.,False,
26,Network Instability,phone,Normal,0.0,1.0,0.963,0.018,0.5678,False,Device is trust-compliant.,False,
26,Network Instability,laptop,Idle,0.0,1.0,0.9698,0.018,0.5662,False,Device is trust-compliant.,False,
27,Network Instability,phone,Normal,0.0,1.0,0.9578,0.018,0.5691,False,Device is trust-compliant.,False,
27,Network Instability,laptop,Idle,0.0,1.0,0.9669,0.018,0.5669,False,Device is trust-compliant.,False,
28,Network Instability,phone,Normal,0.0,1.0,0.9543,0.018,0.57,False,Device is trust-compliant.,False,
28,Network Instability,laptop,Idle,0.0,1.0,0.9651,0.018,0.5673,False,Device is trust-compliant.,False,
29,Network Instability,phone,Normal,0.0,1.0,0.9519,0.018,0.5706,False,Device is trust-compliant.,False,
29,Network Instability,laptop,Idle,0.0,1.0,0.9641,0.018,0.5676,False,Device is trust-compliant.,False,
30,Network Instability,phone,Idle,0.0,1.0,0.9503,0.018,0.5709,False,Device is trust-compliant.,False,
30,Network Instability,laptop,Idle,0.0,1.0,0.9785,0.018,0.564,False,Device is trust-compliant.,False,
31,Network Instability,phone,Normal,0.0,1.0,0.9662,0.018,0.567,False,Device is trust-compliant.,False,
31,Network Instability,laptop,Normal,0.0,1.0,0.9271,0.018,0.5766,False,Device is trust-compliant.,False,
32,Network Instability,phone,Normal,0.0,1.0,0.977,0.018,0.5644,False,Device is trust-compliant.,False,
32,Network Instability,laptop,Normal,0.0,1.0,0.9413,0.018,0.5731,False,Device is trust-compliant.,False,
33,Network Instability,phone,Normal,0.0,1.0,0.9844,0.018,0.5626,False,Device is trust-compliant.,False,
33,Network Instability,laptop,Normal,0.0,1.0,0.9638,0.018,0.5676,False,Device is trust-compliant.,False,
34,Network Instability,phone,Normal,0.0,1.0,0.9724,0.018,0.5655,False,Device is trust-compliant.,False,
34,Network Instability,laptop,Normal,0.0,1.0,0.9783,0.018,0.5641,False,Device is trust-compliant.,False,
35,Network Instability,phone,Normal,0.0,1.0,0.9812,0.018,0.5634,False,Device is trust-compliant.,False,
35,Network Instability,laptop,Normal,0.0,1.0,0.9866,0.018,0.562,False,Device is trust-compliant.,False,
36,Network Instability,phone,Normal,0.0,1.0,0.9869,0.018,0.562,False,Device is trust-compliant.,False,
36,Network Instability,laptop,Normal,0.0,1.0,0.9917,0.018,0.5608,False,Device is trust-compliant.,False,
37,Network Instability,phone,Normal,0.0,1.0,0.9909,0.018,0.561,False,Device is trust-compliant.,False,
37,Network Instability,laptop,Normal,0.0,1.0,0.9795,0.018,0.5638,False,Device is trust-compliant.,False,
38,Network Instability,phone,Normal,0.0,1.0,0.9763,0.018,0.5646,False,Device is trust-compliant.,False,
38,Network Instability,laptop,Normal,0.0,1.0,0.9874,0.018,0.5618,False,Device is trust-compliant.,False,
39,Network Instability,phone,Normal,0.0,1.0,0.9835,0.018,0.5628,False,Device is trust-compliant.,False,
39,Network Instability,laptop,Normal,0.0,1.0,0.9922,0.018,0.5606,False,Device is trust-compliant.,False,
40,Network Instability,phone,Normal,0.0,1.0,0.9711,0.018,0.5658,False,Device is trust-compliant.,False,
40,Network Instability,laptop,Normal,0.0092,0.9908,0.993,0.018,0.5638,False,Device is trust-compliant.,False,
1,Network Instability,phone,Normal,0.0113,0.9887,1.0,0.0797,0.0386,False,trust-compliant,False,
1,Network Instability,laptop,Idle,0.0751,0.9249,0.98,0.0657,0.0713,False,trust-compliant,False,
2,Network Instability,phone,Idle,0.0,1.0,0.9826,0.018,0.563,False,trust-compliant,False,
2,Network Instability,laptop,Idle,0.0,1.0,0.9877,0.018,0.5618,False,trust-compliant,False,
3,Network Instability,phone,Idle,0.0,1.0,0.9705,0.018,0.566,False,trust-compliant,False,
3,Network Instability,laptop,Idle,0.0,1.0,0.977,0.018,0.5644,False,trust-compliant,False,
4,Network Instability,phone,Normal,0.0,1.0,0.9621,0.018,0.5681,False,trust-compliant,False,
4,Network Instability,laptop,Idle,0.0,1.0,0.9704,0.018,0.566,False,trust-compliant,False,
5,Network Instability,phone,Normal,0.0,1.0,0.9736,0.018,0.5652,False,trust-compliant,False,
5,Network Instability,laptop,Normal,0.0,1.0,0.9664,0.018,0.567,False,trust-compliant,False,
6,Network Instability,phone,Idle,0.0,1.0,0.9816,0.018,0.5633,False,trust-compliant,False,
6,Network Instability,laptop,Normal,0.0,1.0,0.9639,0.018,0.5676,False,trust-compliant,False,
7,Network Instability,phone,Normal,0.0,1.0,0.9872,0.018,0.5619,False,trust-compliant,False,
7,Network Instability,laptop,Normal,0.0,1.0,0.9624,0.018,0.568,False,trust-compliant,False,
8,Network Instability,phone,Normal,0.0,1.0,0.9911,0.018,0.5609,False,trust-compliant,False,
8,Network Instability,laptop,Normal,0.0,1.0,0.9614,0.018,0.5682,False,trust-compliant,False,
9,Network Instability,phone,Normal,0.0,1.0,0.9938,0.018,0.5603,False,trust-compliant,False,
9,Network Instability,laptop,Normal,0.0,1.0,0.9608,0.018,0.5684,False,trust-compliant,False,
10,Network Instability,phone,Normal,0.0,1.0,0.9957,0.018,0.5598,False,trust-compliant,False,
10,Network Instability,laptop,Normal,0.0,1.0,0.9765,0.018,0.5645,False,trust-compliant,False,
11,Network Instability,phone,Normal,0.0,1.0,0.997,0.018,0.5595,False,Device is trust-compliant.,False,
11,Network Instability,laptop,Normal,0.0,1.0,0.9709,0.018,0.5659,False,Device is trust-compliant.,False,
12,Network Instability,phone,Normal,0.0,1.0,0.9979,0.018,0.5592,False,Device is trust-compliant.,False,
12,Network Instability,laptop,Normal,0.0,1.0,0.9825,0.018,0.563,False,Device is trust-compliant.,False,
13,Network Instability,phone,Normal,0.0,1.0,0.9811,0.018,0.5634,False,Device is trust-compliant.,False,
13,Network Instability,laptop,Normal,0.0,1.0,0.9745,0.018,0.565,False,Device is trust-compliant.,False,
14,Network Instability,phone,Normal,0.0,1.0,0.9868,0.018,0.562,False,Device is trust-compliant.,False,
14,Network Instability,laptop,Normal,0.0,1.0,0.9847,0.018,0.5625,False,Device is trust-compliant.,False,
15,Network Instability,phone,Normal,0.0,1.0,0.9734,0.018,0.5653,False,Device is trust-compliant.,False,
15,Network Instability,laptop,Normal,0.0,1.0,0.9758,0.018,0.5647,False,Device is trust-compliant.,False,
16,Network Instability,phone,Normal,0.0,1.0,0.9815,0.018,0.5633,False,Device is trust-compliant.,False,
16,Network Instability,laptop,Normal,0.0,1.0,0.9705,0.018,0.566,False,Device is trust-compliant.,False,
17,Network Instability,phone,Normal,0.0,1.0,0.9871,0.018,0.5619,False,Device is trust-compliant.,False,
17,Network Instability,laptop,Normal,0.0,1.0,0.9673,0.018,0.5668,False,Device is trust-compliant.,False,
18,Network Instability,phone,Normal,0.0,1.0,0.991,0.018,0.5609,False,Device is trust-compliant.,False,
18,Network Instability,laptop,Normal,0.0,1.0,0.9654,0.018,0.5672,False,Device is trust-compliant.,False,
19,Network Instability,phone,Normal,0.0,1.0,0.9241,0.018,0.5773,False,Device is trust-compliant.,False,
19,Network Instability,laptop,Normal,0.0,1.0,0.9642,0.018,0.5675,False,Device is trust-compliant.,False,
20,Network Instability,phone,Normal,0.0,1.0,0.9484,0.018,0.5714,False,Device is trust-compliant.,False,
20,Network Instability,laptop,Normal,0.0,1.0,0.9635,0.018,0.5677,False,Device is trust-compliant.,False,
21,Network Instability,phone,Normal,0.0,1.0,0.9641,0.018,0.5676,False,Device is trust-compliant.,False,
21,Network Instability,laptop,Normal,0.0,1.0,0.9631,0.018,0.5678,False,Device is trust-compliant.,False,
22,Network Instability,phone,Normal,0.0,1.0,0.975,0.018,0.5649,False,Device is trust-compliant.,False,
22,Network Instability,laptop,Normal,0.0,1.0,0.9629,0.018,0.5679,False,Device is trust-compliant.,False,
23,Network Instability,phone,Normal,0.0,1.0,0.9826,0.018,0.563,False,Device is trust-compliant.,False,
23,Network Instability,laptop,Normal,0.0,1.0,0.9771,0.018,0.5644,False,Device is trust-compliant.,False,
24,Network Instability,phone,Idle,0.0,1.0,0.9705,0.018,0.566,False,Device is trust-compliant.,False,
24,Network Instability,laptop,Idle,0.0,1.0,0.9705,0.018,0.566,False,Device is trust-compliant.,False,
25,Network Instability,phone,Idle,0.0,1.0,0.9621,0.018,0.5681,False,Device is trust-compliant.,False,
25,Network Instability,laptop,Idle,0.0,1.0,0.9664,0.018,0.567,False,Device is trust-compliant.,False,
26,Network Instability,phone,Idle,0.0,1.0,0.9562,0.018,0.5695,False,Device is trust-compliant.,False,
26,Network Instability,laptop,Idle,0.0,1.0,0.9639,0.018,0.5676,False,Device is trust-compliant.,False,
27,Network Instability,phone,Idle,0.0,1.0,0.9521,0.018,0.5705,False,Device is trust-compliant.,False,
27,Network Instability,laptop,Idle,0.0,1.0,0.9624,0.018,0.568,False,Device is trust-compliant.,False,
28,Network Instability,phone,Normal,0.0,1.0,0.9493,0.018,0.5712,False,Device is trust-compliant.,False,
28,Network Instability,laptop,Normal,0.0,1.0,0.9614,0.018,0.5682,False,Device is trust-compliant.,False,
29,Network Instability,phone,Idle,0.0,1.0,0.9473,0.018,0.5717,False,Device is trust-compliant.,False,
29,Network Instability,laptop,Normal,0.0,1.0,0.9608,0.018,0.5684,False,Device is trust-compliant.,False,
30,Network Instability,phone,Idle,0.0,1.0,0.9459,0.018,0.572,False,Device is trust-compliant.,False,
30,Network Instability,laptop,Normal,0.0,1.0,0.9759,0.018,0.5647,False,Device is trust-compliant.,False,
31,Network Instability,phone,Normal,0.0,1.0,0.9623,0.018,0.568,False,Device is trust-compliant.,False,
31,Network Instability,laptop,Normal,0.0,1.0,0.9698,0.018,0.5662,False,Device is trust-compliant.,False,
32,Network Instability,phone,Normal,0.0,1.0,0.9564,0.018,0.5694,False,Device is trust-compliant.,False,
32,Network Instability,laptop,Normal,0.0,1.0,0.966,0.018,0.5671,False,Device is trust-compliant.,False,
33,Network Instability,phone,Normal,0.0,1.0,0.9523,0.018,0.5705,False,Device is trust-compliant.,False,
33,Network Instability,laptop,Normal,0.0,1.0,0.9796,0.018,0.5638,False,Device is trust-compliant.,False,
34,Network Instability,phone,Normal,0.0,1.0,0.9668,0.018,0.5669,False,Device is trust-compliant.,False,
34,Network Instability,laptop,Normal,0.0,1.0,0.9874,0.018,0.5618,False,Device is trust-compliant.,False,
35,Network Instability,phone,Normal,0.0,1.0,0.9073,0.018,0.5814,False,Device is trust-compliant.,False,
35,Network Instability,laptop,Normal,0.0,1.0,0.9306,0.018,0.5758,False,Device is trust-compliant.,False,
36,Network Instability,phone,Normal,0.0,1.0,0.9355,0.018,0.5746,False,Device is trust-compliant.,False,
36,Network Instability,laptop,Normal,0.0,1.0,0.9572,0.018,0.5693,False,Device is trust-compliant.,False,
37,Network Instability,phone,Normal,0.0,1.0,0.9561,0.018,0.5695,False,Device is trust-compliant.,False,
37,Network Instability,laptop,Normal,0.0,1.0,0.9743,0.018,0.5651,False,Device is trust-compliant.,False,
38,Network Instability,phone,Normal,0.0,1.0,0.952,0.018,0.5705,False,Device is trust-compliant.,False,
38,Network Instability,laptop,Normal,0.0,1.0,0.9842,0.018,0.5626,False,Device is trust-compliant.,False,
39,Network Instability,phone,Normal,0.0,1.0,0.9674,0.018,0.5667,False,Device is trust-compliant.,False,
39,Network Instability,laptop,Normal,0.0,1.0,0.9903,0.018,0.5611,False,Device is trust-compliant.,False,
40,Network Instability,phone,Normal,0.0,1.0,0.9778,0.018,0.5642,False,Device is trust-compliant.,False,
40,Network Instability,laptop,Normal,0.0,1.0,0.9942,0.018,0.5602,False,Device is trust-compliant.,False,
1,Network Instability,phone,Idle,0.125,0.875,0.98,0.0578,0.0981,False,trust-compliant,False,
1,Network Instability,laptop,Idle,0.1357,0.8643,0.98,0.0534,0.1028,False,trust-compliant,False,
2,Network Instability,phone,Idle,0.0,1.0,0.9687,0.018,0.5664,False,trust-compliant,False,
2,Network Instability,laptop,Normal,0.0,1.0,0.9723,0.018,0.5655,False,trust-compliant,False,
3,Network Instability,phone,Idle,0.0,1.0,0.9608,0.018,0.5684,False,trust-compliant,False,
3,Network Instability,laptop,Idle,0.0,1.0,0.9675,0.018,0.5667,False,trust-compliant,False,
4,Network Instability,phone,Idle,0.0,1.0,0.9553,0.018,0.5697,False,trust-compliant,False,
4,Network Instability,laptop,Idle,0.0,1.0,0.9646,0.018,0.5674,False,trust-compliant,False,
5,Network Instability,phone,Idle,0.0,1.0,0.9515,0.018,0.5706,False,trust-compliant,False,
5,Network Instability,laptop,Normal,0.0,1.0,0.9628,0.018,0.5679,False,trust-compliant,False,
6,Network Instability,phone,Normal,0.0,1.0,0.8966,0.018,0.584,False,trust-compliant,False,
6,Network Instability,laptop,Normal,0.0,1.0,0.9617,0.018,0.5681,False,trust-compliant,False,
7,Network Instability,phone,Normal,0.0,1.0,0.928,0.018,0.5764,False,trust-compliant,False,
7,Network Instability,laptop,Normal,0.0,1.0,0.9148,0.018,0.5796,False,trust-compliant,False,
8,Network Instability,phone,Normal,0.0,1.0,0.9325,0.018,0.5753,False,trust-compliant,False,
8,Network Instability,laptop,Normal,0.0,1.0,0.9321,0.018,0.5754,False,trust-compliant,False,
9,Network Instability,phone,Normal,0.0,1.0,0.953,0.018,0.5703,False,trust-compliant,False,
9,Network Instability,laptop,Normal,0.0,1.0,0.9428,0.018,0.5728,False,trust-compliant,False,
10,Network Instability,phone,Normal,0.0,1.0,0.9673,0.018,0.5668,False,trust-compliant,False,
10,Network Instability,laptop,Normal,0.0,1.0,0.9494,0.018,0.5712,False,trust-compliant,False,
11,Network Instability,phone,Normal,0.0,1.0,0.9772,0.018,0.5643,False,Device is trust-compliant.,False,
11,Network Instability,laptop,Normal,0.0,1.0,0.9688,0.018,0.5664,False,Device is trust-compliant.,False,
12,Network Instability,phone,Normal,0.0,1.0,0.9845,0.018,0.5625,False,Device is trust-compliant.,False,
12,Network Instability,laptop,Normal,0.0,1.0,0.9808,0.018,0.5635,False,Device is trust-compliant.,False,
13,Network Instability,phone,Normal,0.0,1.0,0.9895,0.018,0.5613,False,Device is trust-compliant.,False,
13,Network Instability,laptop,Normal,0.0,1.0,0.9882,0.018,0.5616,False,Device is trust-compliant.,False,
14,Network Instability,phone,Normal,0.0,1.0,0.9927,0.018,0.5605,False,Device is trust-compliant.,False,
14,Network Instability,laptop,Normal,0.0,1.0,0.9927,0.018,0.5605,False,Device is trust-compliant.,False,
15,Network Instability,phone,Normal,0.0,1.0,0.995,0.018,0.56,False,Device is trust-compliant.,False,
15,Network Instability,laptop,Normal,0.0,1.0,0.9955,0.018,0.5598,False,Device is trust-compliant.,False,
16,Network Instability,phone,Normal,0.0,1.0,0.9966,0.018,0.5596,False,Device is trust-compliant.,False,
16,Network Instability,laptop,Normal,0.0,1.0,0.9972,0.018,0.5594,False,Device is trust-compliant.,False,
17,Network Instability,phone,Normal,0.0,1.0,0.9802,0.018,0.5636,False,Device is trust-compliant.,False,
17,Network Instability,laptop,Normal,0.0,1.0,0.9983,0.018,0.5591,False,Device is trust-compliant.,False,
18,Network Instability,phone,Normal,0.0,1.0,0.9865,0.018,0.5621,False,Device is trust-compliant.,False,
18,Network Instability,laptop,Normal,0.0,1.0,0.9836,0.018,0.5628,False,Device is trust-compliant.,False,
19,Network Instability,phone,Normal,0.0,1.0,0.9908,0.018,0.561,False,Device is trust-compliant.,False,
19,Network Instability,laptop,Normal,0.0,1.0,0.9902,0.018,0.5611,False,Device is trust-compliant.,False,
20,Network Instability,phone,Normal,0.0,1.0,0.9767,0.018,0.5645,False,Device is trust-compliant.,False,
20,Network Instability,laptop,Normal,0.0,1.0,0.9941,0.018,0.5602,False,Device is trust-compliant.,False,
21,Network Instability,phone,Normal,0.0,1.0,0.9842,0.018,0.5626,False,Device is trust-compliant.,False,
21,Network Instability,laptop,Normal,0.0,1.0,0.9964,0.018,0.5596,False,Device is trust-compliant.,False,
22,Network Instability,phone,Normal,0.0,1.0,0.9723,0.018,0.5655,False,Device is trust-compliant.,False,
22,Network Instability,laptop,Normal,0.0,1.0,0.9978,0.018,0.5593,False,Device is trust-compliant.,False,
23,Network Instability,phone,Normal,0.0,1.0,0.9642,0.018,0.5675,False,Device is trust-compliant.,False,
23,Network Instability,laptop,Normal,0.0,1.0,0.9987,0.018,0.559,False,Device is trust-compliant.,False,
24,Network Instability,phone,Normal,0.0,1.0,0.9757,0.018,0.5647,False,Device is trust-compliant.,False,
24,Network Instability,laptop,Normal,0.0,1.0,0.9992,0.018,0.5589,False,Device is trust-compliant.,False,
25,Network Instability,phone,Idle,0.0,1.0,0.9665,0.018,0.567,False,Device is trust-compliant.,False,
25,Network Instability,laptop,Idle,0.0,1.0,0.9845,0.018,0.5625,False,Device is trust-compliant.,False,
26,Network Instability,phone,Idle,0.0,1.0,0.9602,0.018,0.5685,False,Device is trust-compliant.,False,
26,Network Instability,laptop,Idle,0.0,1.0,0.9907,0.018,0.561,False,Device is trust-compliant.,False,
27,Network Instability,phone,Idle,0.0,1.0,0.9559,0.018,0.5696,False,Device is trust-compliant.,False,
27,Network Instability,laptop,Normal,0.0,1.0,0.9794,0.018,0.5638,False,Device is trust-compliant.,False,
28,Network Instability,phone,Idle,0.0,1.0,0.97,0.018,0.5661,False,Device is trust-compliant.,False,
28,Network Instability,laptop,Normal,0.0,1.0,0.9726,0.018,0.5655,False,Device is trust-compliant.,False,
29,Network Instability,phone,Normal,0.0,1.0,0.9626,0.018,0.5679,False,Device is trust-compliant.,False,
29,Network Instability,laptop,Idle,0.0,1.0,0.9836,0.018,0.5628,False,Device is trust-compliant.,False,
30,Network Instability,phone,Normal,0.0,1.0,0.9576,0.018,0.5692,False,Device is trust-compliant.,False,
30,Network Instability,laptop,Idle,0.0,1.0,0.9752,0.018,0.5648,False,Device is trust-compliant.,False,
31,Network Instability,phone,Normal,0.0,1.0,0.9542,0.018,0.57,False,Device is trust-compliant.,False,
31,Network Instability,laptop,Normal,0.0,1.0,0.9851,0.018,0.5624,False,Device is trust-compliant.,False,
32,Network Instability,phone,Normal,0.0,1.0,0.9689,0.018,0.5664,False,Device is trust-compliant.,False,
32,Network Instability,laptop,Normal,0.0,1.0,0.9911,0.018,0.5609,False,Device is trust-compliant.,False,
33,Network Instability,phone,Normal,0.0,1.0,0.9789,0.018,0.5639,False,Device is trust-compliant.,False,
33,Network Instability,laptop,Normal,0.0,1.0,0.9347,0.018,0.5748,False,Device is trust-compliant.,False,
34,Network Instability,phone,Normal,0.0,1.0,0.9857,0.018,0.5623,False,Device is trust-compliant.,False,
34,Network Instability,laptop,Normal,0.0,1.0,0.9608,0.018,0.5684,False,Device is trust-compliant.,False,
35,Network Instability,phone,Normal,0.0,1.0,0.9903,0.018,0.5611,False,Device is trust-compliant.,False,
35,Network Instability,laptop,Normal,0.0,1.0,0.9759,0.018,0.5647,False,Device is trust-compliant.,False,
36,Network Instability,phone,Normal,0.0,1.0,0.9934,0.018,0.5604,False,Device is trust-compliant.,False,
36,Network Instability,laptop,Normal,0.0,1.0,0.9855,0.018,0.5623,False,Device is trust-compliant.,False,
37,Network Instability,phone,Normal,0.0,1.0,0.9785,0.018,0.564,False,Device is trust-compliant.,False,
37,Network Instability,laptop,Normal,0.0,1.0,0.9913,0.018,0.5609,False,Device is trust-compliant.,False,
38,Network Instability,phone,Normal,0.0,1.0,0.985,0.018,0.5624,False,Device is trust-compliant.,False,
38,Network Instability,laptop,Normal,0.0,1.0,0.9946,0.018,0.5601,False,Device is trust-compliant.,False,
39,Network Instability,phone,Normal,0.0,1.0,0.9896,0.018,0.5613,False,Device is trust-compliant.,False,
39,Network Instability,laptop,Normal,0.0,1.0,0.9967,0.018,0.5595,False,Device is trust-compliant.,False,
40,Network Instability,phone,Normal,0.0,1.0,0.9928,0.018,0.5605,False,Device is trust-compliant.,False,
40,Network Instability,laptop,Normal,0.0,1.0,0.998,0.018,0.5592,False,Device is trust-compliant.,False,
1,Network Instability,phone,Idle,0.0999,0.9001,0.98,0.0532,0.0812,False,trust-compliant,False,
1,Network Instability,laptop,Idle,0.0853,0.9147,0.98,0.067,0.078,False,trust-compliant,False,
2,Network Instability,phone,Idle,0.0,1.0,0.9687,0.018,0.5664,False,trust-compliant,False,
2,Network Instability,laptop,Idle,0.0,1.0,0.9723,0.018,0.5655,False,trust-compliant,False,
3,Network Instability,phone,Normal,0.0,1.0,0.9608,0.018,0.5684,False,trust-compliant,False,
3,Network Instability,laptop,Idle,0.0,1.0,0.9675,0.018,0.5667,False,trust-compliant,False,
4,Network Instability,phone,Idle,0.0,1.0,0.9553,0.018,0.5697,False,trust-compliant,False,
4,Network Instability,laptop,Normal,0.0,1.0,0.9646,0.018,0.5674,False,trust-compliant,False,
5,Network Instability,phone,Normal,0.0,1.0,0.9515,0.018,0.5706,False,trust-compliant,False,
5,Network Instability,laptop,Idle,0.0,1.0,0.9628,0.018,0.5679,False,trust-compliant,False,
6,Network Instability,phone,Idle,0.0,1.0,0.9488,0.018,0.5713,False,trust-compliant,False,
6,Network Instability,laptop,Idle,0.0,1.0,0.9617,0.018,0.5681,False,trust-compliant,False,
7,Network Instability,phone,Normal,0.0,1.0,0.947,0.018,0.5718,False,trust-compliant,False,
7,Network Instability,laptop,Normal,0.0,1.0,0.9764,0.018,0.5645,False,trust-compliant,False,
8,Network Instability,phone,Normal,0.0,1.0,0.9457,0.018,0.5721,False,trust-compliant,False,
8,Network Instability,laptop,Normal,0.0,1.0,0.9855,0.018,0.5623,False,trust-compliant,False,
9,Network Instability,phone,Normal,0.0,1.0,0.9631,0.018,0.5678,False,trust-compliant,False,
9,Network Instability,laptop,Normal,0.0,1.0,0.9913,0.018,0.5609,False,trust-compliant,False,
10,Network Instability,phone,Normal,0.0,1.0,0.9749,0.018,0.5649,False,trust-compliant,False,
10,Network Instability,laptop,Normal,0.0,1.0,0.9946,0.018,0.5601,False,trust-compliant,False,
11,Network Instability,phone,Normal,0.0,1.0,0.9829,0.018,0.5629,False,Device is trust-compliant.,False,
11,Network Instability,laptop,Normal,0.0,1.0,0.9967,0.018,0.5595,False,Device is trust-compliant.,False,
12,Network Instability,phone,Normal,0.0,1.0,0.9881,0.018,0.5617,False,Device is trust-compliant.,False,
12,Network Instability,laptop,Normal,0.0,1.0,0.998,0.018,0.5592,False,Device is trust-compliant.,False,
13,Network Instability,phone,Normal,0.0,1.0,0.9917,0.018,0.5608,False,Device is trust-compliant.,False,
13,Network Instability,laptop,Normal,0.0,1.0,0.9988,0.018,0.559,False,Device is trust-compliant.,False,
14,Network Instability,phone,Normal,0.0,1.0,0.9944,0.018,0.5601,False,Device is trust-compliant.,False,
14,Network Instability,laptop,Normal,0.0,1.0,0.9993,0.018,0.5589,False,Device is trust-compliant.,False,
15,Network Instability,phone,Normal,0.0,1.0,0.9792,0.018,0.5638,False,Device is trust-compliant.,False,
15,Network Instability,laptop,Normal,0.0,1.0,0.9996,0.018,0.5588,False,Device is trust-compliant.,False,
16,Network Instability,phone,Normal,0.0,1.0,0.9859,0.018,0.5622,False,Device is trust-compliant.,False,
16,Network Instability,laptop,Normal,0.0,1.0,0.9998,0.018,0.5588,False,Device is trust-compliant.,False,
17,Network Instability,phone,Normal,0.0,1.0,0.9902,0.018,0.5611,False,Device is trust-compliant.,False,
17,Network Instability,laptop,Normal,0.0,1.0,0.9999,0.018,0.5588,False,Device is trust-compliant.,False,
18,Network Instability,phone,Normal,0.0,1.0,0.9932,0.018,0.5604,False,Device is trust-compliant.,False,
18,Network Instability,laptop,Normal,0.0,1.0,0.9999,0.018,0.5588,False,Device is trust-compliant.,False,
19,Network Instability,phone,Normal,0.0,1.0,0.9779,0.018,0.5642,False,Device is trust-compliant.,False,
19,Network Instability,laptop,Normal,0.0,1.0,0.9999,0.018,0.5588,False,Device is trust-compliant.,False,
20,Network Instability,phone,Normal,0.0,1.0,0.968,0.018,0.5666,False,Device is trust-compliant.,False,
20,Network Instability,laptop,Normal,0.0,1.0,0.9849,0.018,0.5624,False,Device is trust-compliant.,False,
21,Network Instability,phone,Normal,0.0006,0.9994,0.9781,0.018,0.5643,False,Device is trust-compliant.,False,
21,Network Instability,laptop,Normal,0.0,1.0,0.9907,0.018,0.561,False,Device is trust-compliant.,False,
22,Network Instability,phone,Normal,0.0,1.0,0.9851,0.018,0.5624,False,Device is trust-compliant.,False,
22,Network Instability,laptop,Normal,0.0,1.0,0.9789,0.018,0.5639,False,Device is trust-compliant.,False,
23,Network Instability,phone,Normal,0.0,1.0,0.9899,0.018,0.5612,False,Device is trust-compliant.,False,
23,Network Instability,laptop,Normal,0.0,1.0,0.9716,0.018,0.5657,False,Device is trust-compliant.,False,
24,Network Instability,phone,Normal,0.0,1.0,0.9251,0.018,0.5771,False,Device is trust-compliant.,False,
24,Network Instability,laptop,Normal,0.0,1.0,0.9825,0.018,0.563,False,Device is trust-compliant.,False,
25,Network Instability,phone,Normal,0.0,1.0,0.9491,0.018,0.5712,False,Device is trust-compliant.,False,
25,Network Instability,laptop,Normal,0.0,1.0,0.9738,0.018,0.5652,False,Device is trust-compliant.,False,
26,Network Instability,phone,Normal,0.0,1.0,0.8974,0.018,0.5839,False,Device is trust-compliant.,False,
26,Network Instability,laptop,Normal,0.0,1.0,0.9839,0.018,0.5627,False,Device is trust-compliant.,False,
27,Network Instability,phone,Normal,0.0,1.0,0.9302,0.018,0.5759,False,Device is trust-compliant.,False,
27,Network Instability,laptop,Normal,0.0,1.0,0.9901,0.018,0.5612,False,Device is trust-compliant.,False,
28,Network Instability,phone,Normal,0.0,1.0,0.9525,0.018,0.5704,False,Device is trust-compliant.,False,
28,Network Instability,laptop,Normal,0.0,1.0,0.9785,0.018,0.564,False,Device is trust-compliant.,False,
29,Network Instability,phone,Normal,0.0,1.0,0.9677,0.018,0.5667,False,Device is trust-compliant.,False,
29,Network Instability,laptop,Normal,0.0,1.0,0.9868,0.018,0.562,False,Device is trust-compliant.,False,
30,Network Instability,phone,Normal,0.0,1.0,0.91,0.018,0.5808,False,Device is trust-compliant.,False,
30,Network Instability,laptop,Normal,0.0,1.0,0.9765,0.018,0.5645,False,Device is trust-compliant.,False,
31,Network Instability,phone,Normal,0.0,1.0,0.9388,0.018,0.5738,False,Device is trust-compliant.,False,
31,Network Instability,laptop,Normal,0.0,1.0,0.9701,0.018,0.5661,False,Device is trust-compliant.,False,
32,Network Instability,phone,Normal,0.0,1.0,0.9584,0.018,0.569,False,Device is trust-compliant.,False,
32,Network Instability,laptop,Normal,0.0,1.0,0.9662,0.018,0.567,False,Device is trust-compliant.,False,
33,Network Instability,phone,Normal,0.0,1.0,0.9037,0.018,0.5823,False,Device is trust-compliant.,False,
33,Network Instability,laptop,Normal,0.0,1.0,0.9638,0.018,0.5676,False,Device is trust-compliant.,False,
34,Network Instability,phone,Normal,0.0,1.0,0.9345,0.018,0.5748,False,Device is trust-compliant.,False,
34,Network Instability,laptop,Normal,0.0,1.0,0.9777,0.018,0.5642,False,Device is trust-compliant.,False,
35,Network Instability,phone,Normal,0.0,1.0,0.9555,0.018,0.5697,False,Device is trust-compliant.,False,
35,Network Instability,laptop,Normal,0.0,1.0,0.9709,0.018,0.5659,False,Device is trust-compliant.,False,
36,Network Instability,phone,Normal,0.0,1.0,0.9697,0.018,0.5662,False,Device is trust-compliant.,False,
36,Network Instability,laptop,Normal,0.0,1.0,0.9667,0.018,0.5669,False,Device is trust-compliant.,False,
37,Network Instability,phone,Normal,0.0,1.0,0.9794,0.018,0.5638,False,Device is trust-compliant.,False,
37,Network Instability,laptop,Normal,0.0,1.0,0.9179,0.018,0.5789,False,Device is trust-compliant.,False,
38,Network Instability,phone,Normal,0.0,1.0,0.918,0.018,0.5788,False,Device is trust-compliant.,False,
38,Network Instability,laptop,Normal,0.0,1.0,0.9357,0.018,0.5745,False,Device is trust-compliant.,False,
39,Network Instability,phone,Normal,0.0,1.0,0.9442,0.018,0.5724,False,Device is trust-compliant.,False,
39,Network Instability,laptop,Normal,0.0,1.0,0.9464,0.018,0.5719,False,Device is trust-compliant.,False,
40,Network Instability,phone,Normal,0.0,1.0,0.9621,0.018,0.5681,False,Device is trust-compliant.,False,
40,Network Instability,laptop,Normal,0.0,1.0,0.967,0.018,0.5668,False,Device is trust-compliant.,False,
1,Network Instability,phone,Idle,0.1453,0.8547,0.98,0.0461,0.1056,False,trust-compliant,False,
1,Network Instability,laptop,Idle,0.1425,0.8575,0.98,0.0259,0.0959,False,trust-compliant,False,
2,Network Instability,phone,Normal,0.0,1.0,0.9687,0.018,0.5664,False,trust-compliant,False,
2,Network Instability,laptop,Normal,0.0,1.0,0.9723,0.018,0.5655,False,trust-compliant,False,
3,Network Instability,phone,Idle,0.0,1.0,0.9608,0.018,0.5684,False,trust-compliant,False,
3,Network Instability,laptop,Idle,0.0,1.0,0.9675,0.018,0.5667,False,trust-compliant,False,
4,Network Instability,phone,Normal,0.0,1.0,0.9553,0.018,0.5697,False,trust-compliant,False,
4,Network Instability,laptop,Normal,0.0,1.0,0.9646,0.018,0.5674,False,trust-compliant,False,
5,Network Instability,phone,Normal,0.0,1.0,0.9515,0.018,0.5706,False,trust-compliant,False,
5,Network Instability,laptop,Idle,0.0,1.0,0.9782,0.018,0.5641,False,trust-compliant,False,
6,Network Instability,phone,Normal,0.0,1.0,0.9662,0.018,0.567,False,trust-compliant,False,
6,Network Instability,laptop,Idle,0.0,1.0,0.9712,0.018,0.5658,False,trust-compliant,False,
7,Network Instability,phone,Normal,0.0,1.0,0.9591,0.018,0.5688,False,trust-compliant,False,
7,Network Instability,laptop,Normal,0.0,1.0,0.9669,0.018,0.5669,False,trust-compliant,False,
8,Network Instability,phone,Normal,0.0,1.0,0.9715,0.018,0.5657,False,trust-compliant,False,
8,Network Instability,laptop,Normal,0.0002,0.9998,0.9801,0.018,0.5637,False,trust-compliant,False,
9,Network Instability,phone,Normal,0.0,1.0,0.9802,0.018,0.5636,False,trust-compliant,False,
9,Network Instability,laptop,Normal,0.0,1.0,0.9281,0.018,0.5764,False,trust-compliant,False,
10,Network Instability,phone,Normal,0.0,1.0,0.9865,0.018,0.5621,False,trust-compliant,False,
10,Network Instability,laptop,Normal,0.0,1.0,0.9569,0.018,0.5693,False,trust-compliant,False,
11,Network Instability,phone,Normal,0.0,1.0,0.9908,0.018,0.561,False,Device is trust-compliant.,False,
11,Network Instability,laptop,Normal,0.0,1.0,0.9591,0.018,0.5688,False,Device is trust-compliant.,False,
12,Network Instability,phone,Normal,0.0,1.0,0.9936,0.018,0.5603,False,Device is trust-compliant.,False,
12,Network Instability,laptop,Normal,0.0,1.0,0.9755,0.018,0.5648,False,Device is trust-compliant.,False,
13,Network Instability,phone,Normal,0.0,1.0,0.9955,0.018,0.5598,False,Device is trust-compliant.,False,
13,Network Instability,laptop,Normal,0.0,1.0,0.9853,0.018,0.5623,False,Device is trust-compliant.,False,
14,Network Instability,phone,Normal,0.0,1.0,0.9969,0.018,0.5595,False,Device is trust-compliant.,False,
14,Network Instability,laptop,Normal,0.0,1.0,0.9912,0.018,0.5609,False,Device is trust-compliant.,False,
15,Network Instability,phone,Normal,0.0,1.0,0.9809,0.018,0.5634,False,Device is trust-compliant.,False,
15,Network Instability,laptop,Normal,0.0,1.0,0.9347,0.018,0.5748,False,Device is trust-compliant.,False,
16,Network Instability,phone,Normal,0.0,1.0,0.97,0.018,0.5661,False,Device is trust-compliant.,False,
16,Network Instability,laptop,Normal,0.0,1.0,0.9608,0.018,0.5684,False,Device is trust-compliant.,False,
17,Network Instability,phone,Normal,0.0,1.0,0.9626,0.018,0.5679,False,Device is trust-compliant.,False,
17,Network Instability,laptop,Normal,0.0,1.0,0.9165,0.018,0.5792,False,Device is trust-compliant.,False,
18,Network Instability,phone,Normal,0.0,1.0,0.9746,0.018,0.565,False,Device is trust-compliant.,False,
18,Network Instability,laptop,Normal,0.0,1.0,0.9499,0.018,0.571,False,Device is trust-compliant.,False,
19,Network Instability,phone,Normal,0.0,1.0,0.9827,0.018,0.563,False,Device is trust-compliant.,False,
19,Network Instability,laptop,Normal,0.0,1.0,0.9099,0.018,0.5808,False,Device is trust-compliant.,False,
20,Network Instability,phone,Normal,0.0,1.0,0.9882,0.018,0.5616,False,Device is trust-compliant.,False,
20,Network Instability,laptop,Normal,0.0,1.0,0.9459,0.018,0.572,False,Device is trust-compliant.,False,
21,Network Instability,phone,Normal,0.0,1.0,0.992,0.018,0.5607,False,Device is trust-compliant.,False,
21,Network Instability,laptop,Normal,0.0,1.0,0.9075,0.018,0.5814,False,Device is trust-compliant.,False,
22,Network Instability,phone,Normal,0.0,1.0,0.9946,0.018,0.5601,False,Device is trust-compliant.,False,
22,Network Instability,laptop,Normal,0.0,1.0,0.8845,0.018,0.587,False,Device is trust-compliant.,False,
23,Network Instability,phone,Normal,0.0,1.0,0.9963,0.018,0.5596,False,Device is trust-compliant.,False,
23,Network Instability,laptop,Normal,0.0,1.0,0.8707,0.018,0.5903,False,Device is trust-compliant.,False,
24,Network Instability,phone,Normal,0.0,1.0,0.9805,0.018,0.5635,False,Device is trust-compliant.,False,
24,Network Instability,laptop,Normal,0.0,1.0,0.9224,0.018,0.5778,False,Device is trust-compliant.,False,
25,Network Instability,phone,Idle,0.0,1.0,0.9697,0.018,0.5662,False,Device is trust-compliant.,False,
25,Network Instability,laptop,Normal,0.0,1.0,0.9534,0.018,0.5702,False,Device is trust-compliant.,False,
26,Network Instability,phone,Idle,0.0,1.0,0.9794,0.018,0.5638,False,Device is trust-compliant.,False,
26,Network Instability,laptop,Normal,0.0,1.0,0.972,0.018,0.5656,False,Device is trust-compliant.,False,
27,Network Instability,phone,Idle,0.0,1.0,0.969,0.018,0.5664,False,Device is trust-compliant.,False,
27,Network Instability,laptop,Idle,0.0,1.0,0.9682,0.018,0.5666,False,Device is trust-compliant.,False,
28,Network Instability,phone,Idle,0.0,1.0,0.9619,0.018,0.5681,False,Device is trust-compliant.,False,
28,Network Instability,laptop,Idle,0.0,1.0,0.9659,0.018,0.5671,False,Device is trust-compliant.,False,
29,Network Instability,phone,Idle,0.0,1.0,0.9571,0.018,0.5693,False,Device is trust-compliant.,False,
29,Network Instability,laptop,Normal,0.0,1.0,0.9195,0.018,0.5785,False,Device is trust-compliant.,False,
30,Network Instability,phone,Normal,0.0,1.0,0.9538,0.018,0.5701,False,Device is trust-compliant.,False,
30,Network Instability,laptop,Normal,0.0,1.0,0.8917,0.018,0.5852,False,Device is trust-compliant.,False,
31,Network Instability,phone,Normal,0.0,1.0,0.9686,0.018,0.5665,False,Device is trust-compliant.,False,
31,Network Instability,laptop,Normal,0.0,1.0,0.875,0.018,0.5893,False,Device is trust-compliant.,False,
32,Network Instability,phone,Normal,0.0,1.0,0.9616,0.018,0.5682,False,Device is trust-compliant.,False,
32,Network Instability,laptop,Normal,0.0,1.0,0.91,0.018,0.5808,False,Device is trust-compliant.,False,
33,Network Instability,phone,Normal,0.0,1.0,0.9739,0.018,0.5652,False,Device is trust-compliant.,False,
33,Network Instability,laptop,Normal,0.0,1.0,0.886,0.018,0.5866,False,Device is trust-compliant.,False,
34,Network Instability,phone,Normal,0.0,1.0,0.9823,0.018,0.5631,False,Device is trust-compliant.,False,
34,Network Instability,laptop,Normal,0.0,1.0,0.9316,0.018,0.5755,False,Device is trust-compliant.,False,
35,Network Instability,phone,Normal,0.0,1.0,0.971,0.018,0.5659,False,Device is trust-compliant.,False,
35,Network Instability,laptop,Normal,0.0,1.0,0.899,0.018,0.5835,False,Device is trust-compliant.,False,
36,Network Instability,phone,Normal,0.0,1.0,0.9123,0.018,0.5802,False,Device is trust-compliant.,False,
36,Network Instability,laptop,Normal,0.0,1.0,0.9394,0.018,0.5736,False,Device is trust-compliant.,False,
37,Network Instability,phone,Normal,0.0,1.0,0.939,0.018,0.5737,False,Device is trust-compliant.,False,
37,Network Instability,laptop,Normal,0.0,1.0,0.9036,0.018,0.5823,False,Device is trust-compliant.,False,
38,Network Instability,phone,Normal,0.0,1.0,0.9575,0.018,0.5692,False,Device is trust-compliant.,False,
38,Network Instability,laptop,Normal,0.0,1.0,0.9422,0.018,0.5729,False,Device is trust-compliant.,False,
39,Network Instability,phone,Normal,0.0,1.0,0.953,0.018,0.5703,False,Device is trust-compliant.,False,
39,Network Instability,laptop,Normal,0.0,1.0,0.9503,0.018,0.5709,False,Device is trust-compliant.,False,
40,Network Instability,phone,Normal,0.0,1.0,0.9673,0.018,0.5668,False,Device is trust-compliant.,False,
40,Network Instability,laptop,Normal,0.0,1.0,0.9102,0.018,0.5807,False,Device is trust-compliant.,False,
