==================================================
Running Experiment: Confusion Matrix (Exp 7)
==================================================
DEBUG: mse for device 0 is 1.9073332724385463e-05, relational_score: 0.0028569111486625998
DEBUG: mse for device 1 is 1.913280843924227e-05, relational_score: 0.0028658069786847706
DEBUG: mse for device 2 is 7.638738632044694e-05, relational_score: 0.011392713831776646
DEBUG: mse for device 0 is 2.33934431902142e-09, relational_score: 3.509015862324105e-07
DEBUG: mse for device 1 is 4.82742070126368e-10, relational_score: 7.241130794977124e-08
DEBUG: mse for device 2 is 2.9283336263545784e-09, relational_score: 4.39249947525866e-07
DEBUG: mse for device 0 is 2.0370298203854086e-09, relational_score: 3.055544264274346e-07
DEBUG: mse for device 1 is 7.480382228636074e-09, relational_score: 1.1220567047720564e-06
DEBUG: mse for device 2 is 9.36182878157106e-09, relational_score: 1.4042733312846778e-06
DEBUG: mse for device 0 is 7.331266484029644e-09, relational_score: 1.0996893679005026e-06
DEBUG: mse for device 1 is 3.953500844274647e-09, relational_score: 5.930249508123708e-07
DEBUG: mse for device 2 is 1.7297072934127006e-09, relational_score: 2.594560603030871e-07
DEBUG: mse for device 0 is 1.4741726989864278e-09, relational_score: 2.2112588038414316e-07
DEBUG: mse for device 1 is 2.566404611720002e-10, relational_score: 3.849606844408271e-08
DEBUG: mse for device 2 is 2.6142578857656297e-09, relational_score: 3.9213860603126705e-07
DEBUG: mse for device 0 is 8.116728014515167e-09, relational_score: 1.217508461048844e-06
DEBUG: mse for device 1 is 1.2057785754415154e-08, relational_score: 1.8086662275651477e-06
DEBUG: mse for device 2 is 4.322745019754425e-09, relational_score: 6.484115427918269e-07
DEBUG: mse for device 0 is 2.1960392235302845e-09, relational_score: 3.294058292802049e-07
DEBUG: mse for device 1 is 3.744229679991412e-10, relational_score: 5.6163443673540314e-08
DEBUG: mse for device 2 is 4.2008726103947765e-09, relational_score: 6.301306930689421e-07
DEBUG: mse for device 0 is 1.0609874231967048e-08, relational_score: 1.5914798683347442e-06
DEBUG: mse for device 1 is 4.189719631028052e-09, relational_score: 6.284577471760144e-07
DEBUG: mse for device 2 is 5.970569195281487e-09, relational_score: 8.955849782887881e-07
DEBUG: mse for device 0 is 6.049467227520994e-10, relational_score: 9.074200424397105e-08
DEBUG: mse for device 1 is 4.975772504081268e-09, relational_score: 7.463655971040595e-07
DEBUG: mse for device 2 is 6.6844883726609825e-09, relational_score: 1.0026727532697066e-06
DEBUG: mse for device 0 is 7.21510337967305e-09, relational_score: 1.0822649213482194e-06
DEBUG: mse for device 1 is 9.20350195678971e-09, relational_score: 1.3805243406217471e-06
DEBUG: mse for device 2 is 3.560487155626751e-09, relational_score: 5.34072930769014e-07
DEBUG: mse for device 0 is 1.846071999846579e-05, relational_score: 0.0027652775566653354
DEBUG: mse for device 1 is 1.8511936207156503e-05, relational_score: 0.0027729387144858064
DEBUG: mse for device 2 is 7.391452875996821e-05, relational_score: 0.011025943062799914
DEBUG: mse for device 0 is 4.755391046741431e-09, relational_score: 7.133084025667813e-07
DEBUG: mse for device 1 is 2.820083121939391e-10, relational_score: 4.230124595050455e-08
DEBUG: mse for device 2 is 5.947520016695517e-09, relational_score: 8.921276045681381e-07
DEBUG: mse for device 0 is 3.624358195473812e-09, relational_score: 5.436535814862253e-07
DEBUG: mse for device 1 is 5.016341162884064e-09, relational_score: 7.52450891372547e-07
DEBUG: mse for device 2 is 5.597627380180469e-09, relational_score: 8.396437545243884e-07
DEBUG: mse for device 0 is 4.744066200284395e-05, relational_score: 0.007090839817643135
DEBUG: mse for device 1 is 4.7001264280902195e-05, relational_score: 0.007025395357493913
DEBUG: mse for device 2 is 0.00018887010593547635, relational_score: 0.027932969899176596
DEBUG: mse for device 0 is 1.3336120016528445e-09, relational_score: 2.0004178025168073e-07
DEBUG: mse for device 1 is 2.6585056604084535e-10, relational_score: 3.987758412371534e-08
DEBUG: mse for device 2 is 2.6348174105415304e-09, relational_score: 3.952225334780124e-07
DEBUG: mse for device 0 is 7.518263483815996e-09, relational_score: 1.1277388867192428e-06
DEBUG: mse for device 1 is 9.274903525761274e-09, relational_score: 1.3912345611100108e-06
DEBUG: mse for device 2 is 4.070276413838153e-09, relational_score: 6.105412756474138e-07
DEBUG: mse for device 0 is 2.717269594017187e-09, relational_score: 4.0759035602189186e-07
DEBUG: mse for device 1 is 2.9968696637393583e-10, relational_score: 4.495304395391031e-08
DEBUG: mse for device 2 is 4.482741837785612e-09, relational_score: 6.724110496181268e-07
DEBUG: mse for device 0 is 9.0683763141208e-09, relational_score: 1.3602555219982548e-06
DEBUG: mse for device 1 is 2.8481995058793653e-09, relational_score: 4.2722983462084585e-07
DEBUG: mse for device 2 is 6.051861818095302e-09, relational_score: 9.077788606370873e-07
DEBUG: mse for device 0 is 2.3697057022316216e-09, relational_score: 3.554557921336965e-07
DEBUG: mse for device 1 is 3.926011653174643e-09, relational_score: 5.889015746163295e-07
DEBUG: mse for device 2 is 8.89931100651625e-09, relational_score: 1.3348957600411993e-06
DEBUG: mse for device 0 is 6.717757741066358e-09, relational_score: 1.0076631534738922e-06
DEBUG: mse for device 1 is 6.713338853023218e-09, relational_score: 1.0070003209072809e-06
DEBUG: mse for device 2 is 7.612860436999432e-09, relational_score: 1.1419284134950303e-06
DEBUG: mse for device 0 is 2.287709820854756e-05, relational_score: 0.0034256836420657466
DEBUG: mse for device 1 is 2.222341060573305e-05, relational_score: 0.0033279616097848796
DEBUG: mse for device 2 is 9.015236305710185e-05, relational_score: 0.013431831421255147
DEBUG: mse for device 0 is 4.072390202298498e-09, relational_score: 6.108583437969273e-07
DEBUG: mse for device 1 is 3.0458094596299754e-10, relational_score: 4.568714084829395e-08
DEBUG: mse for device 2 is 4.940390283232834e-09, relational_score: 7.410582678613054e-07
DEBUG: mse for device 0 is 2.8166835301942187e-09, relational_score: 4.225024402559896e-07
DEBUG: mse for device 1 is 3.8567398193944505e-09, relational_score: 5.785108055933463e-07
DEBUG: mse for device 2 is 4.432848653040739e-09, relational_score: 6.649270768432913e-07
DEBUG: mse for device 0 is 4.472159959314947e-05, relational_score: 0.006685789925508945
DEBUG: mse for device 1 is 4.39677645626668e-05, relational_score: 0.0065734643178306795
DEBUG: mse for device 2 is 0.00017735849269163404, relational_score: 0.026253010934113696
DEBUG: mse for device 0 is 1.0212907735919599e-09, relational_score: 1.531936043575044e-07
DEBUG: mse for device 1 is 2.9362099621718754e-10, relational_score: 4.404314846162549e-08
DEBUG: mse for device 2 is 2.1767864797244346e-09, relational_score: 3.265179187028622e-07
DEBUG: mse for device 0 is 0.00013367899406803788, relational_score: 0.019852147804754305
DEBUG: mse for device 1 is 2.264306406128732e-05, relational_score: 0.0033906981649379775
DEBUG: mse for device 2 is 4.630140874359918e-05, relational_score: 0.006921149069469945
DEBUG: mse for device 0 is 4.196979759878201e-09, relational_score: 6.295467658290477e-07
DEBUG: mse for device 1 is 1.545712894960273e-10, relational_score: 2.3185693143190633e-08
DEBUG: mse for device 2 is 5.16614124445718e-09, relational_score: 7.749208864593626e-07
DEBUG: mse for device 0 is 1.0203764737488397e-08, relational_score: 1.5305635393536576e-06
DEBUG: mse for device 1 is 5.482234328524884e-09, relational_score: 8.223348111346951e-07
DEBUG: mse for device 2 is 5.838720190640885e-09, relational_score: 8.758076450732233e-07
DEBUG: mse for device 0 is 2.5183658616918925e-09, relational_score: 3.777548078787163e-07
DEBUG: mse for device 1 is 3.329196454910134e-09, relational_score: 4.993793435437155e-07
DEBUG: mse for device 2 is 7.157719009473135e-09, relational_score: 1.0736572750857931e-06
DEBUG: mse for device 0 is 6.508486873138861e-09, relational_score: 9.762725544648632e-07
DEBUG: mse for device 1 is 6.172933701204778e-09, relational_score: 9.259396265282049e-07
DEBUG: mse for device 2 is 6.437309774583899e-09, relational_score: 9.655960000465313e-07
DEBUG: mse for device 0 is 2.722720021208588e-05, relational_score: 0.004075751518921922
DEBUG: mse for device 1 is 2.1309810257552305e-05, relational_score: 0.003191368262424721
DEBUG: mse for device 2 is 9.660260783896838e-05, relational_score: 0.014385910720649764
DEBUG: mse for device 0 is 3.365920118259736e-09, relational_score: 5.048878902735865e-07
DEBUG: mse for device 1 is 5.728862116501162e-10, relational_score: 8.593292810665787e-08
DEBUG: mse for device 2 is 4.456486446331986e-09, relational_score: 6.684727434924653e-07
DEBUG: mse for device 0 is 3.4241340405450694e-05, relational_score: 0.0051230333338260214
DEBUG: mse for device 1 is 3.0591760225563225e-05, relational_score: 0.004578251741778172
DEBUG: mse for device 2 is 0.00012955399204388863, relational_score: 0.019245493359157373
DEBUG: mse for device 0 is 6.538221244727191e-05, relational_score: 0.009759396820871569
DEBUG: mse for device 1 is 6.043209347890879e-05, relational_score: 0.009023852458302062
DEBUG: mse for device 2 is 0.00025151473681861414, relational_score: 0.03702440532598816
DEBUG: mse for device 0 is 2.328081795128097e-09, relational_score: 3.492122082615623e-07
DEBUG: mse for device 1 is 1.3692821458831772e-09, relational_score: 2.0539230083382876e-07
DEBUG: mse for device 2 is 2.51219438169664e-09, relational_score: 3.7682908626823775e-07
DEBUG: mse for device 0 is 0.000153720199537118, relational_score: 0.02279422505538209
DEBUG: mse for device 1 is 2.1625513400164355e-05, relational_score: 0.0032385714873937044
DEBUG: mse for device 2 is 6.004949154963175e-05, relational_score: 0.008966978418421312
DEBUG: mse for device 0 is 4.124154823952774e-09, relational_score: 6.186230322446917e-07
DEBUG: mse for device 1 is 1.7564890595859629e-10, relational_score: 2.634733553552593e-08
DEBUG: mse for device 2 is 5.372676801764936e-09, relational_score: 8.059011955552364e-07
DEBUG: mse for device 0 is 9.659495521759841e-09, relational_score: 1.4489232785797057e-06
DEBUG: mse for device 1 is 4.774373636891461e-09, relational_score: 7.161557891155468e-07
DEBUG: mse for device 2 is 6.543752642245531e-09, relational_score: 9.815624145703694e-07
DEBUG: mse for device 0 is 2.26423115057368e-09, relational_score: 3.3963461487651614e-07
DEBUG: mse for device 1 is 3.149368246682971e-09, relational_score: 4.724051254623163e-07
DEBUG: mse for device 2 is 6.979594322425806e-09, relational_score: 1.046938600368641e-06
DEBUG: mse for device 0 is 5.680878562768617e-09, relational_score: 8.521314213139064e-07
DEBUG: mse for device 1 is 5.444313444547658e-09, relational_score: 8.16646683277078e-07
DEBUG: mse for device 2 is 5.734958662037262e-09, relational_score: 8.602434292681593e-07
DEBUG: mse for device 0 is 3.036752796802094e-05, relational_score: 0.0045447703288374885
DEBUG: mse for device 1 is 2.4408197816924852e-05, relational_score: 0.0036545355432546778
DEBUG: mse for device 2 is 0.0001090435125597555, relational_score: 0.01622348525207984
DEBUG: mse for device 0 is 2.9683938736444742e-09, relational_score: 4.452589819070596e-07
DEBUG: mse for device 1 is 5.215465739958561e-10, relational_score: 7.823198300282996e-08
DEBUG: mse for device 2 is 4.023985994848921e-09, relational_score: 6.035977170304463e-07
DEBUG: mse for device 0 is 3.652956216714943e-05, relational_score: 0.005464449606564115
DEBUG: mse for device 1 is 3.288374916529391e-05, relational_score: 0.004920417266044419
DEBUG: mse for device 2 is 0.0001387144572663413, relational_score: 0.020592193050069874
DEBUG: mse for device 0 is 6.445705841948391e-05, relational_score: 0.00962196852303987
DEBUG: mse for device 1 is 5.925899992483991e-05, relational_score: 0.008849460955798416
DEBUG: mse for device 2 is 0.000247307032408503, relational_score: 0.03641642598288786
DEBUG: mse for device 0 is 9.237299608332078e-09, relational_score: 1.3855939813289808e-06
DEBUG: mse for device 1 is 1.5326579808841186e-09, relational_score: 2.2989867065614789e-07
DEBUG: mse for device 2 is 6.4053194020686465e-09, relational_score: 9.607974487124693e-07
DEBUG: mse for device 0 is 0.0001587466531798094, relational_score: 0.023530729299228614
DEBUG: mse for device 1 is 2.2642340981798387e-05, relational_score: 0.0033905900707704717
DEBUG: mse for device 2 is 6.150727021494179e-05, relational_score: 0.00918366074626431
DEBUG: mse for device 0 is 3.869337798387992e-09, relational_score: 5.804005013265723e-07
DEBUG: mse for device 1 is 2.890244252145433e-09, relational_score: 4.335365438867811e-07
DEBUG: mse for device 2 is 5.727095959975657e-09, relational_score: 8.59064025027223e-07
DEBUG: mse for device 0 is 9.468836373190857e-09, relational_score: 1.4203244472765775e-06
DEBUG: mse for device 1 is 4.1067175153674e-09, relational_score: 6.160074376149183e-07
DEBUG: mse for device 2 is 6.885076527194463e-09, relational_score: 1.0327609457627673e-06
DEBUG: mse for device 0 is 4.28417061164483e-09, relational_score: 6.426253852387376e-07
DEBUG: mse for device 1 is 3.752960941333352e-09, relational_score: 5.62943982762576e-07
DEBUG: mse for device 2 is 6.17418788252109e-09, relational_score: 9.261277534866608e-07
DEBUG: mse for device 0 is 4.929820477686467e-09, relational_score: 7.394727982168448e-07
DEBUG: mse for device 1 is 4.842284630609324e-09, relational_score: 7.263424307568656e-07
DEBUG: mse for device 2 is 4.915954453867041e-09, relational_score: 7.373928961884602e-07
DEBUG: mse for device 0 is 3.306812265358818e-05, relational_score: 0.00494793682957162
DEBUG: mse for device 1 is 2.4402442644033407e-05, relational_score: 0.0036536754218223777
DEBUG: mse for device 2 is 0.00011411717863764005, relational_score: 0.016971903453817605
DEBUG: mse for device 0 is 2.808909762444298e-09, relational_score: 4.2133637556673875e-07
DEBUG: mse for device 1 is 7.641505687020831e-09, relational_score: 1.1462251960914216e-06
DEBUG: mse for device 2 is 9.719474626563694e-09, relational_score: 1.4579201311759604e-06
DEBUG: mse for device 0 is 3.841454748702904e-05, relational_score: 0.00574561259247186
DEBUG: mse for device 1 is 3.2583939767727995e-05, relational_score: 0.004875666128256628
DEBUG: mse for device 2 is 0.0001416975352545796, relational_score: 0.021030342495774845
DEBUG: mse for device 0 is 6.259393668782918e-05, relational_score: 0.00934515061898289
DEBUG: mse for device 1 is 5.546087463082482e-05, relational_score: 0.008284622981793555
DEBUG: mse for device 2 is 0.00023587566299804373, relational_score: 0.034762746632737485
DEBUG: mse for device 0 is 6.274795370402333e-06, relational_score: 0.0009407764976071542
DEBUG: mse for device 1 is 5.079478426258734e-05, relational_score: 0.007590264979539851
DEBUG: mse for device 2 is 2.1401215417142024e-05, relational_score: 0.003205035186542027
DEBUG: mse for device 0 is 0.00017847791144619856, relational_score: 0.02641650180388777
DEBUG: mse for device 1 is 3.285029443466106e-05, relational_score: 0.004915423735605273
DEBUG: mse for device 2 is 5.821064311332428e-05, relational_score: 0.008693586787412055
DEBUG: mse for device 0 is 8.185364355961212e-09, relational_score: 1.2278038996615948e-06
DEBUG: mse for device 1 is 3.238104425914146e-08, relational_score: 4.857144842884686e-06
DEBUG: mse for device 2 is 2.7808886426731607e-08, relational_score: 4.171324264001797e-06
DEBUG: mse for device 0 is 1.5049425609750217e-05, relational_score: 0.0022548677990208432
DEBUG: mse for device 1 is 6.444152227968219e-05, relational_score: 0.009619660522617535
DEBUG: mse for device 2 is 1.7231324488999396e-05, relational_score: 0.002581361215793887
DEBUG: mse for device 0 is 4.458190403964722e-09, relational_score: 6.687283370387931e-07
DEBUG: mse for device 1 is 5.483158952299958e-09, relational_score: 8.224735046358234e-07
DEBUG: mse for device 2 is 6.2590435452105405e-09, relational_score: 9.388560910927879e-07
DEBUG: mse for device 0 is 1.909214603622906e-08, relational_score: 2.863817804676927e-06
DEBUG: mse for device 1 is 4.571088865280093e-08, relational_score: 6.856609791272561e-06
DEBUG: mse for device 2 is 1.1523111638228361e-08, relational_score: 1.728465251926714e-06
DEBUG: mse for device 0 is 3.168092705739894e-05, relational_score: 0.0047408655106857545
DEBUG: mse for device 1 is 3.694658696212392e-05, relational_score: 0.005526659558411584
DEBUG: mse for device 2 is 0.00013682852365398847, relational_score: 0.020315089141450526
DEBUG: mse for device 0 is 7.825476280950297e-09, relational_score: 1.1738207532641098e-06
DEBUG: mse for device 1 is 7.944050343288066e-09, relational_score: 1.1916068415329661e-06
DEBUG: mse for device 2 is 1.1716770010926058e-08, relational_score: 1.7575139572567622e-06
DEBUG: mse for device 0 is 3.73809677183653e-05, relational_score: 0.005591454459716649
DEBUG: mse for device 1 is 4.2166563492852784e-05, relational_score: 0.006305023915000207
DEBUG: mse for device 2 is 0.00015888888653052763, relational_score: 0.023551562051431274
DEBUG: mse for device 0 is 6.152315523844559e-05, relational_score: 0.009186021614577156
DEBUG: mse for device 1 is 6.584819763552406e-05, relational_score: 0.009828610020002126
DEBUG: mse for device 2 is 0.00025464998307889885, relational_score: 0.03747717369690973
DEBUG: mse for device 0 is 2.67036843423596e-05, relational_score: 0.00399754112576467
DEBUG: mse for device 1 is 5.543646027935166e-05, relational_score: 0.008280991161977003
DEBUG: mse for device 2 is 8.251390655187281e-05, relational_score: 0.012300804890946426
DEBUG: mse for device 0 is 0.00021338944626330468, relational_score: 0.031501569747798164
DEBUG: mse for device 1 is 3.3859784916612774e-05, relational_score: 0.005066091589256527
DEBUG: mse for device 2 is 7.729199723743373e-05, relational_score: 0.011526850472512673
DEBUG: mse for device 0 is 6.825455084964797e-05, relational_score: 0.010185950840526758
DEBUG: mse for device 1 is 1.2432536719043235e-05, relational_score: 0.0018631426986388533
DEBUG: mse for device 2 is 2.2500240300217087e-05, relational_score: 0.0033693470129091407
DEBUG: mse for device 0 is 1.781430322639676e-05, relational_score: 0.002668578481106687
DEBUG: mse for device 1 is 6.0133411868750424e-05, relational_score: 0.008979453511016922
DEBUG: mse for device 2 is 1.2527572976143893e-05, relational_score: 0.0018773714758687499
DEBUG: mse for device 0 is 5.218844207257362e-09, relational_score: 7.828263246523193e-07
DEBUG: mse for device 1 is 9.179551015327856e-09, relational_score: 1.3769317043221818e-06
DEBUG: mse for device 2 is 1.2639522987004387e-08, relational_score: 1.8959266507856398e-06
DEBUG: mse for device 0 is 3.918483434212046e-08, relational_score: 5.877707877521843e-06
DEBUG: mse for device 1 is 5.5229187172795364e-08, relational_score: 8.284343760545099e-06
DEBUG: mse for device 2 is 1.4876052990798487e-08, relational_score: 2.2314054590744092e-06
DEBUG: mse for device 0 is 7.825902362791978e-05, relational_score: 0.011670222017238219
DEBUG: mse for device 1 is 7.56913269586059e-05, relational_score: 0.01128948903956839
DEBUG: mse for device 2 is 0.00013123887963711252, relational_score: 0.01949333120445551
DEBUG: mse for device 0 is 1.3596292394653865e-05, relational_score: 0.0020373656066372536
DEBUG: mse for device 1 is 5.1670116382849265e-05, relational_score: 0.007720559643148439
DEBUG: mse for device 2 is 1.243654841773371e-05, relational_score: 0.0018637433321067043
DEBUG: mse for device 0 is 6.846135029291812e-05, relational_score: 0.010216654313460749
DEBUG: mse for device 1 is 8.883710820260908e-05, relational_score: 0.013237173934119495
DEBUG: mse for device 2 is 0.0001746058363490992, relational_score: 0.02585086929417524
DEBUG: mse for device 0 is 9.2177792260462e-05, relational_score: 0.013731519491139044
DEBUG: mse for device 1 is 0.00010970999256001634, relational_score: 0.016321830441886176
DEBUG: mse for device 2 is 0.00025999525925893594, relational_score: 0.03824860694172805
DEBUG: mse for device 0 is 7.929973680278397e-05, relational_score: 0.011824495148527459
DEBUG: mse for device 1 is 7.761851191850628e-05, relational_score: 0.011575261936249026
DEBUG: mse for device 2 is 7.878105058384179e-05, relational_score: 0.011747609205150944
DEBUG: mse for device 0 is 0.00021818397274705413, relational_score: 0.032197843051225306
DEBUG: mse for device 1 is 0.00010716283035757708, relational_score: 0.015945920455751605
DEBUG: mse for device 2 is 0.0001232426396696913, relational_score: 0.018316570629036355
DEBUG: mse for device 0 is 7.51446128212024e-05, relational_score: 0.011208404412734296
DEBUG: mse for device 1 is 1.99623392098633e-05, relational_score: 0.002989872284157924
DEBUG: mse for device 2 is 1.7786110668601516e-05, relational_score: 0.002664360873627425
DEBUG: mse for device 0 is 4.2024401575688124e-05, relational_score: 0.006283833851637999
DEBUG: mse for device 1 is 7.50877930269607e-05, relational_score: 0.011199976936569378
DEBUG: mse for device 2 is 6.204644266885406e-05, relational_score: 0.009263790637485059
DEBUG: mse for device 0 is 1.9173494742850065e-05, relational_score: 0.002871892415792443
DEBUG: mse for device 1 is 6.51053100084395e-05, relational_score: 0.009718265960977135
DEBUG: mse for device 2 is 1.406208241829361e-05, relational_score: 0.0021070893267227664
DEBUG: mse for device 0 is 1.5953812433586234e-05, relational_score: 0.0023902107513009696
DEBUG: mse for device 1 is 1.708578948232386e-05, relational_score: 0.0025595870788892583
DEBUG: mse for device 2 is 6.572090648234921e-05, relational_score: 0.009809703830797711
DEBUG: mse for device 0 is 0.00024166237164758854, relational_score: 0.03560021513062939
DEBUG: mse for device 1 is 0.00013978227010958848, relational_score: 0.02074905412262007
DEBUG: mse for device 2 is 0.00014001069513158612, relational_score: 0.020782606360632006
DEBUG: mse for device 0 is 0.00013944115890653045, relational_score: 0.02069894782050785
DEBUG: mse for device 1 is 9.305865120387848e-05, relational_score: 0.013861825394115401
DEBUG: mse for device 2 is 4.055392086554431e-05, relational_score: 0.00606462360864235
DEBUG: mse for device 0 is 0.00013098631929162865, relational_score: 0.01945618493538137
DEBUG: mse for device 1 is 9.230584562289697e-05, relational_score: 0.013750463558478532
DEBUG: mse for device 2 is 7.988096397483054e-05, relational_score: 0.01191064456117008
DEBUG: mse for device 0 is 2.7425588872404146e-05, relational_score: 0.004105388089567952
DEBUG: mse for device 1 is 8.49133512773133e-05, relational_score: 0.012656230368929378
DEBUG: mse for device 2 is 1.743526002488306e-05, relational_score: 0.002611872114812397
DEBUG: mse for device 0 is 2.1366125591742825e-05, relational_score: 0.0031997885685431937
DEBUG: mse for device 1 is 1.7750037458384472e-05, relational_score: 0.002658964294302013
DEBUG: mse for device 2 is 7.778590626529805e-05, relational_score: 0.011600080131672907
DEBUG: mse for device 0 is 1.0050776573885144e-05, relational_score: 0.0015064806032452083
DEBUG: mse for device 1 is 1.7382408648307458e-05, relational_score: 0.0026039650831392036
DEBUG: mse for device 2 is 7.573137670666728e-05, relational_score: 0.01129542866275779
DEBUG: mse for device 3 is 6.070433492718619e-06, relational_score: 0.0009101505853770231
DEBUG: mse for device 0 is 4.522471383394307e-06, relational_score: 0.000678140666121485
DEBUG: mse for device 1 is 1.813431087147674e-05, relational_score: 0.0027164503840790832
DEBUG: mse for device 2 is 3.1026938940457915e-06, relational_score: 0.0004652958004253138
DEBUG: mse for device 3 is 9.019919306059665e-06, relational_score: 0.0013520730204373832
DEBUG: mse for device 0 is 1.48130979872215e-05, relational_score: 0.002219497961861938
DEBUG: mse for device 1 is 1.4734622251726077e-05, relational_score: 0.0022077526589189267
DEBUG: mse for device 2 is 9.354072600864668e-05, relational_score: 0.013933131671162058
DEBUG: mse for device 3 is 1.5726237709652768e-05, relational_score: 0.002356155554189443
DEBUG: mse for device 0 is 1.4711838922293228e-05, relational_score: 0.002204342698670647
DEBUG: mse for device 1 is 2.7013989692151942e-05, relational_score: 0.0040438997805651855
DEBUG: mse for device 2 is 0.00011228955083655292, relational_score: 0.016702375088916033
DEBUG: mse for device 3 is 2.1773542194389798e-05, relational_score: 0.003260703650536989
DEBUG: mse for device 0 is 1.4063001751027365e-06, relational_score: 0.0002109227789277579
DEBUG: mse for device 1 is 7.234198930057978e-06, relational_score: 0.0010845412990245773
DEBUG: mse for device 2 is 6.486210184869246e-06, relational_score: 0.0009724583833097267
DEBUG: mse for device 3 is 1.0630743179327204e-05, relational_score: 0.0015933407595412064
DEBUG: mse for device 0 is 0.00019704819800079722, relational_score: 0.029124686851785153
DEBUG: mse for device 1 is 9.102755495917258e-05, relational_score: 0.013561338391107514
DEBUG: mse for device 2 is 0.00012525359270015233, relational_score: 0.018612643862675915
DEBUG: mse for device 0 is 0.00012923703345756217, relational_score: 0.019198863466391547
DEBUG: mse for device 1 is 6.58632210616557e-05, relational_score: 0.009830841382498123
DEBUG: mse for device 2 is 4.5609166102585255e-05, relational_score: 0.006818025986622511
DEBUG: mse for device 0 is 0.0001086193532052744, relational_score: 0.01616089155915612
DEBUG: mse for device 1 is 6.857521248968032e-05, relational_score: 0.010233559005008774
DEBUG: mse for device 2 is 7.384857392567538e-05, relational_score: 0.011016158871394621
DEBUG: mse for device 0 is 1.915937598262575e-05, relational_score: 0.002869780681656664
DEBUG: mse for device 1 is 6.563952095272943e-05, relational_score: 0.009797615682761052
DEBUG: mse for device 2 is 1.600244415685442e-05, relational_score: 0.002397488047237939
DEBUG: mse for device 0 is 2.0095396118496694e-05, relational_score: 0.0030097709484037116
DEBUG: mse for device 1 is 1.6730991018946838e-05, relational_score: 0.002506502117444853
DEBUG: mse for device 2 is 7.190049548540413e-05, relational_score: 0.010727123928943927
DEBUG: mse for device 0 is 1.256074897434095e-05, relational_score: 0.0018823385206884202
DEBUG: mse for device 1 is 2.1177161082858617e-05, relational_score: 0.0031715341887531556
DEBUG: mse for device 2 is 9.745440357084972e-05, relational_score: 0.014511833957092324
DEBUG: mse for device 3 is 7.457055344631354e-06, relational_score: 0.0011179329485438982
DEBUG: mse for device 0 is 7.531668122833026e-06, relational_score: 0.001129112290902512
DEBUG: mse for device 1 is 1.2815109686802037e-05, relational_score: 0.001920420082123897
DEBUG: mse for device 2 is 2.3114641680136117e-06, relational_score: 0.00034665952489898455
DEBUG: mse for device 3 is 8.435335622108852e-06, relational_score: 0.0012645001883513363
DEBUG: mse for device 0 is 3.1678179154250155e-05, relational_score: 0.004740455279244826
DEBUG: mse for device 1 is 3.2802563819045456e-05, relational_score: 0.0049082993101891015
DEBUG: mse for device 2 is 9.473474754602728e-05, relational_score: 0.01410972361830809
DEBUG: mse for device 3 is 4.1518115291596905e-05, relational_score: 0.006208365256240578
DEBUG: mse for device 0 is 3.099594061166694e-05, relational_score: 0.004638599404391042
DEBUG: mse for device 1 is 3.411998564687305e-05, relational_score: 0.0051049232108797415
DEBUG: mse for device 2 is 0.0001188850620078298, relational_score: 0.017674696608270146
DEBUG: mse for device 3 is 5.090863467226822e-05, relational_score: 0.0076072127730615335
DEBUG: mse for device 0 is 2.774171035926481e-06, relational_score: 0.0004160390871166264
DEBUG: mse for device 1 is 5.654412325582004e-06, relational_score: 0.0008478022612463665
DEBUG: mse for device 2 is 4.942996534544191e-06, relational_score: 0.0007411746744382386
DEBUG: mse for device 3 is 9.619248055926042e-06, relational_score: 0.0014418467471237761
DEBUG: mse for device 0 is 0.0001916413809592585, relational_score: 0.028336965686895366
DEBUG: mse for device 1 is 8.477389072582965e-05, relational_score: 0.012635575826900558
DEBUG: mse for device 2 is 0.00011418904350993509, relational_score: 0.016982500174995696
DEBUG: mse for device 0 is 0.00013402061641824302, relational_score: 0.019902372579822747
DEBUG: mse for device 1 is 7.847575196598989e-05, relational_score: 0.011702351355522111
DEBUG: mse for device 2 is 5.3061857449533894e-05, relational_score: 0.007927687429293506
DEBUG: mse for device 0 is 9.393312864254571e-05, relational_score: 0.013991170248508378
DEBUG: mse for device 1 is 5.973179592453526e-05, relational_score: 0.00891975026482461
DEBUG: mse for device 2 is 6.68297170590574e-05, relational_score: 0.009974380156806073
DEBUG: mse for device 0 is 1.8376666001587177e-05, relational_score: 0.0027527042427655246
DEBUG: mse for device 1 is 5.476047857188162e-05, relational_score: 0.008180428477334356
DEBUG: mse for device 2 is 1.1382411442981189e-05, relational_score: 0.0017059050035950207
DEBUG: mse for device 0 is 1.7448199102787625e-05, relational_score: 0.00261380790533694
DEBUG: mse for device 1 is 1.3679024775958638e-05, relational_score: 0.002049750103571668
DEBUG: mse for device 2 is 6.029641545817696e-05, relational_score: 0.009003684200729944
DEBUG: mse for device 0 is 1.3581823354058551e-05, relational_score: 0.0020351996700063157
DEBUG: mse for device 1 is 2.3493185436479997e-05, relational_score: 0.0035177758929347824
DEBUG: mse for device 2 is 0.00010679631532739124, relational_score: 0.015891818376973066
DEBUG: mse for device 3 is 8.55195624335233e-06, relational_score: 0.0012819710087084157
DEBUG: mse for device 0 is 5.600178231223963e-06, relational_score: 0.0008396740109988254
DEBUG: mse for device 1 is 1.017383893407892e-05, relational_score: 0.0015249119784992438
DEBUG: mse for device 2 is 4.750894775481311e-06, relational_score: 0.0007123803528665817
DEBUG: mse for device 3 is 1.071583275323718e-05, relational_score: 0.0016060837778022474
DEBUG: mse for device 0 is 3.0193372740614548e-05, relational_score: 0.004518765429387894
DEBUG: mse for device 1 is 3.073276686274467e-05, relational_score: 0.00459930568011635
DEBUG: mse for device 2 is 0.00011759591200064117, relational_score: 0.01748472354028907
DEBUG: mse for device 3 is 3.7311093192192965e-05, relational_score: 0.005581031831204841
DEBUG: mse for device 0 is 3.068968996726714e-05, relational_score: 0.004592873843586531
DEBUG: mse for device 1 is 3.3883841508667816e-05, relational_score: 0.0050696817906523695
DEBUG: mse for device 2 is 0.00014877908617648978, relational_score: 0.02206968390895503
DEBUG: mse for device 3 is 4.509409212315366e-05, relational_score: 0.006741288693508651
DEBUG: mse for device 0 is 4.991735032263042e-06, relational_score: 0.0007484800038310979
DEBUG: mse for device 1 is 4.715115611500711e-06, relational_score: 0.0007070172871340707
DEBUG: mse for device 2 is 4.1637827469491425e-06, relational_score: 0.0006243724104155746
DEBUG: mse for device 3 is 9.75352855786117e-06, relational_score: 0.001461959578070493
DEBUG: mse for device 0 is 0.0001732056179408193, relational_score: 0.025646244574196397
DEBUG: mse for device 1 is 9.49959728669384e-05, relational_score: 0.014148353787039492
DEBUG: mse for device 2 is 0.00010528501424298588, relational_score: 0.01566870052375069
DEBUG: mse for device 0 is 0.00014538022656443688, relational_score: 0.021570979614601193
DEBUG: mse for device 1 is 7.771959860533879e-05, relational_score: 0.011590249309915035
DEBUG: mse for device 2 is 5.546671130277104e-05, relational_score: 0.008285491229011455
DEBUG: mse for device 0 is 8.86176601125361e-05, relational_score: 0.013204691916883449
DEBUG: mse for device 1 is 5.609141502799115e-05, relational_score: 0.008378416037355563
DEBUG: mse for device 2 is 6.313841190418383e-05, relational_score: 0.009426055367158015
DEBUG: mse for device 0 is 1.7295393482723207e-05, relational_score: 0.0025909467110100115
DEBUG: mse for device 1 is 5.408970591863066e-05, relational_score: 0.00808063063996356
DEBUG: mse for device 2 is 1.1866058385939807e-05, relational_score: 0.0017783256596938246
DEBUG: mse for device 0 is 1.7810550685167694e-05, relational_score: 0.0026680171018569343
DEBUG: mse for device 1 is 2.3353700545618848e-05, relational_score: 0.003496926542681633
DEBUG: mse for device 2 is 5.9347761655211374e-05, relational_score: 0.008862657303484123
DEBUG: mse for device 0 is 1.2719309012900891e-05, relational_score: 0.0019060774746172404
DEBUG: mse for device 1 is 2.4112453752905555e-05, relational_score: 0.0036103350743361684
DEBUG: mse for device 2 is 0.00011134222107526989, relational_score: 0.016562639095304754
DEBUG: mse for device 3 is 9.231947119600897e-06, relational_score: 0.0013838336858421618
DEBUG: mse for device 0 is 9.342782631243195e-06, relational_score: 0.0014004358678925133
DEBUG: mse for device 1 is 8.423908642171711e-06, relational_score: 0.0012627883073063062
DEBUG: mse for device 2 is 3.733532709934025e-06, relational_score: 0.0005598731190119555
DEBUG: mse for device 3 is 1.243226604989863e-05, relational_score: 0.0018631021739107245
DEBUG: mse for device 0 is 2.6226874650578333e-05, relational_score: 0.003926303034454737
DEBUG: mse for device 1 is 3.163986606272692e-05, relational_score: 0.004734735542305302
DEBUG: mse for device 2 is 0.00012717078911444422, relational_score: 0.018894830133275864
DEBUG: mse for device 3 is 3.497176569168195e-05, relational_score: 0.005232029856652054
DEBUG: mse for device 0 is 3.3259043695723385e-05, relational_score: 0.004976432878064485
DEBUG: mse for device 1 is 3.156482850075729e-05, relational_score: 0.004723533137416691
DEBUG: mse for device 2 is 0.0001502110048986919, relational_score: 0.02227970886204078
DEBUG: mse for device 3 is 4.394737003218467e-05, relational_score: 0.006570425243017652
DEBUG: mse for device 0 is 4.87880925825739e-06, relational_score: 0.0007315536727768857
DEBUG: mse for device 1 is 3.94449496691529e-06, relational_score: 0.0005914992403481811
DEBUG: mse for device 2 is 6.231353665849267e-06, relational_score: 0.0009342663510535365
DEBUG: mse for device 3 is 1.7572079582212643e-05, relational_score: 0.00263234123508993
DEBUG: mse for device 0 is 0.00017192087139583225, relational_score: 0.025458456837172294
DEBUG: mse for device 1 is 9.014825752035676e-05, relational_score: 0.0134312238622879
DEBUG: mse for device 2 is 9.410529340263455e-05, relational_score: 0.01401663331576164
DEBUG: mse for device 0 is 0.0001312542328781604, relational_score: 0.019495589295140614
DEBUG: mse for device 1 is 8.298224660293584e-05, relational_score: 0.0123701893174758
DEBUG: mse for device 2 is 5.017583557115065e-05, relational_score: 0.007498123096244758
DEBUG: mse for device 0 is 8.75577744985693e-05, relational_score: 0.013047795922683236
DEBUG: mse for device 1 is 5.382278812066805e-05, relational_score: 0.008040915704848217
DEBUG: mse for device 2 is 6.239535151673169e-05, relational_score: 0.009315640775054312
DEBUG: mse for device 0 is 1.4934223459182925e-05, relational_score: 0.0022376262923097245
DEBUG: mse for device 1 is 4.932904558991039e-05, relational_score: 0.007372048992683955
DEBUG: mse for device 2 is 1.2553239603138072e-05, relational_score: 0.0018812142346515959
DEBUG: mse for device 0 is 1.7602557321968552e-05, relational_score: 0.0026369008514590675
DEBUG: mse for device 1 is 2.144589956306034e-05, relational_score: 0.0032117163039002694
DEBUG: mse for device 2 is 5.7714706658271406e-05, relational_score: 0.008619840296162029
DEBUG: mse for device 0 is 4.826201085034697e-05, relational_score: 0.007213161001519808
DEBUG: mse for device 1 is 3.052961581487473e-05, relational_score: 0.00456897271384038
DEBUG: mse for device 2 is 0.00011480887719315264, relational_score: 0.017073892029986215
DEBUG: mse for device 3 is 1.7297566550275183e-05, relational_score: 0.0025912718265445056
DEBUG: mse for device 0 is 6.914567157676165e-06, relational_score: 0.001036647383123812
DEBUG: mse for device 1 is 7.463169029356043e-06, relational_score: 0.0011188489756291942
DEBUG: mse for device 2 is 3.308213434015805e-06, relational_score: 0.0004961089123592943
DEBUG: mse for device 3 is 1.0853629411311616e-05, relational_score: 0.0016267198662972548
DEBUG: mse for device 0 is 3.101254321228942e-05, relational_score: 0.004641078239475793
DEBUG: mse for device 1 is 3.1583559795323424e-05, relational_score: 0.004726329555989506
DEBUG: mse for device 2 is 0.00011851636463048488, relational_score: 0.017620367991513564
DEBUG: mse for device 3 is 4.749814966506234e-05, relational_score: 0.007099401784689596
DEBUG: mse for device 0 is 2.8435600173926844e-05, relational_score: 0.004256256382851542
DEBUG: mse for device 1 is 2.920923818491535e-05, relational_score: 0.00437180145985705
DEBUG: mse for device 2 is 0.00015926274505561334, relational_score: 0.023606318552003125
DEBUG: mse for device 3 is 4.1989648846973126e-05, relational_score: 0.006278653685884872
DEBUG: mse for device 0 is 5.899362900021392e-06, relational_score: 0.0008845130225363373
DEBUG: mse for device 1 is 5.562116341282241e-06, relational_score: 0.0008339695051602369
DEBUG: mse for device 2 is 3.081085628292241e-05, relational_score: 0.00461096515128967
DEBUG: mse for device 3 is 1.889220909245371e-05, relational_score: 0.0028298198539774555
DEBUG: mse for device 0 is 0.0001589679414110726, relational_score: 0.023563140934971583
DEBUG: mse for device 1 is 7.85170762468248e-05, relational_score: 0.011708477439972609
DEBUG: mse for device 2 is 0.00010273889816306488, relational_score: 0.01529269546444656
DEBUG: mse for device 0 is 0.0001283907017406528, relational_score: 0.019074343096169066
DEBUG: mse for device 1 is 7.403002231316356e-05, relational_score: 0.011043075933572344
DEBUG: mse for device 2 is 5.5992658358380286e-05, relational_score: 0.008363726541782412
DEBUG: mse for device 0 is 0.00011691862138118812, relational_score: 0.01738490121268821
DEBUG: mse for device 1 is 9.991691232097873e-05, relational_score: 0.014875782720732533
DEBUG: mse for device 2 is 7.211222666141783e-05, relational_score: 0.010758542416438144
DEBUG: mse for device 0 is 1.4313307655489213e-05, relational_score: 0.002144693000670883
DEBUG: mse for device 1 is 5.3611216062042375e-05, relational_score: 0.008009434581480845
DEBUG: mse for device 2 is 1.5564665142011258e-05, relational_score: 0.0023319764795590725
DEBUG: mse for device 0 is 1.711577408846031e-05, relational_score: 0.002564073247489418
DEBUG: mse for device 1 is 2.597157106222433e-05, relational_score: 0.003888157125685354
DEBUG: mse for device 2 is 6.26901662850682e-05, relational_score: 0.009359450063354147
DEBUG: mse for device 0 is 5.3871056297098974e-05, relational_score: 0.008048097687262556
DEBUG: mse for device 1 is 3.406192753817699e-05, relational_score: 0.005096258914175866
DEBUG: mse for device 2 is 0.0001347882557095244, relational_score: 0.020015220299937186
DEBUG: mse for device 3 is 1.5739948477008647e-05, relational_score: 0.0023582073214778454
DEBUG: mse for device 0 is 7.615732564699373e-06, relational_score: 0.0011417076400415116
DEBUG: mse for device 1 is 7.073094175220428e-06, relational_score: 0.0010604015028364833
DEBUG: mse for device 2 is 3.1501145975042807e-06, relational_score: 0.000472405570959622
DEBUG: mse for device 3 is 1.026710602260569e-05, relational_score: 0.0015388806104519315
DEBUG: mse for device 0 is 3.283665260892446e-05, relational_score: 0.004913387517964551
DEBUG: mse for device 1 is 3.395380176775028e-05, relational_score: 0.005080122573293933
DEBUG: mse for device 2 is 0.00013652699958580097, relational_score: 0.02027077835242075
DEBUG: mse for device 3 is 4.315648667804213e-05, relational_score: 0.0064525652150125845
DEBUG: mse for device 0 is 3.012493428718813e-05, relational_score: 0.004508545997516489
DEBUG: mse for device 1 is 2.9355181170380895e-05, relational_score: 0.004393596964044955
DEBUG: mse for device 2 is 0.00015281822081200666, relational_score: 0.022662003288133836
DEBUG: mse for device 3 is 3.651422391745447e-05, relational_score: 0.005462161438741453
DEBUG: mse for device 0 is 6.259184487915848e-06, relational_score: 0.000938437065447828
DEBUG: mse for device 1 is 7.781972233601125e-06, relational_score: 0.0011666148102684737
DEBUG: mse for device 2 is 2.8741164732480503e-05, relational_score: 0.004301894936546868
DEBUG: mse for device 3 is 1.9317785486804474e-05, relational_score: 0.0028934736357130175
DEBUG: mse for device 0 is 0.0001771398453392769, relational_score: 0.026221074330248673
DEBUG: mse for device 1 is 7.729546902686642e-05, relational_score: 0.01152736523797393
DEBUG: mse for device 2 is 0.00011096014524325527, relational_score: 0.016506275332992537
DEBUG: mse for device 0 is 0.00014943748347900587, relational_score: 0.022166259142335498
DEBUG: mse for device 1 is 7.721632641924648e-05, relational_score: 0.011515630623039508
DEBUG: mse for device 2 is 6.164699244761823e-05, relational_score: 0.00920442638932073
DEBUG: mse for device 0 is 0.00012459165169311404, relational_score: 0.018515195944675544
DEBUG: mse for device 1 is 0.00011042922571421188, relational_score: 0.01642794881038523
DEBUG: mse for device 2 is 7.518594466746366e-05, relational_score: 0.011214534681063038
DEBUG: mse for device 0 is 1.4551047227568761e-05, relational_score: 0.0021802768202433542
DEBUG: mse for device 1 is 4.952085617274644e-05, relational_score: 0.0074006080637104565
DEBUG: mse for device 2 is 1.332115877682812e-05, relational_score: 0.0019961787962440303
DEBUG: mse for device 0 is 1.8915564374158922e-05, relational_score: 0.0028333132264281025
DEBUG: mse for device 1 is 2.7261858829716062e-05, relational_score: 0.004080929109120834
DEBUG: mse for device 2 is 5.757072149926494e-05, relational_score: 0.008598428460449226
DEBUG: mse for device 0 is 4.851630725107073e-05, relational_score: 0.0072510295972531
DEBUG: mse for device 1 is 2.8161230226573053e-05, relational_score: 0.004215275215780134
DEBUG: mse for device 2 is 0.00013371026275539082, relational_score: 0.019856744984485752
DEBUG: mse for device 3 is 1.528457115285663e-05, relational_score: 0.0022900594765287163
DEBUG: mse for device 0 is 6.63055127995738e-06, relational_score: 0.0009940882585598443
DEBUG: mse for device 1 is 7.935504477211908e-06, relational_score: 0.001189617514986474
DEBUG: mse for device 2 is 2.701054319408479e-06, relational_score: 0.00040507608243245397
DEBUG: mse for device 3 is 9.590190408857213e-06, relational_score: 0.00143749437507934
DEBUG: mse for device 0 is 3.357372299430147e-05, relational_score: 0.0050233987673418135
DEBUG: mse for device 1 is 2.987415938108721e-05, relational_score: 0.004471098651821492
DEBUG: mse for device 2 is 0.0001400340383242228, relational_score: 0.020786035063667163
DEBUG: mse for device 3 is 4.004796813729541e-05, relational_score: 0.0059891880988601764
DEBUG: mse for device 0 is 2.7045924984226132e-05, relational_score: 0.004048670691481182
DEBUG: mse for device 1 is 2.420869416582207e-05, relational_score: 0.0036247189134296365
DEBUG: mse for device 2 is 0.0001328438169835973, relational_score: 0.019729350559278935
DEBUG: mse for device 3 is 3.1298499510934864e-05, relational_score: 0.0046837716967981224
DEBUG: mse for device 0 is 5.450234338385269e-06, relational_score: 0.0008172010599463153
DEBUG: mse for device 1 is 6.808494648271541e-06, relational_score: 0.0010207528742340877
DEBUG: mse for device 2 is 2.7902887216719747e-05, relational_score: 0.0041766863646529595
DEBUG: mse for device 3 is 1.9544655919710556e-05, relational_score: 0.002927405156748719
DEBUG: mse for device 0 is 0.0001674887347182202, relational_score: 0.024810346224836133
DEBUG: mse for device 1 is 7.070917640437932e-05, relational_score: 0.010550327184773667
DEBUG: mse for device 2 is 0.0001093215378123548, relational_score: 0.016264511603698906
DEBUG: mse for device 0 is 0.0001430288257403464, relational_score: 0.021225816926265018
DEBUG: mse for device 1 is 7.072744408127966e-05, relational_score: 0.01055303842309896
DEBUG: mse for device 2 is 6.420513079818324e-05, relational_score: 0.009584542278642694
DEBUG: mse for device 0 is 0.00011077622805066575, relational_score: 0.01647914274801754
DEBUG: mse for device 1 is 0.00011260644921463648, relational_score: 0.016749114791403286
DEBUG: mse for device 2 is 7.54646383330025e-05, relational_score: 0.011255869053949152
DEBUG: mse for device 0 is 1.3611934496628553e-05, relational_score: 0.00203970713888435
DEBUG: mse for device 1 is 4.964431829134813e-05, relational_score: 0.0074189901570757
DEBUG: mse for device 2 is 1.4087645894913928e-05, relational_score: 0.0021109157612001495
DEBUG: mse for device 0 is 1.6037202861593188e-05, relational_score: 0.002402689339352615
DEBUG: mse for device 1 is 2.8115420146746368e-05, relational_score: 0.004208432645610882
DEBUG: mse for device 2 is 5.326023745786809e-05, relational_score: 0.007957208087113643
DEBUG: mse for device 0 is 4.478187583209625e-05, relational_score: 0.006694770871609856
DEBUG: mse for device 1 is 3.0330517106213358e-05, relational_score: 0.004539243915106073
DEBUG: mse for device 2 is 0.00013521280431813868, relational_score: 0.020077625989050163
DEBUG: mse for device 3 is 1.5617246281422888e-05, relational_score: 0.0023398452267426872
DEBUG: mse for device 0 is 6.396354498926141e-06, relational_score: 0.0009589930468104635
DEBUG: mse for device 1 is 7.625167123165233e-06, relational_score: 0.0011431212070850405
DEBUG: mse for device 2 is 2.5168094789732295e-06, relational_score: 0.00037745016960066824
DEBUG: mse for device 3 is 1.1072187817564917e-05, relational_score: 0.001659449760732623
DEBUG: mse for device 0 is 3.301729926826174e-05, relational_score: 0.004940351013492439
DEBUG: mse for device 1 is 2.9261373033586463e-05, relational_score: 0.004379587468232415
DEBUG: mse for device 2 is 0.00014680228441247474, relational_score: 0.021779664756712225
DEBUG: mse for device 3 is 3.914632696065316e-05, relational_score: 0.005854742845756156
DEBUG: mse for device 0 is 2.6590380521596096e-05, relational_score: 0.0039806133493044404
DEBUG: mse for device 1 is 2.172679649003433e-05, relational_score: 0.0032537146339640666
DEBUG: mse for device 2 is 0.00011609377274697958, relational_score: 0.017263317382895993
DEBUG: mse for device 3 is 2.9600774527321603e-05, relational_score: 0.004430273436285437
DEBUG: mse for device 0 is 7.047687404585195e-06, relational_score: 0.0010565945211935546
DEBUG: mse for device 1 is 9.103246291668098e-06, relational_score: 0.0013645550906461468
DEBUG: mse for device 2 is 4.5892592454582274e-05, relational_score: 0.0068602491806432075
DEBUG: mse for device 3 is 2.043647556036785e-05, relational_score: 0.003060777574225626
DEBUG: mse for device 0 is 0.00017504492452230335, relational_score: 0.025915027785643918
DEBUG: mse for device 1 is 7.545577089013085e-05, relational_score: 0.011254553908260134
DEBUG: mse for device 2 is 9.986958041669117e-05, relational_score: 0.014868788525129406
DEBUG: mse for device 0 is 0.00015350991891262364, relational_score: 0.022763401453171905
DEBUG: mse for device 1 is 7.742010046361861e-05, relational_score: 0.011545844279942208
DEBUG: mse for device 2 is 6.025595448754165e-05, relational_score: 0.008997669681553466
DEBUG: mse for device 0 is 0.00011366531886627262, relational_score: 0.016905272568113916
DEBUG: mse for device 1 is 0.00011811324779565898, relational_score: 0.017560964130351575
DEBUG: mse for device 2 is 8.383633655541516e-05, relational_score: 0.012496709917515725
DEBUG: mse for device 0 is 1.5416281033985108e-05, relational_score: 0.0023097705204677688
DEBUG: mse for device 1 is 4.812242463075056e-05, relational_score: 0.007192373879642666
DEBUG: mse for device 2 is 1.2538120213951548e-05, relational_score: 0.0018789505901282144
DEBUG: mse for device 0 is 1.8809857621996022e-05, relational_score: 0.002817502013303552
DEBUG: mse for device 1 is 3.1525397122591336e-05, relational_score: 0.004717646351595661
DEBUG: mse for device 2 is 5.221698565234216e-05, relational_score: 0.007801953374625192
DEBUG: mse for device 0 is 4.4726507327521666e-05, relational_score: 0.006686521163583481
DEBUG: mse for device 1 is 2.7115873868020952e-05, relational_score: 0.004059120489229517
DEBUG: mse for device 2 is 0.0001354127310569236, relational_score: 0.02010701245108726
DEBUG: mse for device 3 is 1.480725276635176e-05, relational_score: 0.002218623124366381
DEBUG: mse for device 0 is 6.002721559646403e-06, relational_score: 0.0009000029880911198
DEBUG: mse for device 1 is 6.878652508230928e-06, relational_score: 0.0010312657558352312
DEBUG: mse for device 2 is 2.167160584303031e-06, relational_score: 0.0003250212567890154
DEBUG: mse for device 3 is 9.819483975429723e-06, relational_score: 0.0014718383782155176
DEBUG: mse for device 0 is 3.508802029208496e-05, relational_score: 0.005249376658332694
DEBUG: mse for device 1 is 2.9910683200992453e-05, relational_score: 0.004476552714626769
DEBUG: mse for device 2 is 0.0001488842575532584, relational_score: 0.022085111328924545
DEBUG: mse for device 3 is 3.737764924913035e-05, relational_score: 0.005590959472468682
DEBUG: mse for device 0 is 2.5747457859671752e-05, relational_score: 0.0038546702905442043
DEBUG: mse for device 1 is 1.7988299108841754e-05, relational_score: 0.0026946078755462066
DEBUG: mse for device 2 is 0.0001275957691561488, relational_score: 0.0189573706572701
DEBUG: mse for device 3 is 3.298433218200891e-05, relational_score: 0.004935430368734783
DEBUG: mse for device 0 is 5.7262997331736726e-06, relational_score: 0.0008585761723508556
DEBUG: mse for device 1 is 7.136206926546514e-06, relational_score: 0.0010698583320433164
DEBUG: mse for device 2 is 3.654010113972606e-05, relational_score: 0.00546602181275524
DEBUG: mse for device 3 is 2.1504193318483596e-05, relational_score: 0.0032204322456566015
DEBUG: mse for device 0 is 0.00018501787709952194, relational_score: 0.027371113888390086
DEBUG: mse for device 1 is 7.641854985090756e-05, relational_score: 0.011397335094966876
DEBUG: mse for device 2 is 8.812317287729299e-05, relational_score: 0.01313149554977
DEBUG: mse for device 0 is 0.0001673446227660653, relational_score: 0.024789265524279402
DEBUG: mse for device 1 is 8.026815807377506e-05, relational_score: 0.011968030249847272
DEBUG: mse for device 2 is 5.7270580311799874e-05, relational_score: 0.008553793388954567
DEBUG: mse for device 0 is 0.00012080163683387708, relational_score: 0.01795706101050798
DEBUG: mse for device 1 is 0.00012496270570690836, relational_score: 0.018569822005873426
DEBUG: mse for device 2 is 7.481802227234562e-05, relational_score: 0.011159963727737532
DEBUG: mse for device 0 is 2.495729189347674e-05, relational_score: 0.003736595272729848
DEBUG: mse for device 1 is 5.092147448097099e-05, relational_score: 0.007609124091252806
DEBUG: mse for device 2 is 1.4672527883091146e-05, relational_score: 0.002198459023693755
DEBUG: mse for device 0 is 2.024250756435897e-05, relational_score: 0.0030317710067842008
DEBUG: mse for device 1 is 3.1528439249028996e-05, relational_score: 0.00471810051770627
DEBUG: mse for device 2 is 4.974250865223829e-05, relational_score: 0.0074336093325511055
DEBUG: mse for device 0 is 4.558448935429555e-05, relational_score: 0.006814349704581835
DEBUG: mse for device 1 is 2.74493846997635e-05, relational_score: 0.004108942803661919
DEBUG: mse for device 2 is 0.00013981806897567835, relational_score: 0.020754312519523643
DEBUG: mse for device 3 is 1.4710461377349332e-05, relational_score: 0.0022041365223949283
DEBUG: mse for device 0 is 5.8356174297151e-06, relational_score: 0.0008749596138712956
DEBUG: mse for device 1 is 6.692764078259373e-06, relational_score: 0.0010034108580544432
DEBUG: mse for device 2 is 2.6867666175786935e-06, relational_score: 0.00040293379300326837
DEBUG: mse for device 3 is 9.069641123934636e-06, relational_score: 0.001359521181214074
DEBUG: mse for device 0 is 3.431965219507968e-05, relational_score: 0.0051347198545445005
DEBUG: mse for device 1 is 3.143931751285366e-05, relational_score: 0.004704795241142312
DEBUG: mse for device 2 is 0.0001539498855811862, relational_score: 0.022827892054718912
DEBUG: mse for device 3 is 3.785728157703789e-05, relational_score: 0.005662499507419372
DEBUG: mse for device 0 is 2.165819687432884e-05, relational_score: 0.0032434581193748757
DEBUG: mse for device 1 is 1.6700359816207753e-05, relational_score: 0.0025019189430810496
DEBUG: mse for device 2 is 0.00011573680720902642, relational_score: 0.01721069550480725
DEBUG: mse for device 3 is 3.240219363821543e-05, relational_score: 0.004848536759049171
DEBUG: mse for device 0 is 4.6222326582154226e-06, relational_score: 0.0006930945976310054
DEBUG: mse for device 1 is 7.644559098613755e-06, relational_score: 0.0011460266740698222
DEBUG: mse for device 2 is 3.381271351495219e-05, relational_score: 0.005059066624411579
DEBUG: mse for device 3 is 2.0102183182457293e-05, relational_score: 0.00301078594335491
DEBUG: mse for device 0 is 0.00017203659640013317, relational_score: 0.025475373513986765
DEBUG: mse for device 1 is 7.80865538560722e-05, relational_score: 0.01164465313480234
DEBUG: mse for device 2 is 8.173334461104671e-05, relational_score: 0.01218515406052778
DEBUG: mse for device 0 is 0.00016299534390628315, relational_score: 0.024152838432241697
DEBUG: mse for device 1 is 8.088273895492023e-05, relational_score: 0.012059109885382835
DEBUG: mse for device 2 is 5.2673488018571763e-05, relational_score: 0.007869892161940228
DEBUG: mse for device 0 is 0.00011005854060264816, relational_score: 0.01637325796258915
DEBUG: mse for device 1 is 0.0001281125352535575, relational_score: 0.019033413145662093
DEBUG: mse for device 2 is 6.863892684547633e-05, relational_score: 0.010243018309483154
DEBUG: mse for device 0 is 2.363972906462201e-05, relational_score: 0.003539679870267154
DEBUG: mse for device 1 is 4.901024609880217e-05, relational_score: 0.007324580464876274
DEBUG: mse for device 2 is 1.3230223283413721e-05, relational_score: 0.0019825656079135445
DEBUG: mse for device 0 is 3.237624092307716e-05, relational_score: 0.004844662719141857
DEBUG: mse for device 1 is 9.393575619854241e-05, relational_score: 0.013991558867443854
DEBUG: mse for device 2 is 6.170656591007478e-05, relational_score: 0.00921328011819822
DEBUG: mse for device 0 is 4.122904329747652e-05, relational_score: 0.006165272722544635
DEBUG: mse for device 1 is 3.9006216107700696e-05, relational_score: 0.005833849045207562
DEBUG: mse for device 2 is 0.00014931256997718198, relational_score: 0.022147937275171503
DEBUG: mse for device 3 is 1.5208616916968757e-05, relational_score: 0.0022786923673497883
DEBUG: mse for device 0 is 6.365819080669227e-06, relational_score: 0.0009544171160803527
DEBUG: mse for device 1 is 7.53076837889558e-06, relational_score: 0.001128977481689497
DEBUG: mse for device 2 is 2.828138751636586e-06, relational_score: 0.00042413084381920374
DEBUG: mse for device 3 is 8.481230534289165e-06, relational_score: 0.0012713756963932399
DEBUG: mse for device 0 is 3.08368719183225e-05, relational_score: 0.004614849495442441
DEBUG: mse for device 1 is 4.299751933459201e-05, relational_score: 0.006428873693105408
DEBUG: mse for device 2 is 0.00016442608062931837, relational_score: 0.0243622430167445
DEBUG: mse for device 3 is 3.663915394100928e-05, relational_score: 0.005480798409456811
DEBUG: mse for device 0 is 2.0087480956558355e-05, relational_score: 0.003008587246833949
DEBUG: mse for device 1 is 2.0510829182597738e-05, relational_score: 0.00307189641857053
DEBUG: mse for device 2 is 0.0001128547087035127, relational_score: 0.016785729313986142
DEBUG: mse for device 3 is 3.252331020034746e-05, relational_score: 0.00486661599342586
DEBUG: mse for device 0 is 4.550164642737e-06, relational_score: 0.0006822918294121516
DEBUG: mse for device 1 is 8.233757079568608e-06, relational_score: 0.001234301184827924
DEBUG: mse for device 2 is 3.358450655783965e-05, relational_score: 0.0050250081750499165
DEBUG: mse for device 3 is 2.1387345933597123e-05, relational_score: 0.003202961429680573
DEBUG: mse for device 0 is 0.0001395376096940202, relational_score: 0.020713115871669463
DEBUG: mse for device 1 is 8.857261157874523e-05, relational_score: 0.013198023842087236
DEBUG: mse for device 2 is 0.00011455226760154972, relational_score: 0.01703605706175837
DEBUG: mse for device 0 is 0.00013811895279300469, relational_score: 0.02050470288303019
DEBUG: mse for device 1 is 6.891133682632792e-05, relational_score: 0.010283460435279057
DEBUG: mse for device 2 is 5.746304188854423e-05, relational_score: 0.00858241527083392
DEBUG: mse for device 0 is 9.35792298297785e-05, relational_score: 0.013938826756064171
DEBUG: mse for device 1 is 0.00013330072316047114, relational_score: 0.019796532014291657
DEBUG: mse for device 2 is 8.0287830285854e-05, relational_score: 0.011970945761713092
DEBUG: mse for device 0 is 2.063488292152875e-05, relational_score: 0.003090447144777686
DEBUG: mse for device 1 is 4.67084423828748e-05, relational_score: 0.006981779693365664
DEBUG: mse for device 2 is 1.5133628697751076e-05, relational_score: 0.002267469702612157
DEBUG: mse for device 0 is 3.1158979463490324e-05, relational_score: 0.004662941493722261
DEBUG: mse for device 1 is 9.947027709610978e-05, relational_score: 0.014809781833436952
DEBUG: mse for device 2 is 6.80318216955306e-05, relational_score: 0.010152881221226817
DEBUG: mse for device 0 is 3.98959822766943e-05, relational_score: 0.005966526502238945
DEBUG: mse for device 1 is 4.51670334032616e-05, relational_score: 0.006752156068339787
DEBUG: mse for device 2 is 0.00015335427234636478, relational_score: 0.022740585658685086
DEBUG: mse for device 3 is 1.6895279194270906e-05, relational_score: 0.0025310832725637944
DEBUG: mse for device 0 is 5.945937164841725e-06, relational_score: 0.0008914929585464026
DEBUG: mse for device 1 is 6.710882626523914e-06, relational_score: 0.0010061259095524022
DEBUG: mse for device 2 is 2.77093230608049e-06, relational_score: 0.0004155534796375093
DEBUG: mse for device 3 is 8.630779254699412e-06, relational_score: 0.0012937792332810005
DEBUG: mse for device 0 is 2.9081944180939425e-05, relational_score: 0.004352790653381011
DEBUG: mse for device 1 is 3.9489968560930726e-05, relational_score: 0.00590598597511105
DEBUG: mse for device 2 is 0.0001638168635919355, relational_score: 0.024273082671376178
DEBUG: mse for device 3 is 3.5263379097894004e-05, relational_score: 0.005275542056414229
DEBUG: mse for device 0 is 1.895192427808196e-05, relational_score: 0.002838751744336343
DEBUG: mse for device 1 is 1.907158145542029e-05, relational_score: 0.002856649208766382
DEBUG: mse for device 2 is 0.00010592874513286889, relational_score: 0.015763742604565256
DEBUG: mse for device 3 is 2.9351397659139986e-05, relational_score: 0.004393031930681968
DEBUG: mse for device 0 is 5.046399042825704e-06, relational_score: 0.0007566734345861859
DEBUG: mse for device 1 is 1.7202637552147417e-05, relational_score: 0.002577069273733801
DEBUG: mse for device 2 is 3.164659589674775e-05, relational_score: 0.0047357402373037205
DEBUG: mse for device 3 is 2.1859683490231855e-05, relational_score: 0.0032735826295215986
DEBUG: mse for device 0 is 0.00013383745872034677, relational_score: 0.019875445346156928
DEBUG: mse for device 1 is 8.193819808527986e-05, relational_score: 0.012215507189643038
DEBUG: mse for device 2 is 0.00012221646124650185, relational_score: 0.01816545164566319
DEBUG: mse for device 0 is 0.00013870090730317252, relational_score: 0.020590202407090197
DEBUG: mse for device 1 is 6.144217178461522e-05, relational_score: 0.009173985610762547
DEBUG: mse for device 2 is 6.217496410959007e-05, relational_score: 0.009282890080135386
DEBUG: mse for device 0 is 8.692218595802909e-05, relational_score: 0.012953697110499207
DEBUG: mse for device 1 is 0.00012928413605090724, relational_score: 0.01920579318347393
DEBUG: mse for device 2 is 8.202886336255531e-05, relational_score: 0.012228940761535356
DEBUG: mse for device 0 is 1.9691476857255754e-05, relational_score: 0.002949363584927367
DEBUG: mse for device 1 is 4.197396702271945e-05, relational_score: 0.0062763161786091315
DEBUG: mse for device 2 is 1.533004162531993e-05, relational_score: 0.002296864404678467
DEBUG: mse for device 0 is 3.043771959425033e-05, relational_score: 0.0045552511668738305
DEBUG: mse for device 1 is 9.825802321805523e-05, relational_score: 0.014630620445359899
DEBUG: mse for device 2 is 7.103828726893253e-05, relational_score: 0.010599171774705152
DEBUG: mse for device 0 is 3.947156511321743e-05, relational_score: 0.005903241757741928
DEBUG: mse for device 1 is 4.5530250131561744e-05, relational_score: 0.006806269229055584
DEBUG: mse for device 2 is 0.0001585070283375033, relational_score: 0.02349563072419436
DEBUG: mse for device 3 is 1.581243072615233e-05, relational_score: 0.0023690539606595618
DEBUG: mse for device 0 is 6.886558727777844e-06, relational_score: 0.0010324504650527366
DEBUG: mse for device 1 is 6.255035373022985e-06, relational_score: 0.0009378152820729291
DEBUG: mse for device 2 is 2.6024256176735254e-06, relational_score: 0.0003902876605994532
DEBUG: mse for device 3 is 8.518084773220806e-06, relational_score: 0.0012768967886347404
DEBUG: mse for device 0 is 3.464521919366985e-05, relational_score: 0.005183302963744363
DEBUG: mse for device 1 is 3.8136498926880674e-05, relational_score: 0.0057041440775823515
DEBUG: mse for device 2 is 0.00017060515916464376, relational_score: 0.025266105422642404
DEBUG: mse for device 3 is 3.443146664339284e-05, relational_score: 0.005151405761481542
DEBUG: mse for device 0 is 2.0339380408777574e-05, relational_score: 0.0030462577737515595
DEBUG: mse for device 1 is 1.8128667471815564e-05, relational_score: 0.0027156061732748205
DEBUG: mse for device 2 is 9.78356529128887e-05, relational_score: 0.014568189852887103
DEBUG: mse for device 3 is 2.8224947973878574e-05, relational_score: 0.004224792544218037
DEBUG: mse for device 0 is 1.5069158159320856e-05, relational_score: 0.0022578210029423618
DEBUG: mse for device 1 is 1.5957113316003932e-05, relational_score: 0.002390704700070634
DEBUG: mse for device 2 is 2.972263537671968e-05, relational_score: 0.0044484714158403715
DEBUG: mse for device 3 is 2.259104067214139e-05, relational_score: 0.003382921085563484
DEBUG: mse for device 0 is 0.00013228624335607738, relational_score: 0.01964736117139876
DEBUG: mse for device 1 is 8.15767915491557e-05, relational_score: 0.012161956972353671
DEBUG: mse for device 2 is 0.00012910195942998173, relational_score: 0.01917899115110966
DEBUG: mse for device 0 is 0.0001456677276861494, relational_score: 0.021613173620914417
DEBUG: mse for device 1 is 6.31947749524534e-05, relational_score: 0.009434430096814439
DEBUG: mse for device 2 is 6.233947952712199e-05, relational_score: 0.009307338014328703
DEBUG: mse for device 0 is 8.806820970909324e-05, relational_score: 0.013123359303290338
DEBUG: mse for device 1 is 0.0001363464341827837, relational_score: 0.020244242212796082
DEBUG: mse for device 2 is 8.155177202586632e-05, relational_score: 0.012158249679858568
DEBUG: mse for device 0 is 1.977644910292284e-05, relational_score: 0.002962071748682127
DEBUG: mse for device 1 is 4.207804351981732e-05, relational_score: 0.006291829549529782
DEBUG: mse for device 2 is 1.572536304218731e-05, relational_score: 0.0023560246631888493
DEBUG: mse for device 0 is 3.218520423116639e-05, relational_score: 0.004816145633022351
DEBUG: mse for device 1 is 0.00010409097004895788, relational_score: 0.01549238447356438
DEBUG: mse for device 2 is 7.958550828682789e-05, relational_score: 0.0118668530977466
DEBUG: mse for device 0 is 4.0564164758838984e-05, relational_score: 0.006066150872659604
DEBUG: mse for device 1 is 4.820441824025613e-05, relational_score: 0.007204584386675372
DEBUG: mse for device 2 is 0.00017104103435735749, relational_score: 0.02532983268795619
DEBUG: mse for device 3 is 1.5290318508453747e-05, relational_score: 0.0022909196052296465
DEBUG: mse for device 0 is 6.1017084581183885e-06, relational_score: 0.000914837549453984
DEBUG: mse for device 1 is 5.758612542432543e-06, relational_score: 0.0008634189205523057
DEBUG: mse for device 2 is 2.4520437229665594e-06, relational_score: 0.00036773892590491464
DEBUG: mse for device 3 is 6.926337559014816e-06, relational_score: 0.0010384111115042671
DEBUG: mse for device 0 is 3.270059882407916e-05, relational_score: 0.004893079515760235
DEBUG: mse for device 1 is 4.0226272609741365e-05, relational_score: 0.006015773229353205
DEBUG: mse for device 2 is 0.0001836913974306029, relational_score: 0.02717756876757904
DEBUG: mse for device 3 is 3.2494399121765895e-05, relational_score: 0.004862300427148636
DEBUG: mse for device 0 is 1.7051453902567205e-05, relational_score: 0.0025544499114326102
DEBUG: mse for device 1 is 1.7647953931256248e-05, relational_score: 0.002643692363775152
DEBUG: mse for device 2 is 9.218746873403428e-05, relational_score: 0.013732951030233198
DEBUG: mse for device 3 is 2.413220661754025e-05, relational_score: 0.003613287302488777
DEBUG: mse for device 0 is 1.2071712019392668e-05, relational_score: 0.0018091183718917936
DEBUG: mse for device 1 is 1.4168412312380466e-05, relational_score: 0.0021230050769236453
DEBUG: mse for device 2 is 2.7342198871485635e-05, relational_score: 0.0040929308637672746
DEBUG: mse for device 3 is 1.867188983488803e-05, relational_score: 0.0027968649403719015
DEBUG: mse for device 0 is 0.000118535527479438, relational_score: 0.017623191766330648
DEBUG: mse for device 1 is 8.728612137143352e-05, relational_score: 0.01300757880542025
DEBUG: mse for device 2 is 0.00012600316630271763, relational_score: 0.01872298096803382
DEBUG: mse for device 0 is 0.00014101920672585715, relational_score: 0.020930727970892016
DEBUG: mse for device 1 is 6.116199507768253e-05, relational_score: 0.009132343780260177
DEBUG: mse for device 2 is 6.142370132192753e-05, relational_score: 0.009171240454720397
DEBUG: mse for device 0 is 8.428765327125059e-05, relational_score: 0.012563559165989946
DEBUG: mse for device 1 is 0.00014240095548425432, relational_score: 0.021133631105730633
DEBUG: mse for device 2 is 8.272701825683621e-05, relational_score: 0.012332377925219129
DEBUG: mse for device 0 is 1.722771240110791e-05, relational_score: 0.002580820801079242
DEBUG: mse for device 1 is 3.9637747208564886e-05, relational_score: 0.005928021611232515
DEBUG: mse for device 2 is 1.5174454152714988e-05, relational_score: 0.002273579616576371
DEBUG: mse for device 0 is 3.057245520565144e-05, relational_score: 0.004575369242103999
DEBUG: mse for device 1 is 0.00010996812862361317, relational_score: 0.0163599181260764
DEBUG: mse for device 2 is 7.962941267480165e-05, relational_score: 0.011873360583476211
DEBUG: mse for device 0 is 3.631723378278335e-05, relational_score: 0.005432773883151221
DEBUG: mse for device 1 is 4.927003727629371e-05, relational_score: 0.007363262958584693
DEBUG: mse for device 2 is 0.0001701394444904464, relational_score: 0.025198010862501063
DEBUG: mse for device 3 is 1.5285630740361023e-05, relational_score: 0.0022902180506640946
DEBUG: mse for device 0 is 5.571817555424358e-06, relational_score: 0.0008354234726460907
DEBUG: mse for device 1 is 5.366838852248004e-06, relational_score: 0.0008047018814796303
DEBUG: mse for device 2 is 2.3392923025136078e-06, relational_score: 0.00035083228933174837
DEBUG: mse for device 3 is 6.660311950894992e-06, relational_score: 0.0009985479115363072
DEBUG: mse for device 0 is 2.9660253052948883e-05, relational_score: 0.004439155649587079
DEBUG: mse for device 1 is 4.0278634925081135e-05, relational_score: 0.006023580296022235
DEBUG: mse for device 2 is 0.00018171659710499658, relational_score: 0.02688935657447833
DEBUG: mse for device 3 is 3.1701708248657605e-05, relational_score: 0.0047439679064142926
DEBUG: mse for device 0 is 1.5333850473100456e-05, relational_score: 0.002297434419421762
DEBUG: mse for device 1 is 1.7037992658919598e-05, relational_score: 0.0025524358807630376
DEBUG: mse for device 2 is 8.598242065554172e-05, relational_score: 0.012814548523092939
DEBUG: mse for device 3 is 2.3079679728539937e-05, relational_score: 0.003455966312929104
DEBUG: mse for device 0 is 1.096309066121673e-05, relational_score: 0.0016431122097897433
DEBUG: mse for device 1 is 1.3286834678091688e-05, relational_score: 0.0019910404457615938
DEBUG: mse for device 2 is 2.5255165961915886e-05, relational_score: 0.003781108433314251
DEBUG: mse for device 3 is 1.745021957831304e-05, relational_score: 0.0026141101844496806
DEBUG: mse for device 0 is 0.0001115660679902295, relational_score: 0.0165956594538329
DEBUG: mse for device 1 is 9.009699114467112e-05, relational_score: 0.01342363716228967
DEBUG: mse for device 2 is 0.00012217418643142917, relational_score: 0.0181592255948283
DEBUG: mse for device 0 is 0.00013971796220132516, relational_score: 0.020739608040061697
DEBUG: mse for device 1 is 5.9997456826744966e-05, relational_score: 0.00895924316893637
DEBUG: mse for device 2 is 6.006298283457851e-05, relational_score: 0.008968983962724941
DEBUG: mse for device 0 is 8.183705706720133e-05, relational_score: 0.012200521246579554
DEBUG: mse for device 1 is 0.00014723410958313133, relational_score: 0.021843025729106236
DEBUG: mse for device 2 is 8.28197769590812e-05, relational_score: 0.01234612004464719
DEBUG: mse for device 0 is 1.657463663031716e-05, relational_score: 0.002483107470203194
DEBUG: mse for device 1 is 3.8582572990936e-05, relational_score: 0.0057706712908514035
DEBUG: mse for device 2 is 1.4778824032623686e-05, relational_score: 0.002214368266132083
DEBUG: mse for device 0 is 3.1567778558517905e-05, relational_score: 0.004723973555779026
DEBUG: mse for device 1 is 0.00011717671933370425, relational_score: 0.01742294211807871
DEBUG: mse for device 2 is 8.009951336451219e-05, relational_score: 0.011943035979070094
DEBUG: mse for device 0 is 3.521334383421189e-05, relational_score: 0.005268076333316385
DEBUG: mse for device 1 is 4.964550194805163e-05, relational_score: 0.007419166388334952
DEBUG: mse for device 2 is 0.0001720855455519651, relational_score: 0.02548252881080426
DEBUG: mse for device 3 is 1.490948124401882e-05, relational_score: 0.0022339232577381907
DEBUG: mse for device 0 is 1.0940197448687587e-05, relational_score: 0.0016396838644414657
DEBUG: mse for device 1 is 1.6375533373270923e-05, relational_score: 0.0024533156959932745
DEBUG: mse for device 2 is 5.97365270328711e-05, relational_score: 0.008920453600779643
DEBUG: mse for device 3 is 9.678503342870323e-06, relational_score: 0.0014507221851651764
DEBUG: mse for device 0 is 3.769068494051151e-05, relational_score: 0.005637651204474348
DEBUG: mse for device 1 is 5.66327165586358e-05, relational_score: 0.008458927710912278
DEBUG: mse for device 2 is 0.0002467264540599948, relational_score: 0.0363325069648156
DEBUG: mse for device 3 is 3.3237768462118836e-05, relational_score: 0.004973257469172765
DEBUG: mse for device 0 is 1.700641449491974e-05, relational_score: 0.002547711235159178
DEBUG: mse for device 1 is 2.167785895456034e-05, relational_score: 0.0032463978611043665
DEBUG: mse for device 2 is 0.00010213912035917744, relational_score: 0.015204100641527774
DEBUG: mse for device 3 is 2.1903400170622764e-05, relational_score: 0.0032801186436253182
DEBUG: mse for device 0 is 1.1259519584392979e-05, relational_score: 0.0016875025014688738
DEBUG: mse for device 1 is 1.3928362293006862e-05, relational_score: 0.002087073371227488
DEBUG: mse for device 2 is 2.8535750102683384e-05, relational_score: 0.004271214820242286
DEBUG: mse for device 3 is 1.6366162807615516e-05, relational_score: 0.0024519135585029384
DEBUG: mse for device 0 is 0.00011427737908816172, relational_score: 0.01699552540158933
DEBUG: mse for device 1 is 9.799698991770388e-05, relational_score: 0.01459203755682692
DEBUG: mse for device 2 is 0.0001406247774942018, relational_score: 0.02087280022617355
DEBUG: mse for device 0 is 0.0001474500922791268, relational_score: 0.021874714962840547
DEBUG: mse for device 1 is 5.9119842739930114e-05, relational_score: 0.008828771882046449
DEBUG: mse for device 2 is 6.825782312129112e-05, relational_score: 0.010186436681474231
DEBUG: mse for device 0 is 8.089142123364572e-05, relational_score: 0.012060396521270889
DEBUG: mse for device 1 is 0.0001521629850438803, relational_score: 0.02256594054548111
DEBUG: mse for device 2 is 8.934740411328581e-05, relational_score: 0.013312702198692627
DEBUG: mse for device 0 is 1.5793294174512623e-05, relational_score: 0.002366190274131985
DEBUG: mse for device 1 is 3.762426720030911e-05, relational_score: 0.005627744660104184
DEBUG: mse for device 2 is 1.5186021027800403e-05, relational_score: 0.002275310701605693
DEBUG: mse for device 0 is 3.1339624728629064e-05, relational_score: 0.004689911567344884
DEBUG: mse for device 1 is 0.00011912787018611179, relational_score: 0.0177104734493575
DEBUG: mse for device 2 is 8.204019240196966e-05, relational_score: 0.01223061933469849
DEBUG: mse for device 0 is 3.51086921900328e-05, relational_score: 0.005252461161055821
DEBUG: mse for device 1 is 4.923047452497379e-05, relational_score: 0.007357372225048953
DEBUG: mse for device 2 is 0.00017726750403643013, relational_score: 0.026239720854063786
DEBUG: mse for device 3 is 1.4670521461095795e-05, relational_score: 0.002198158722004684
DEBUG: mse for device 0 is 1.1784411611389401e-05, relational_score: 0.0017661003478327553
DEBUG: mse for device 1 is 1.791159138893769e-05, relational_score: 0.002683132656126852
DEBUG: mse for device 2 is 7.046205632305172e-05, relational_score: 0.010513649572452488
DEBUG: mse for device 3 is 1.0029826994248162e-05, relational_score: 0.001503342895389892
DEBUG: mse for device 0 is 3.699549203205776e-05, relational_score: 0.005533954749892822
DEBUG: mse for device 1 is 5.517274544289109e-05, relational_score: 0.008241760733624148
DEBUG: mse for device 2 is 0.0002448863676456888, relational_score: 0.03606648553454672
DEBUG: mse for device 3 is 3.1890259113088104e-05, relational_score: 0.004772115966139023
DEBUG: mse for device 0 is 1.6072364077882057e-05, relational_score: 0.002407950835699002
DEBUG: mse for device 1 is 2.0094693414029135e-05, relational_score: 0.003009665859974975
DEBUG: mse for device 2 is 9.503901796300855e-05, relational_score: 0.014154719178312902
DEBUG: mse for device 3 is 2.0177384731328034e-05, relational_score: 0.0030220321498906078
DEBUG: mse for device 0 is 1.0606031357612002e-05, relational_score: 0.0015896398855776983
DEBUG: mse for device 1 is 1.2995871449180243e-05, relational_score: 0.0019474819088204365
DEBUG: mse for device 2 is 2.6777523911959275e-05, relational_score: 0.004008572723604442
DEBUG: mse for device 3 is 1.5175296818611429e-05, relational_score: 0.002273705729072706
DEBUG: mse for device 0 is 0.00011076782870453138, relational_score: 0.016477903607420408
DEBUG: mse for device 1 is 9.949832487328473e-05, relational_score: 0.014813926684074996
DEBUG: mse for device 2 is 0.0001397686350045233, relational_score: 0.02074705129214205
DEBUG: mse for device 0 is 0.00011482739057764045, relational_score: 0.017076621619540155
DEBUG: mse for device 1 is 6.670240876968145e-05, relational_score: 0.009955474206075232
DEBUG: mse for device 2 is 9.944402508983968e-05, relational_score: 0.014805902342830857
DEBUG: mse for device 0 is 6.130769532979293e-05, relational_score: 0.009153998993719381
DEBUG: mse for device 1 is 0.0001482672168079824, relational_score: 0.02199459514031754
DEBUG: mse for device 2 is 0.00010790593051044375, relational_score: 0.016055601953353427
DEBUG: mse for device 0 is 1.2001222183530606e-05, relational_score: 0.001798563969382827
DEBUG: mse for device 1 is 3.4591859152019034e-05, relational_score: 0.005175340412819973
DEBUG: mse for device 2 is 1.717841537326081e-05, relational_score: 0.002573445303652222
DEBUG: mse for device 0 is 2.673047226637928e-05, relational_score: 0.00400154324345281
DEBUG: mse for device 1 is 0.00012315018775553514, relational_score: 0.018302956757818234
DEBUG: mse for device 2 is 9.38450950319962e-05, relational_score: 0.013978149874943724
DEBUG: mse for device 0 is 3.3638217008664225e-05, relational_score: 0.005033024226064442
DEBUG: mse for device 1 is 5.325499589893012e-05, relational_score: 0.007956428109192615
DEBUG: mse for device 2 is 0.00018859280048957367, relational_score: 0.02789253513603951
DEBUG: mse for device 3 is 1.4307265041297305e-05, relational_score: 0.0021437885520649846
DEBUG: mse for device 0 is 1.234555915331888e-05, relational_score: 0.0018501202865736088
DEBUG: mse for device 1 is 2.1036780682035764e-05, relational_score: 0.0031505436908175755
DEBUG: mse for device 2 is 8.372323850351114e-05, relational_score: 0.012479957070658965
DEBUG: mse for device 3 is 1.0321505071994255e-05, relational_score: 0.001547027877573548
DEBUG: mse for device 0 is 3.685151112387487e-05, relational_score: 0.005512476899310892
DEBUG: mse for device 1 is 5.925517384172405e-05, relational_score: 0.008848892121983809
DEBUG: mse for device 2 is 0.0002612888265941166, relational_score: 0.038435202366105425
DEBUG: mse for device 3 is 3.231294276203413e-05, relational_score: 0.00483521394886488
DEBUG: mse for device 0 is 1.538739419582559e-05, relational_score: 0.0023054474936730074
DEBUG: mse for device 1 is 2.044498566767451e-05, relational_score: 0.003062050182377485
DEBUG: mse for device 2 is 9.446080198895414e-05, relational_score: 0.014069210746793348
DEBUG: mse for device 3 is 1.9336978992812828e-05, relational_score: 0.0028963443270962896
DEBUG: mse for device 0 is 9.925541772661827e-06, relational_score: 0.0014877235064539862
DEBUG: mse for device 1 is 1.2399244454028135e-05, relational_score: 0.001858158150676692
DEBUG: mse for device 2 is 2.6361158861649134e-05, relational_score: 0.0039463663779746305
DEBUG: mse for device 3 is 1.439157743581555e-05, relational_score: 0.002156408219251116
DEBUG: mse for device 0 is 0.00010507063712070005, relational_score: 0.01563704729812021
DEBUG: mse for device 1 is 0.00010201754263711648, relational_score: 0.015186141091446337
DEBUG: mse for device 2 is 0.000140972835079701, relational_score: 0.020923917789130275
DEBUG: mse for device 0 is 0.00011522065177303551, relational_score: 0.017134601752837653
DEBUG: mse for device 1 is 6.887127672861684e-05, relational_score: 0.01027751319621839
DEBUG: mse for device 2 is 0.00011019876242572353, relational_score: 0.01639394663526228
DEBUG: mse for device 0 is 6.040913583005505e-05, relational_score: 0.009020439880063624
DEBUG: mse for device 1 is 0.00015283554344314106, relational_score: 0.022664542794676112
DEBUG: mse for device 2 is 0.00010946446024294603, relational_score: 0.016285601057695498
DEBUG: mse for device 0 is 1.1632863887006735e-05, relational_score: 0.0017434080785275752
DEBUG: mse for device 1 is 3.3876883522944204e-05, relational_score: 0.005068643383467908
DEBUG: mse for device 2 is 1.6981659856515425e-05, relational_score: 0.002544007492672695
DEBUG: mse for device 0 is 2.7212917030060733e-05, relational_score: 0.004073617771537474
DEBUG: mse for device 1 is 0.00012960248412420558, relational_score: 0.019252627157158475
DEBUG: mse for device 2 is 9.586808430851875e-05, relational_score: 0.014277311227015588
DEBUG: mse for device 0 is 3.2443430853258365e-05, relational_score: 0.004854692331244803
DEBUG: mse for device 1 is 5.3374269354450535e-05, relational_score: 0.007974176620149542
DEBUG: mse for device 2 is 0.000187045460441282, relational_score: 0.027666881828128376
DEBUG: mse for device 3 is 1.377309109971605e-05, relational_score: 0.002063831030925889
DEBUG: mse for device 0 is 1.2637135895236944e-05, relational_score: 0.001893774925396774
DEBUG: mse for device 1 is 2.218342962590986e-05, relational_score: 0.003321984403163225
DEBUG: mse for device 2 is 8.942134660098219e-05, relational_score: 0.013323645855009114
DEBUG: mse for device 3 is 1.034430462719385e-05, relational_score: 0.0015504425142824907
DEBUG: mse for device 0 is 3.6160501009005813e-05, relational_score: 0.005409391416283715
DEBUG: mse for device 1 is 5.9468886284922873e-05, relational_score: 0.00888066481144123
DEBUG: mse for device 2 is 0.00026178442851356506, relational_score: 0.038506682713044915
DEBUG: mse for device 3 is 3.152091925299844e-05, relational_score: 0.004716977839683056
DEBUG: mse for device 0 is 1.7359379767670284e-05, relational_score: 0.0026005197400531532
DEBUG: mse for device 1 is 7.887710349120258e-05, relational_score: 0.011761847779877765
DEBUG: mse for device 2 is 0.0001116205390765209, relational_score: 0.01660369448641108
DEBUG: mse for device 3 is 2.412089209291192e-05, relational_score: 0.003611596254753713
DEBUG: mse for device 0 is 1.0351788066856008e-05, relational_score: 0.0015515632892063591
DEBUG: mse for device 1 is 1.475381410583392e-05, relational_score: 0.002210625077270545
DEBUG: mse for device 2 is 2.6873256381771138e-05, relational_score: 0.004022874928802045
DEBUG: mse for device 3 is 1.3596776581832921e-05, relational_score: 0.0020374380867415054
DEBUG: mse for device 0 is 0.00010615635095647679, relational_score: 0.015797344716557693
DEBUG: mse for device 1 is 0.00010380129001684938, relational_score: 0.01544960471448642
DEBUG: mse for device 2 is 0.00011744939048364011, relational_score: 0.01746312935867156
DEBUG: mse for device 0 is 0.00010640083482403584, relational_score: 0.01583343730549336
DEBUG: mse for device 1 is 7.093044752067637e-05, relational_score: 0.010583167134824323
DEBUG: mse for device 2 is 9.234662011815915e-05, relational_score: 0.013756495614089648
DEBUG: mse for device 0 is 6.074490367273888e-05, relational_score: 0.009070349483556783
DEBUG: mse for device 1 is 0.0001586152804521172, relational_score: 0.023511486894894795
DEBUG: mse for device 2 is 9.456726118307172e-05, relational_score: 0.014084954830677177
DEBUG: mse for device 0 is 1.1884734145916602e-05, relational_score: 0.0017811220380360426
DEBUG: mse for device 1 is 3.3790811946346813e-05, relational_score: 0.005055798003975931
DEBUG: mse for device 2 is 1.4834957994514734e-05, relational_score: 0.002222769679855685
DEBUG: mse for device 0 is 2.8757756399318806e-05, relational_score: 0.004304372977147919
DEBUG: mse for device 1 is 0.0001335310037825518, relational_score: 0.01983038970918649
DEBUG: mse for device 2 is 8.672511985284471e-05, relational_score: 0.012924519673677914
DEBUG: mse for device 0 is 2.9767848407222275e-05, relational_score: 0.004455223178189582
DEBUG: mse for device 1 is 5.255853233063706e-05, relational_score: 0.007852784364582699
DEBUG: mse for device 2 is 0.00018248019692516368, relational_score: 0.02700081025825385
DEBUG: mse for device 3 is 1.4304268458669022e-05, relational_score: 0.002143340028175844
DEBUG: mse for device 0 is 1.2264399315775993e-05, relational_score: 0.0018379687602954053
DEBUG: mse for device 1 is 2.3404101640670972e-05, relational_score: 0.003504460241122276
DEBUG: mse for device 2 is 9.53010259454036e-05, relational_score: 0.014193463316909627
DEBUG: mse for device 3 is 1.0910201511287368e-05, relational_score: 0.0016351918413038957
DEBUG: mse for device 0 is 3.348374622111106e-05, relational_score: 0.005009969959124172
DEBUG: mse for device 1 is 5.826432529820211e-05, relational_score: 0.008701569079395677
DEBUG: mse for device 2 is 0.00025493439628444553, relational_score: 0.03751823595137105
DEBUG: mse for device 3 is 3.080705275075977e-05, relational_score: 0.004610397251996412
DEBUG: mse for device 0 is 1.642759210061782e-05, relational_score: 0.002461105317207557
DEBUG: mse for device 1 is 8.494633852614762e-05, relational_score: 0.012661115820034596
DEBUG: mse for device 2 is 0.0001052149513170812, relational_score: 0.015658355699756488
DEBUG: mse for device 3 is 2.3535438469329256e-05, relational_score: 0.003524091532342899
DEBUG: mse for device 0 is 9.659883898554149e-06, relational_score: 0.0014479333163693875
DEBUG: mse for device 1 is 1.3939198087880893e-05, relational_score: 0.002088695346875613
DEBUG: mse for device 2 is 2.5141910789879793e-05, relational_score: 0.003764184248265745
DEBUG: mse for device 3 is 1.2859581275255604e-05, relational_score: 0.0019270779875655286
DEBUG: mse for device 0 is 0.00010535813284765584, relational_score: 0.015679496404219728
DEBUG: mse for device 1 is 0.0001011228388517282, relational_score: 0.015053964719121904
DEBUG: mse for device 2 is 0.00010941328594460876, relational_score: 0.016278049894594027
DEBUG: mse for device 0 is 0.00010623795756673811, relational_score: 0.015809392259196753
DEBUG: mse for device 1 is 7.224296238997936e-05, relational_score: 0.01077794160662704
DEBUG: mse for device 2 is 9.392289111241625e-05, relational_score: 0.01398965610308045
DEBUG: mse for device 0 is 6.085023154236054e-05, relational_score: 0.009086005236237593
DEBUG: mse for device 1 is 0.00015967871331338198, relational_score: 0.023667238968196558
DEBUG: mse for device 2 is 9.016418438336876e-05, relational_score: 0.013433580801334943
DEBUG: mse for device 0 is 1.1715151584879125e-05, relational_score: 0.0017557296380091847
DEBUG: mse for device 1 is 3.281112330133331e-05, relational_score: 0.004909576929836956
DEBUG: mse for device 2 is 1.395461022112802e-05, relational_score: 0.0020910023355082963
DEBUG: mse for device 0 is 2.9875584729666875e-05, relational_score: 0.0044713114981546065
DEBUG: mse for device 1 is 0.00013885395087769202, relational_score: 0.02061268600546784
DEBUG: mse for device 2 is 8.566182262278626e-05, relational_score: 0.01276707392452614
DEBUG: mse for device 0 is 2.809802975957275e-05, relational_score: 0.004205835062087826
DEBUG: mse for device 1 is 5.0359422420917266e-05, relational_score: 0.007525454263864972
DEBUG: mse for device 2 is 0.0001740069377035856, relational_score: 0.02576335287398801
DEBUG: mse for device 3 is 1.4227513796382497e-05, relational_score: 0.0021318514393988686
DEBUG: mse for device 0 is 1.1555777496146246e-05, relational_score: 0.0017318652121192102
DEBUG: mse for device 1 is 2.3068954284067284e-05, relational_score: 0.0034543630549848103
DEBUG: mse for device 2 is 9.332645759208416e-05, relational_score: 0.0139014387138795
DEBUG: mse for device 3 is 1.1472838070362844e-05, relational_score: 0.0017194457669832408
DEBUG: mse for device 0 is 3.0638280646295313e-05, relational_score: 0.004585197833323229
DEBUG: mse for device 1 is 5.542083484663255e-05, relational_score: 0.008278666753455788
DEBUG: mse for device 2 is 0.00023912195521690798, relational_score: 0.035232648543278344
DEBUG: mse for device 3 is 3.057631327742727e-05, relational_score: 0.0045759453048882515
DEBUG: mse for device 0 is 1.701167096715311e-05, relational_score: 0.002548497696888141
DEBUG: mse for device 1 is 9.383576012321573e-05, relational_score: 0.013976769210373163
DEBUG: mse for device 2 is 9.815610167961107e-05, relational_score: 0.014615555775739142
DEBUG: mse for device 3 is 2.530283601512946e-05, relational_score: 0.003788231878982029
DEBUG: mse for device 0 is 9.395613835640343e-06, relational_score: 0.0014083494191888812
DEBUG: mse for device 1 is 1.3743800267939358e-05, relational_score: 0.002059446464226511
DEBUG: mse for device 2 is 2.336830405321351e-05, relational_score: 0.0034991094063210326
DEBUG: mse for device 3 is 1.3570136611711874e-05, relational_score: 0.0020334502248491315
DEBUG: mse for device 0 is 9.951457881088562e-05, relational_score: 0.014816328654090993
DEBUG: mse for device 1 is 9.683191744665377e-05, relational_score: 0.014419811754630252
DEBUG: mse for device 2 is 0.00010096716375352824, relational_score: 0.015030964714968786
DEBUG: mse for device 0 is 9.793205929269922e-05, relational_score: 0.014582440036856159
DEBUG: mse for device 1 is 7.033110471275572e-05, relational_score: 0.010494213156917676
DEBUG: mse for device 2 is 9.477145810217779e-05, relational_score: 0.014115152490413285
DEBUG: mse for device 0 is 5.514408567308754e-05, relational_score: 0.008237497190033971
DEBUG: mse for device 1 is 0.00015143700360671712, relational_score: 0.022459494902286936
DEBUG: mse for device 2 is 8.656841117557466e-05, relational_score: 0.012901316907040217
DEBUG: mse for device 0 is 1.0706915435796429e-05, relational_score: 0.0016047483275868357
DEBUG: mse for device 1 is 3.003943245557988e-05, relational_score: 0.004495778464242983
DEBUG: mse for device 2 is 1.2963527668044534e-05, relational_score: 0.0019426397782433824
DEBUG: mse for device 0 is 2.8017666709320113e-05, relational_score: 0.004193831231260492
DEBUG: mse for device 1 is 0.00012724923806380054, relational_score: 0.018906375065816716
DEBUG: mse for device 2 is 7.871586286244429e-05, relational_score: 0.011737945869677913
DEBUG: mse for device 0 is 2.78589027686678e-05, relational_score: 0.0041701162321581275
DEBUG: mse for device 1 is 4.589230409873539e-05, relational_score: 0.006860206223994192
DEBUG: mse for device 2 is 0.0001715024761271206, relational_score: 0.025397293382281583
DEBUG: mse for device 3 is 1.434749001347209e-05, relational_score: 0.0021498093446520317
DEBUG: mse for device 0 is 1.2540404249820347e-05, relational_score: 0.0018792925517113757
DEBUG: mse for device 1 is 2.2558072476580852e-05, relational_score: 0.003377992573363686
DEBUG: mse for device 2 is 9.995927221052423e-05, relational_score: 0.014882042163801179
DEBUG: mse for device 3 is 1.1993927781699672e-05, relational_score: 0.0017974717764279724
DEBUG: mse for device 0 is 3.1285140954725617e-05, relational_score: 0.004681777296632661
DEBUG: mse for device 1 is 5.3122802205647725e-05, relational_score: 0.007936756628609931
DEBUG: mse for device 2 is 0.0002428553665906361, relational_score: 0.03577277830010861
DEBUG: mse for device 3 is 3.105965325243802e-05, relational_score: 0.004648111924438925
DEBUG: mse for device 0 is 1.645752674163703e-05, relational_score: 0.0024655844524587023
DEBUG: mse for device 1 is 9.601982865095322e-05, relational_score: 0.014299747647854244
DEBUG: mse for device 2 is 9.549520010768363e-05, relational_score: 0.01422217562253314
DEBUG: mse for device 3 is 2.599724319406878e-05, relational_score: 0.003891992965484037
DEBUG: mse for device 0 is 1.3567438306512827e-05, relational_score: 0.002033046302017838
DEBUG: mse for device 1 is 6.885315303407986e-05, relational_score: 0.01027482257835699
DEBUG: mse for device 2 is 3.378745700099178e-05, relational_score: 0.005055297306335582
DEBUG: mse for device 3 is 1.9052073230499996e-05, relational_score: 0.0028537313299824563
DEBUG: mse for device 0 is 0.00011852146563156793, relational_score: 0.017621119659161022
DEBUG: mse for device 1 is 0.0001297335546051436, relational_score: 0.019271909022087197
DEBUG: mse for device 2 is 0.00010909003821205128, relational_score: 0.016230350854732123
DEBUG: mse for device 0 is 0.00010821863884792927, relational_score: 0.016101754013468583
DEBUG: mse for device 1 is 8.995907344264473e-05, relational_score: 0.01340322699944585
DEBUG: mse for device 2 is 0.00010207838976169885, relational_score: 0.015195129514161798
DEBUG: mse for device 0 is 6.493482197364486e-05, relational_score: 0.00969294095914841
DEBUG: mse for device 1 is 0.00018711337263965864, relational_score: 0.02767678676961971
DEBUG: mse for device 2 is 9.314314548871863e-05, relational_score: 0.013874323770884711
DEBUG: mse for device 0 is 1.2370683393772908e-05, relational_score: 0.0018538819431235254
DEBUG: mse for device 1 is 3.6048504299500127e-05, relational_score: 0.005392682644614566
DEBUG: mse for device 2 is 1.4262529528858704e-05, relational_score: 0.0021370925882551184
DEBUG: mse for device 0 is 3.217054218873556e-05, relational_score: 0.004813956916430606
DEBUG: mse for device 1 is 0.00015202526447616362, relational_score: 0.022545748420880418
DEBUG: mse for device 2 is 8.562476584823378e-05, relational_score: 0.01276158635907887
DEBUG: mse for device 0 is 2.581695727205456e-05, relational_score: 0.003865054963673953
DEBUG: mse for device 1 is 4.988930977525304e-05, relational_score: 0.007455465571033715
DEBUG: mse for device 2 is 0.0001659791447389153, relational_score: 0.02458950074243116
DEBUG: mse for device 3 is 1.3903490827403691e-05, relational_score: 0.0020833504307283812
DEBUG: mse for device 0 is 1.2103352599155081e-05, relational_score: 0.0018138558613808309
DEBUG: mse for device 1 is 2.5991164569709e-05, relational_score: 0.0038910847201104604
DEBUG: mse for device 2 is 0.00010492277668719658, relational_score: 0.015615214806072308
DEBUG: mse for device 3 is 1.2404456757730512e-05, relational_score: 0.0018589385431343475
DEBUG: mse for device 0 is 2.887582245594081e-05, relational_score: 0.004322006499445141
DEBUG: mse for device 1 is 5.671105746977246e-05, relational_score: 0.008470579377106824
DEBUG: mse for device 2 is 0.00023583028632848989, relational_score: 0.034756176722595344
DEBUG: mse for device 3 is 3.013694868857487e-05, relational_score: 0.0045103400309857156
DEBUG: mse for device 0 is 1.6457250304310758e-05, relational_score: 0.0024655430890957453
DEBUG: mse for device 1 is 0.00010338875367104153, relational_score: 0.015388678406081935
DEBUG: mse for device 2 is 9.081256028462159e-05, relational_score: 0.013529526019295912
DEBUG: mse for device 3 is 2.6301066261222144e-05, relational_score: 0.003937388019558341
DEBUG: mse for device 0 is 1.650392946739804e-05, relational_score: 0.002472527675683067
DEBUG: mse for device 1 is 7.205618040020401e-05, relational_score: 0.010750225888709553
DEBUG: mse for device 2 is 3.507645132165433e-05, relational_score: 0.005247650420752814
DEBUG: mse for device 3 is 2.352845430028382e-05, relational_score: 0.0035230475983669685
DEBUG: mse for device 0 is 0.00012323767577535082, relational_score: 0.01831583968284134
DEBUG: mse for device 1 is 0.00012463085863224859, relational_score: 0.01852096807994863
DEBUG: mse for device 2 is 0.00010452320573739258, relational_score: 0.01555621330340462
DEBUG: mse for device 0 is 0.0001083134465277422, relational_score: 0.01611574608045785
DEBUG: mse for device 1 is 9.366084455534641e-05, relational_score: 0.013950898248980215
DEBUG: mse for device 2 is 9.498778482571169e-05, relational_score: 0.014147142957207537
DEBUG: mse for device 0 is 6.354662715106542e-05, relational_score: 0.00948670861827483
DEBUG: mse for device 1 is 0.000183900162071674, relational_score: 0.027208031929456533
DEBUG: mse for device 2 is 8.859491198741283e-05, relational_score: 0.013201324749667731
DEBUG: mse for device 0 is 1.1898099105122673e-05, relational_score: 0.0017831232092175853
DEBUG: mse for device 1 is 3.4531982292520895e-05, relational_score: 0.005166405326239576
DEBUG: mse for device 2 is 1.3435204442560867e-05, relational_score: 0.0020132513517437944
DEBUG: mse for device 0 is 3.0086368667318797e-05, relational_score: 0.004502787219109905
DEBUG: mse for device 1 is 0.00012474731550306975, relational_score: 0.01853811292672558
DEBUG: mse for device 2 is 6.804084157695097e-05, relational_score: 0.010154220465866115
DEBUG: mse for device 0 is 2.568576986337663e-05, relational_score: 0.0038454527164870633
DEBUG: mse for device 1 is 3.500242667484615e-05, relational_score: 0.005236604930729083
DEBUG: mse for device 2 is 0.00014582201983117738, relational_score: 0.021635816969202915
DEBUG: mse for device 3 is 1.3710416990669244e-05, relational_score: 0.002054449272785086
DEBUG: mse for device 0 is 1.5393565415643596e-05, relational_score: 0.002306371042104738
DEBUG: mse for device 1 is 1.9144628684467765e-05, relational_score: 0.0028675749327200517
DEBUG: mse for device 2 is 0.00010038568632121067, relational_score: 0.014945050378397107
DEBUG: mse for device 3 is 1.2695596316442227e-05, relational_score: 0.001902527343570215
DEBUG: mse for device 0 is 3.249446575834119e-05, relational_score: 0.00486231037403384
DEBUG: mse for device 1 is 4.330835660643359e-05, relational_score: 0.00647519845387956
DEBUG: mse for device 2 is 0.00022340343250797125, relational_score: 0.03295525717780323
DEBUG: mse for device 3 is 3.0054056631311925e-05, relational_score: 0.004497962226149399
DEBUG: mse for device 0 is 1.751971083273934e-05, relational_score: 0.002624506569759877
DEBUG: mse for device 1 is 9.713991112223326e-05, relational_score: 0.01446534357257212
DEBUG: mse for device 2 is 8.662342954218989e-05, relational_score: 0.01290946315701047
DEBUG: mse for device 3 is 2.841344098509561e-05, relational_score: 0.004252946646304601
DEBUG: mse for device 0 is 1.6680810174321263e-05, relational_score: 0.0024989938292521163
DEBUG: mse for device 1 is 7.4527133628547e-05, relational_score: 0.011116816435852384
DEBUG: mse for device 2 is 3.688301417417856e-05, relational_score: 0.005517176296777393
DEBUG: mse for device 3 is 2.565409101019647e-05, relational_score: 0.003840719150193239
DEBUG: mse for device 0 is 0.00012485079777757618, relational_score: 0.01855334739475034
DEBUG: mse for device 1 is 0.00010999941691625288, relational_score: 0.016364534578053425
DEBUG: mse for device 2 is 0.00010778892090068387, relational_score: 0.016038332159292845
DEBUG: mse for device 0 is 0.0001044308093926576, relational_score: 0.015542569357732794
DEBUG: mse for device 1 is 8.907834324337584e-05, relational_score: 0.013272879553693051
DEBUG: mse for device 2 is 9.76509600241748e-05, relational_score: 0.014540889137573232
DEBUG: mse for device 0 is 6.250876814917734e-05, relational_score: 0.009332494644266665
DEBUG: mse for device 1 is 0.00016960761097103478, relational_score: 0.025120242904679957
DEBUG: mse for device 2 is 8.883036037474768e-05, relational_score: 0.013236175157760433
DEBUG: mse for device 0 is 1.1122939685090085e-05, relational_score: 0.0016670498789062016
DEBUG: mse for device 1 is 3.123975144833799e-05, relational_score: 0.004675000723139755
DEBUG: mse for device 2 is 1.2491747155951915e-05, relational_score: 0.0018720076771837624
DEBUG: mse for device 0 is 3.148777284449648e-05, relational_score: 0.004712029318736932
DEBUG: mse for device 1 is 0.00011537531153312094, relational_score: 0.017157402947358014
DEBUG: mse for device 2 is 6.517974137737236e-05, relational_score: 0.009729322103021798
DEBUG: mse for device 0 is 2.228352738827328e-05, relational_score: 0.0033369490766919085
DEBUG: mse for device 1 is 2.6597500046912666e-05, relational_score: 0.003981677026522301
DEBUG: mse for device 2 is 0.00012745310060124137, relational_score: 0.01893637584248875
DEBUG: mse for device 3 is 1.549694496084345e-05, relational_score: 0.002321842089191728
DEBUG: mse for device 0 is 1.302146279510333e-05, relational_score: 0.0019513131275529227
DEBUG: mse for device 1 is 1.5337200542816378e-05, relational_score: 0.0022979357752683782
DEBUG: mse for device 2 is 8.885310326541666e-05, relational_score: 0.01323954143128625
DEBUG: mse for device 3 is 1.3740154740879531e-05, relational_score: 0.0020589007611834242
DEBUG: mse for device 0 is 2.797462360017192e-05, relational_score: 0.004187401821462933
DEBUG: mse for device 1 is 3.743853128299876e-05, relational_score: 0.005600040677735119
DEBUG: mse for device 2 is 0.00020150691048759423, relational_score: 0.02977379784492118
DEBUG: mse for device 3 is 3.056479545186222e-05, relational_score: 0.00457422553530884
DEBUG: mse for device 0 is 1.579594803535063e-05, relational_score: 0.0023665874112477336
DEBUG: mse for device 1 is 9.237958991617966e-05, relational_score: 0.013761373039399838
DEBUG: mse for device 2 is 7.475280830807385e-05, relational_score: 0.011150290753607295
DEBUG: mse for device 3 is 2.72667938989326e-05, relational_score: 0.004081666348280222
DEBUG: mse for device 0 is 1.5835585439193522e-05, relational_score: 0.0023725189333837493
DEBUG: mse for device 1 is 7.725428871274711e-05, relational_score: 0.011521259377076154
DEBUG: mse for device 2 is 3.349113312947899e-05, relational_score: 0.005011072443540154
DEBUG: mse for device 3 is 2.50211141084853e-05, relational_score: 0.003746132787660117
DEBUG: mse for device 0 is 0.00017552630286541058, relational_score: 0.025985360757851184
DEBUG: mse for device 1 is 0.00012676085193223554, relational_score: 0.018834499555095974
DEBUG: mse for device 2 is 0.00011265012062057147, relational_score: 0.01675555576258836
DEBUG: mse for device 0 is 0.00013144464865537183, relational_score: 0.019523594421605894
DEBUG: mse for device 1 is 0.00010154004546336892, relational_score: 0.01511560169015469
DEBUG: mse for device 2 is 0.00010282400054479032, relational_score: 0.01530526552475353
DEBUG: mse for device 0 is 8.036001435314856e-05, relational_score: 0.011981643697157485
DEBUG: mse for device 1 is 0.00018848919164207237, relational_score: 0.02787742717852859
DEBUG: mse for device 2 is 8.363133456531202e-05, relational_score: 0.012466343429673787
DEBUG: mse for device 0 is 1.248952395435757e-05, relational_score: 0.00187167482116668
DEBUG: mse for device 1 is 3.161775904804805e-05, relational_score: 0.004731435185261645
DEBUG: mse for device 2 is 1.159331046927051e-05, relational_score: 0.0017374853919596145
DEBUG: mse for device 0 is 3.3732750246327115e-05, relational_score: 0.005047132743473126
DEBUG: mse for device 1 is 0.00011154119921835939, relational_score: 0.01659199103826059
DEBUG: mse for device 2 is 5.80959021570173e-05, relational_score: 0.00867652512371031
DEBUG: mse for device 0 is 2.95724780239255e-05, relational_score: 0.004426047755995199
DEBUG: mse for device 1 is 3.9259680637003516e-05, relational_score: 0.005871646205010128
DEBUG: mse for device 2 is 0.0001800615813980545, relational_score: 0.026647749576046542
DEBUG: mse for device 3 is 1.6181135541346033e-05, relational_score: 0.0024242271349880218
DEBUG: mse for device 0 is 1.6575947757367232e-05, relational_score: 0.002483303650891
DEBUG: mse for device 1 is 1.94767122240556e-05, relational_score: 0.002917243385427204
DEBUG: mse for device 2 is 0.00010980864105854715, relational_score: 0.016336386090363586
DEBUG: mse for device 3 is 1.3217325481300471e-05, relational_score: 0.0019806347713395844
DEBUG: mse for device 0 is 2.8028281074542198e-05, relational_score: 0.00419541670755319
DEBUG: mse for device 1 is 3.237408210390779e-05, relational_score: 0.004844340465026908
DEBUG: mse for device 2 is 0.00018486063013220584, relational_score: 0.02734817217642782
DEBUG: mse for device 3 is 3.339009205689375e-05, relational_score: 0.0049959921169929755
DEBUG: mse for device 0 is 1.6893703102806437e-05, relational_score: 0.0025308474571991146
DEBUG: mse for device 1 is 9.532358592956096e-05, relational_score: 0.014196799278242689
DEBUG: mse for device 2 is 6.615221685382662e-05, relational_score: 0.009873763660221302
DEBUG: mse for device 3 is 2.744048805295285e-05, relational_score: 0.004107613789125386
DEBUG: mse for device 0 is 1.7369660252870483e-05, relational_score: 0.0026020578014566142
DEBUG: mse for device 1 is 7.815141849830367e-05, relational_score: 0.011654269485416036
DEBUG: mse for device 2 is 3.114844940270827e-05, relational_score: 0.004661369348521904
DEBUG: mse for device 3 is 2.9572162157571747e-05, relational_score: 0.0044260005857469364
DEBUG: mse for device 0 is 0.00017176379727662538, relational_score: 0.02543549527849498
DEBUG: mse for device 1 is 0.0001246141358237816, relational_score: 0.01851850611398098
DEBUG: mse for device 2 is 9.926947720633573e-05, relational_score: 0.014780107473461368
DEBUG: mse for device 0 is 0.00012324856896265, relational_score: 0.018317443731944882
DEBUG: mse for device 1 is 9.7732517716041e-05, relational_score: 0.014552944829407055
DEBUG: mse for device 2 is 9.29422609532166e-05, relational_score: 0.013844608713427409
DEBUG: mse for device 0 is 7.785324061608257e-05, relational_score: 0.011610063071296195
DEBUG: mse for device 1 is 0.00018213790735268525, relational_score: 0.02695085185424495
DEBUG: mse for device 2 is 8.117038335747381e-05, relational_score: 0.012101735315868112
DEBUG: mse for device 0 is 1.2691962315330752e-05, relational_score: 0.001901983280323205
DEBUG: mse for device 1 is 3.0996698782293476e-05, relational_score: 0.004638712602451189
DEBUG: mse for device 2 is 1.1238140554007667e-05, relational_score: 0.0016843010533529323
DEBUG: mse for device 0 is 3.186211605283458e-05, relational_score: 0.004767914643525217
DEBUG: mse for device 1 is 0.00010486336411626309, relational_score: 0.015606442042349955
DEBUG: mse for device 2 is 5.5504908298638426e-05, relational_score: 0.008291173289982523
DEBUG: mse for device 0 is 2.9603527126025153e-05, relational_score: 0.004430684496791293
DEBUG: mse for device 1 is 3.443230397887807e-05, relational_score: 0.005151530714778252
DEBUG: mse for device 2 is 0.00016854005159986713, relational_score: 0.024964119101589022
DEBUG: mse for device 3 is 1.5463350179508892e-05, relational_score: 0.002316814559590763
DEBUG: mse for device 0 is 1.7160597139176547e-05, relational_score: 0.002570779443114568
DEBUG: mse for device 1 is 1.7818414501977126e-05, relational_score: 0.002669193526564806
DEBUG: mse for device 2 is 0.00010614479466824072, relational_score: 0.01579563865564393
DEBUG: mse for device 3 is 1.2944570461729983e-05, relational_score: 0.0019398017173145599
DEBUG: mse for device 0 is 2.6859545507826517e-05, relational_score: 0.0040208265691735745
DEBUG: mse for device 1 is 2.8557964231220423e-05, relational_score: 0.004274532701797784
DEBUG: mse for device 2 is 0.0001725099082419124, relational_score: 0.025544559164851877
DEBUG: mse for device 3 is 3.156810534417778e-05, relational_score: 0.004724022342067702
DEBUG: mse for device 0 is 1.578286607910127e-05, relational_score: 0.0023646297598285404
DEBUG: mse for device 1 is 9.096955263598256e-05, relational_score: 0.0135527559936639
DEBUG: mse for device 2 is 6.0411888619066603e-05, relational_score: 0.009020849073625659
DEBUG: mse for device 3 is 2.753663264770499e-05, relational_score: 0.0041219761360438145
DEBUG: mse for device 0 is 1.6557998056789254e-05, relational_score: 0.002480617878372171
DEBUG: mse for device 1 is 7.57114512734164e-05, relational_score: 0.011292473603300657
DEBUG: mse for device 2 is 2.937266672823867e-05, relational_score: 0.004396208270624924
DEBUG: mse for device 3 is 3.008681038426181e-05, relational_score: 0.004502853178305566
DEBUG: mse for device 0 is 0.0001678999592851482, relational_score: 0.02487049766109295
DEBUG: mse for device 1 is 0.00010967510947184531, relational_score: 0.01631668336857217
DEBUG: mse for device 2 is 9.646993851164713e-05, relational_score: 0.01436629641175069
DEBUG: mse for device 0 is 0.0001147032450851015, relational_score: 0.017058317623073194
DEBUG: mse for device 1 is 8.508344418163503e-05, relational_score: 0.012681421072972099
DEBUG: mse for device 2 is 8.549123960062174e-05, relational_score: 0.012741812824927368
DEBUG: mse for device 0 is 7.272629651879508e-05, relational_score: 0.010849657724151918
DEBUG: mse for device 1 is 0.00016720819282406256, relational_score: 0.024769308128479328
DEBUG: mse for device 2 is 7.45524911774084e-05, relational_score: 0.0111205777767458
DEBUG: mse for device 0 is 1.2265836091693196e-05, relational_score: 0.0018381838805473505
DEBUG: mse for device 1 is 2.8790568366913796e-05, relational_score: 0.0043092735749852284
DEBUG: mse for device 2 is 1.0912645947229336e-05, relational_score: 0.0016355579070598258
DEBUG: mse for device 0 is 3.218322222481018e-05, relational_score: 0.004815849763869617
DEBUG: mse for device 1 is 0.00010747444825931546, relational_score: 0.015991916710868637
DEBUG: mse for device 2 is 5.691649990059866e-05, relational_score: 0.008501134238470875
DEBUG: mse for device 0 is 2.806782607437246e-05, relational_score: 0.004201323553845726
DEBUG: mse for device 1 is 3.7382202742414744e-05, relational_score: 0.005591638677469923
DEBUG: mse for device 2 is 0.00017157366819456487, relational_score: 0.0254077009239545
DEBUG: mse for device 3 is 1.5830097249132987e-05, relational_score: 0.0023716976576617643
DEBUG: mse for device 0 is 1.1862329008893274e-05, relational_score: 0.001777767247787665
DEBUG: mse for device 1 is 1.6541596498148076e-05, relational_score: 0.0024781637444570848
DEBUG: mse for device 2 is 9.614910929123443e-05, relational_score: 0.014318862256479936
DEBUG: mse for device 3 is 1.6009527581525046e-05, relational_score: 0.0023985480130115366
DEBUG: mse for device 0 is 1.9437069815391597e-05, relational_score: 0.0029113143534826857
DEBUG: mse for device 1 is 2.5488741073252484e-05, relational_score: 0.003816011612649106
DEBUG: mse for device 2 is 0.00014011874880149366, relational_score: 0.020798477436965057
DEBUG: mse for device 3 is 3.186273670624007e-05, relational_score: 0.004768007297648369
DEBUG: mse for device 0 is 1.358790209690788e-05, relational_score: 0.0020361096253005417
DEBUG: mse for device 1 is 8.864865860462297e-05, relational_score: 0.013209280281198277
DEBUG: mse for device 2 is 5.1207151054950415e-05, relational_score: 0.007651648603948735
DEBUG: mse for device 3 is 2.892279902893091e-05, relational_score: 0.004329022505716429
DEBUG: mse for device 0 is 1.5967736109043984e-05, relational_score: 0.002392294308366072
DEBUG: mse for device 1 is 7.82845080951064e-05, relational_score: 0.011674000068686574
DEBUG: mse for device 2 is 2.6052489282927766e-05, relational_score: 0.0039002475920018043
DEBUG: mse for device 3 is 3.062246756764062e-05, relational_score: 0.004582836744638885
DEBUG: mse for device 0 is 0.0001539263461232382, relational_score: 0.022824441733366063
DEBUG: mse for device 1 is 0.00010474162917795884, relational_score: 0.015588466614875895
DEBUG: mse for device 2 is 8.163527395375164e-05, relational_score: 0.012170622605960801
DEBUG: mse for device 0 is 0.00010395205618738844, relational_score: 0.01547186999664163
DEBUG: mse for device 1 is 8.099354839000523e-05, relational_score: 0.012075530724703354
DEBUG: mse for device 2 is 7.617777756864414e-05, relational_score: 0.011361630232233022
DEBUG: mse for device 0 is 7.34084576677239e-05, relational_score: 0.01095086653610211
DEBUG: mse for device 1 is 0.0001696988663029913, relational_score: 0.025133587259726697
DEBUG: mse for device 2 is 7.47692187544196e-05, relational_score: 0.011152724870375996
DEBUG: mse for device 0 is 1.1497403306767086e-05, relational_score: 0.0017231242098779687
DEBUG: mse for device 1 is 2.8118698297830103e-05, relational_score: 0.004208922298771345
DEBUG: mse for device 2 is 1.013551548118291e-05, relational_score: 0.0015191722100511562
DEBUG: mse for device 0 is 3.0761176821846796e-05, relational_score: 0.0046035475650303415
DEBUG: mse for device 1 is 9.792550058609126e-05, relational_score: 0.014581470576679911
DEBUG: mse for device 2 is 4.962442897059649e-05, relational_score: 0.007416028888346804
DEBUG: mse for device 0 is 2.836474688894592e-05, relational_score: 0.004245673569329478
DEBUG: mse for device 1 is 3.225925906560453e-05, relational_score: 0.004827200297958911
DEBUG: mse for device 2 is 0.00016201809963960385, relational_score: 0.02400978179083202
DEBUG: mse for device 3 is 1.5679093344957273e-05, relational_score: 0.002349100536458315
DEBUG: mse for device 0 is 1.3237592343937322e-05, relational_score: 0.0019836687749354986
DEBUG: mse for device 1 is 1.5234223565835551e-05, relational_score: 0.002282524604868774
DEBUG: mse for device 2 is 9.228721324468522e-05, relational_score: 0.01374770712847051
DEBUG: mse for device 3 is 1.4458217641947726e-05, relational_score: 0.002166382644795295
DEBUG: mse for device 0 is 1.9801753449220185e-05, relational_score: 0.002965856150451196
DEBUG: mse for device 1 is 2.2409817972465418e-05, relational_score: 0.0033558292717036364
DEBUG: mse for device 2 is 0.00013127178151090853, relational_score: 0.019498170268515413
DEBUG: mse for device 3 is 2.9509826771547774e-05, relational_score: 0.00441669161879088
DEBUG: mse for device 0 is 1.3544942254483937e-05, relational_score: 0.002029678748859065
DEBUG: mse for device 1 is 9.035269113210775e-05, relational_score: 0.01346147657115726
DEBUG: mse for device 2 is 5.223215942339095e-05, relational_score: 0.007804211679954376
DEBUG: mse for device 3 is 2.7894238897370288e-05, relational_score: 0.0041753945341103105
DEBUG: mse for device 0 is 1.603798806853661e-05, relational_score: 0.00240280683739591
DEBUG: mse for device 1 is 8.189915256478356e-05, relational_score: 0.012209721888752356
DEBUG: mse for device 2 is 2.7671513891384412e-05, relational_score: 0.004142124722180007
DEBUG: mse for device 3 is 2.9699864067922262e-05, relational_score: 0.004445070908340676
DEBUG: mse for device 0 is 0.00015502247473676652, relational_score: 0.022985095039231296
DEBUG: mse for device 1 is 0.00010227958395583878, relational_score: 0.01522484961904147
DEBUG: mse for device 2 is 8.352065062035014e-05, relational_score: 0.012449947675434392
DEBUG: mse for device 0 is 0.00010423747268394721, relational_score: 0.01551401917982409
DEBUG: mse for device 1 is 8.059470409545278e-05, relational_score: 0.012016424750962096
DEBUG: mse for device 2 is 8.293461370169873e-05, relational_score: 0.012363132741281757
DEBUG: mse for device 0 is 7.18307647361424e-05, relational_score: 0.010716776463997824
DEBUG: mse for device 1 is 0.00017083310007162726, relational_score: 0.025299432112100062
DEBUG: mse for device 2 is 7.604686634664045e-05, relational_score: 0.011342216463056776
DEBUG: mse for device 0 is 1.1965388248128301e-05, relational_score: 0.0017931985320963628
DEBUG: mse for device 1 is 2.8804890338245987e-05, relational_score: 0.004311412610793486
DEBUG: mse for device 2 is 1.047401065369262e-05, relational_score: 0.0015698680640251483
DEBUG: mse for device 0 is 3.1517541350143894e-05, relational_score: 0.004716473544151056
DEBUG: mse for device 1 is 9.930610083613401e-05, relational_score: 0.014785519807887004
DEBUG: mse for device 2 is 4.952105280079683e-05, relational_score: 0.0074006373396424685
DEBUG: mse for device 0 is 2.84637779515803e-05, relational_score: 0.004260465050828333
DEBUG: mse for device 1 is 3.3625211892149725e-05, relational_score: 0.005031083274954162
DEBUG: mse for device 2 is 0.00016502829202291974, relational_score: 0.02445037006234363
DEBUG: mse for device 3 is 1.5502633579543178e-05, relational_score: 0.0023226934004223487
DEBUG: mse for device 0 is 1.3681485961274112e-05, relational_score: 0.0020501185245787035
DEBUG: mse for device 1 is 1.5720372365207464e-05, relational_score: 0.002355277825086044
DEBUG: mse for device 2 is 9.280348591570971e-05, relational_score: 0.013824080437055186
DEBUG: mse for device 3 is 1.400413562902905e-05, relational_score: 0.0020984155854960607
DEBUG: mse for device 0 is 2.1049645157415536e-05, relational_score: 0.0031524672807548004
DEBUG: mse for device 1 is 2.526291434283043e-05, relational_score: 0.003782266295158321
DEBUG: mse for device 2 is 0.0001379824242793832, relational_score: 0.020484643322076
DEBUG: mse for device 3 is 3.0125020228737797e-05, relational_score: 0.004508558830628173
DEBUG: mse for device 0 is 1.5004136646625678e-05, relational_score: 0.0022480897496230945
DEBUG: mse for device 1 is 0.00010271555284373186, relational_score: 0.015289247212437962
DEBUG: mse for device 2 is 5.3101797041715247e-05, relational_score: 0.00793363085602694
DEBUG: mse for device 3 is 2.9314570231892396e-05, relational_score: 0.004387532069013433
DEBUG: mse for device 0 is 1.7313567502372876e-05, relational_score: 0.002593665747063878
DEBUG: mse for device 1 is 9.289391286779014e-05, relational_score: 0.013837456878728838
DEBUG: mse for device 2 is 2.7808666037222267e-05, relational_score: 0.00416261211811908
DEBUG: mse for device 3 is 3.0978844395679165e-05, relational_score: 0.0046360468640945784
DEBUG: mse for device 0 is 0.0001746895421260546, relational_score: 0.025863100503866865
DEBUG: mse for device 1 is 0.00011223234077347211, relational_score: 0.016693936874837556
DEBUG: mse for device 2 is 8.549540697812929e-05, relational_score: 0.012742429966368984
DEBUG: mse for device 0 is 0.00010905872719499991, relational_score: 0.016225730419643036
DEBUG: mse for device 1 is 8.55193454791664e-05, relational_score: 0.012745974979958885
DEBUG: mse for device 2 is 7.945310501243047e-05, relational_score: 0.01184722809323746
DEBUG: mse for device 0 is 8.000217296727486e-05, relational_score: 0.011928609195141604
DEBUG: mse for device 1 is 0.00018353911176873726, relational_score: 0.027155346477597098
DEBUG: mse for device 2 is 7.502776726300724e-05, relational_score: 0.011191073874971202
DEBUG: mse for device 0 is 1.2310162338784003e-05, relational_score: 0.0018448205735785983
DEBUG: mse for device 1 is 2.9214955263308144e-05, relational_score: 0.004372655272160131
DEBUG: mse for device 2 is 1.0582643009555782e-05, relational_score: 0.0015861372040827382
DEBUG: mse for device 0 is 3.422457818379415e-05, relational_score: 0.005120531878445855
DEBUG: mse for device 1 is 0.00010240476683818348, relational_score: 0.015243340994198551
DEBUG: mse for device 2 is 5.068608125401074e-05, relational_score: 0.007574083159023637
Confusion Matrix extraction complete.
